USE [grubal]
GO
INSERT [DOCUMENTO].[COTIZACION] ([id_documento], [id_proyecto], [id_encargado], [id_aprobado_por], [enviar_a], [fecha_aprobacion], [fecha_creacion], [fecha_envio], [valor_total], [notas], [path_archivo]) VALUES (1, 1, 5, 2, 23, CAST(N'2019-05-07T00:00:00.000' AS DateTime), CAST(N'2019-05-07T00:00:00.000' AS DateTime), CAST(N'2019-05-08T00:00:00.000' AS DateTime), 21984.0000, N'', N'H:/PROY/COTI1.PDF')
GO
INSERT [DOCUMENTO].[COTIZACION] ([id_documento], [id_proyecto], [id_encargado], [id_aprobado_por], [enviar_a], [fecha_aprobacion], [fecha_creacion], [fecha_envio], [valor_total], [notas], [path_archivo]) VALUES (2, 2, 5, 1, 24, CAST(N'2018-12-24T00:00:00.000' AS DateTime), CAST(N'2018-12-24T00:00:00.000' AS DateTime), CAST(N'2018-12-26T00:00:00.000' AS DateTime), 32548.0000, N'SE APLICO DESCUENTO DE 5%', N'H:/PROY/COTI2.PDF')
GO
INSERT [DOCUMENTO].[COTIZACION] ([id_documento], [id_proyecto], [id_encargado], [id_aprobado_por], [enviar_a], [fecha_aprobacion], [fecha_creacion], [fecha_envio], [valor_total], [notas], [path_archivo]) VALUES (3, 3, 5, 1, 25, CAST(N'2016-12-05T00:00:00.000' AS DateTime), CAST(N'2016-12-04T00:00:00.000' AS DateTime), CAST(N'2016-12-10T00:00:00.000' AS DateTime), 505488.0000, N'', N'H:/PROY/COTI3.PDF')
GO
INSERT [DOCUMENTO].[COTIZACION] ([id_documento], [id_proyecto], [id_encargado], [id_aprobado_por], [enviar_a], [fecha_aprobacion], [fecha_creacion], [fecha_envio], [valor_total], [notas], [path_archivo]) VALUES (4, 1, 5, 2, 26, CAST(N'2019-05-07T00:00:00.000' AS DateTime), CAST(N'2019-05-07T00:00:00.000' AS DateTime), CAST(N'2019-05-08T00:00:00.000' AS DateTime), 21984.0000, N'', N'H:/PROY/COTI1.PDF')
GO
INSERT [DOCUMENTO].[COTIZACION] ([id_documento], [id_proyecto], [id_encargado], [id_aprobado_por], [enviar_a], [fecha_aprobacion], [fecha_creacion], [fecha_envio], [valor_total], [notas], [path_archivo]) VALUES (5, 2, 5, 1, 27, CAST(N'2018-12-24T00:00:00.000' AS DateTime), CAST(N'2018-12-24T00:00:00.000' AS DateTime), CAST(N'2018-12-26T00:00:00.000' AS DateTime), 32548.0000, N'SE APLICO DESCUENTO DE 5%', N'H:/PROY/COTI2.PDF')
GO
INSERT [DOCUMENTO].[COTIZACION] ([id_documento], [id_proyecto], [id_encargado], [id_aprobado_por], [enviar_a], [fecha_aprobacion], [fecha_creacion], [fecha_envio], [valor_total], [notas], [path_archivo]) VALUES (6, 3, 5, 1, 28, CAST(N'2016-12-05T00:00:00.000' AS DateTime), CAST(N'2016-12-04T00:00:00.000' AS DateTime), CAST(N'2016-12-10T00:00:00.000' AS DateTime), 505488.0000, N'', N'H:/PROY/COTI3.PDF')
GO
INSERT [DOCUMENTO].[COTIZACION] ([id_documento], [id_proyecto], [id_encargado], [id_aprobado_por], [enviar_a], [fecha_aprobacion], [fecha_creacion], [fecha_envio], [valor_total], [notas], [path_archivo]) VALUES (7, 1, 5, 2, 27, CAST(N'2019-05-07T00:00:00.000' AS DateTime), CAST(N'2019-05-07T00:00:00.000' AS DateTime), CAST(N'2019-05-08T00:00:00.000' AS DateTime), 21984.0000, N'', N'H:/PROY/COTI1.PDF')
GO
INSERT [DOCUMENTO].[COTIZACION] ([id_documento], [id_proyecto], [id_encargado], [id_aprobado_por], [enviar_a], [fecha_aprobacion], [fecha_creacion], [fecha_envio], [valor_total], [notas], [path_archivo]) VALUES (8, 2, 5, 1, 28, CAST(N'2018-12-24T00:00:00.000' AS DateTime), CAST(N'2018-12-24T00:00:00.000' AS DateTime), CAST(N'2018-12-26T00:00:00.000' AS DateTime), 32548.0000, N'SE APLICO DESCUENTO DE 5%', N'H:/PROY/COTI2.PDF')
GO
INSERT [DOCUMENTO].[COTIZACION] ([id_documento], [id_proyecto], [id_encargado], [id_aprobado_por], [enviar_a], [fecha_aprobacion], [fecha_creacion], [fecha_envio], [valor_total], [notas], [path_archivo]) VALUES (9, 3, 5, 1, 29, CAST(N'2016-12-05T00:00:00.000' AS DateTime), CAST(N'2016-12-04T00:00:00.000' AS DateTime), CAST(N'2016-12-10T00:00:00.000' AS DateTime), 505488.0000, N'', N'H:/PROY/COTI3.PDF')
GO
INSERT [DOCUMENTO].[COTIZACION] ([id_documento], [id_proyecto], [id_encargado], [id_aprobado_por], [enviar_a], [fecha_aprobacion], [fecha_creacion], [fecha_envio], [valor_total], [notas], [path_archivo]) VALUES (10, 1, 5, 2, 27, CAST(N'2019-05-07T00:00:00.000' AS DateTime), CAST(N'2019-05-07T00:00:00.000' AS DateTime), CAST(N'2019-05-08T00:00:00.000' AS DateTime), 21984.0000, N'', N'H:/PROY/COTI1.PDF')
GO
INSERT [DOCUMENTO].[COTIZACION] ([id_documento], [id_proyecto], [id_encargado], [id_aprobado_por], [enviar_a], [fecha_aprobacion], [fecha_creacion], [fecha_envio], [valor_total], [notas], [path_archivo]) VALUES (11, 2, 5, 1, 28, CAST(N'2018-12-24T00:00:00.000' AS DateTime), CAST(N'2018-12-24T00:00:00.000' AS DateTime), CAST(N'2018-12-26T00:00:00.000' AS DateTime), 32548.0000, N'SE APLICO DESCUENTO DE 5%', N'H:/PROY/COTI2.PDF')
GO
INSERT [DOCUMENTO].[COTIZACION] ([id_documento], [id_proyecto], [id_encargado], [id_aprobado_por], [enviar_a], [fecha_aprobacion], [fecha_creacion], [fecha_envio], [valor_total], [notas], [path_archivo]) VALUES (12, 3, 5, 1, 29, CAST(N'2016-12-05T00:00:00.000' AS DateTime), CAST(N'2016-12-04T00:00:00.000' AS DateTime), CAST(N'2016-12-10T00:00:00.000' AS DateTime), 505488.0000, N'', N'H:/PROY/COTI3.PDF')
GO
INSERT [DOCUMENTO].[COTIZACION] ([id_documento], [id_proyecto], [id_encargado], [id_aprobado_por], [enviar_a], [fecha_aprobacion], [fecha_creacion], [fecha_envio], [valor_total], [notas], [path_archivo]) VALUES (13, 1, 5, 2, 27, CAST(N'2019-05-07T00:00:00.000' AS DateTime), CAST(N'2019-05-07T00:00:00.000' AS DateTime), CAST(N'2019-05-08T00:00:00.000' AS DateTime), 21984.0000, N'', N'H:/PROY/COTI1.PDF')
GO
INSERT [DOCUMENTO].[COTIZACION] ([id_documento], [id_proyecto], [id_encargado], [id_aprobado_por], [enviar_a], [fecha_aprobacion], [fecha_creacion], [fecha_envio], [valor_total], [notas], [path_archivo]) VALUES (14, 2, 5, 1, 28, CAST(N'2018-12-24T00:00:00.000' AS DateTime), CAST(N'2018-12-24T00:00:00.000' AS DateTime), CAST(N'2018-12-26T00:00:00.000' AS DateTime), 32548.0000, N'SE APLICO DESCUENTO DE 5%', N'H:/PROY/COTI2.PDF')
GO
INSERT [DOCUMENTO].[COTIZACION] ([id_documento], [id_proyecto], [id_encargado], [id_aprobado_por], [enviar_a], [fecha_aprobacion], [fecha_creacion], [fecha_envio], [valor_total], [notas], [path_archivo]) VALUES (15, 3, 5, 1, 29, CAST(N'2016-12-05T00:00:00.000' AS DateTime), CAST(N'2016-12-04T00:00:00.000' AS DateTime), CAST(N'2016-12-10T00:00:00.000' AS DateTime), 505488.0000, N'', N'H:/PROY/COTI3.PDF')
GO
INSERT [DOCUMENTO].[COTIZACION] ([id_documento], [id_proyecto], [id_encargado], [id_aprobado_por], [enviar_a], [fecha_aprobacion], [fecha_creacion], [fecha_envio], [valor_total], [notas], [path_archivo]) VALUES (16, 1, 5, 2, 27, CAST(N'2019-05-07T00:00:00.000' AS DateTime), CAST(N'2019-05-07T00:00:00.000' AS DateTime), CAST(N'2019-05-08T00:00:00.000' AS DateTime), 21984.0000, N'', N'H:/PROY/COTI1.PDF')
GO
INSERT [DOCUMENTO].[COTIZACION] ([id_documento], [id_proyecto], [id_encargado], [id_aprobado_por], [enviar_a], [fecha_aprobacion], [fecha_creacion], [fecha_envio], [valor_total], [notas], [path_archivo]) VALUES (17, 2, 5, 1, 28, CAST(N'2018-12-24T00:00:00.000' AS DateTime), CAST(N'2018-12-24T00:00:00.000' AS DateTime), CAST(N'2018-12-26T00:00:00.000' AS DateTime), 32548.0000, N'SE APLICO DESCUENTO DE 5%', N'H:/PROY/COTI2.PDF')
GO
INSERT [DOCUMENTO].[COTIZACION] ([id_documento], [id_proyecto], [id_encargado], [id_aprobado_por], [enviar_a], [fecha_aprobacion], [fecha_creacion], [fecha_envio], [valor_total], [notas], [path_archivo]) VALUES (18, 3, 5, 1, 29, CAST(N'2016-12-05T00:00:00.000' AS DateTime), CAST(N'2016-12-04T00:00:00.000' AS DateTime), CAST(N'2016-12-10T00:00:00.000' AS DateTime), 505488.0000, N'', N'H:/PROY/COTI3.PDF')
GO
INSERT [DOCUMENTO].[COTIZACION] ([id_documento], [id_proyecto], [id_encargado], [id_aprobado_por], [enviar_a], [fecha_aprobacion], [fecha_creacion], [fecha_envio], [valor_total], [notas], [path_archivo]) VALUES (19, 1, 5, 2, 27, CAST(N'2019-05-07T00:00:00.000' AS DateTime), CAST(N'2019-05-07T00:00:00.000' AS DateTime), CAST(N'2019-05-08T00:00:00.000' AS DateTime), 21984.0000, N'', N'H:/PROY/COTI1.PDF')
GO
INSERT [DOCUMENTO].[COTIZACION] ([id_documento], [id_proyecto], [id_encargado], [id_aprobado_por], [enviar_a], [fecha_aprobacion], [fecha_creacion], [fecha_envio], [valor_total], [notas], [path_archivo]) VALUES (20, 2, 5, 1, 28, CAST(N'2018-12-24T00:00:00.000' AS DateTime), CAST(N'2018-12-24T00:00:00.000' AS DateTime), CAST(N'2018-12-26T00:00:00.000' AS DateTime), 32548.0000, N'SE APLICO DESCUENTO DE 5%', N'H:/PROY/COTI2.PDF')
GO
INSERT [DOCUMENTO].[COTIZACION] ([id_documento], [id_proyecto], [id_encargado], [id_aprobado_por], [enviar_a], [fecha_aprobacion], [fecha_creacion], [fecha_envio], [valor_total], [notas], [path_archivo]) VALUES (21, 3, 5, 1, 29, CAST(N'2016-12-05T00:00:00.000' AS DateTime), CAST(N'2016-12-04T00:00:00.000' AS DateTime), CAST(N'2016-12-10T00:00:00.000' AS DateTime), 505488.0000, N'', N'H:/PROY/COTI3.PDF')
GO
INSERT [DOCUMENTO].[DETALLE_COTIZACION] ([id_cotizacion], [id_detalle_cotizacion], [id_item], [precio_unitario], [cantidad], [descuento]) VALUES (1, N'5b6de103-0a8b-4c55-ad2a-52ffd0cc52e1', 1, 250.0000, 1, CAST(0 AS Decimal(18, 0)))
GO
INSERT [DOCUMENTO].[DETALLE_COTIZACION] ([id_cotizacion], [id_detalle_cotizacion], [id_item], [precio_unitario], [cantidad], [descuento]) VALUES (2, N'95024303-c4b5-423b-8dfe-5371ae9f095e', 3, 154.0000, 1, CAST(0 AS Decimal(18, 0)))
GO
INSERT [DOCUMENTO].[DETALLE_COTIZACION] ([id_cotizacion], [id_detalle_cotizacion], [id_item], [precio_unitario], [cantidad], [descuento]) VALUES (2, N'9c3445d9-67d7-4904-b5e0-f342bac6acf5', 1, 274.0000, 14, CAST(0 AS Decimal(18, 0)))
GO
INSERT [DOCUMENTO].[DETALLE_COTIZACION] ([id_cotizacion], [id_detalle_cotizacion], [id_item], [precio_unitario], [cantidad], [descuento]) VALUES (3, N'd0a1145e-9e04-4dad-857b-cbe5f2c333c1', 6, 67.0000, 11, CAST(0 AS Decimal(18, 0)))
GO
INSERT [DOCUMENTO].[DETALLE_COTIZACION] ([id_cotizacion], [id_detalle_cotizacion], [id_item], [precio_unitario], [cantidad], [descuento]) VALUES (4, N'aa94710f-6f4a-44a2-b929-46a6dec99355', 6, 24.0000, 47, CAST(0 AS Decimal(18, 0)))
GO
INSERT [DOCUMENTO].[DETALLE_COTIZACION] ([id_cotizacion], [id_detalle_cotizacion], [id_item], [precio_unitario], [cantidad], [descuento]) VALUES (4, N'd40e77d8-ba02-4cf6-bfe4-6bded9c6bede', 4, 427.0000, 17, CAST(0 AS Decimal(18, 0)))
GO
INSERT [DOCUMENTO].[DETALLE_COTIZACION] ([id_cotizacion], [id_detalle_cotizacion], [id_item], [precio_unitario], [cantidad], [descuento]) VALUES (4, N'b70dd5fc-9009-4887-88fb-de0c120760b2', 4, 176.0000, 27, CAST(0 AS Decimal(18, 0)))
GO
INSERT [DOCUMENTO].[DETALLE_COTIZACION] ([id_cotizacion], [id_detalle_cotizacion], [id_item], [precio_unitario], [cantidad], [descuento]) VALUES (5, N'4c50efcd-fc25-4da6-9720-832ba2934162', 7, 7566.0000, 10, CAST(0 AS Decimal(18, 0)))
GO
INSERT [DOCUMENTO].[DETALLE_COTIZACION] ([id_cotizacion], [id_detalle_cotizacion], [id_item], [precio_unitario], [cantidad], [descuento]) VALUES (6, N'35a5a672-8e57-4c06-a511-3b72736eb2f5', 4, 274.0000, 27, CAST(0 AS Decimal(18, 0)))
GO
INSERT [DOCUMENTO].[DETALLE_COTIZACION] ([id_cotizacion], [id_detalle_cotizacion], [id_item], [precio_unitario], [cantidad], [descuento]) VALUES (6, N'34d0d512-6e40-40a9-943e-87aff10a90e6', 5, 320.0000, 2, CAST(0 AS Decimal(18, 0)))
GO
INSERT [DOCUMENTO].[DETALLE_COTIZACION] ([id_cotizacion], [id_detalle_cotizacion], [id_item], [precio_unitario], [cantidad], [descuento]) VALUES (7, N'53b23fc1-adac-490d-9d49-29224e48a7c1', 9, 97.0000, 41, CAST(0 AS Decimal(18, 0)))
GO
INSERT [DOCUMENTO].[DETALLE_COTIZACION] ([id_cotizacion], [id_detalle_cotizacion], [id_item], [precio_unitario], [cantidad], [descuento]) VALUES (7, N'646827c3-1194-4036-8508-42de3953efa2', 6, 243.0000, 78, CAST(0 AS Decimal(18, 0)))
GO
INSERT [DOCUMENTO].[DETALLE_COTIZACION] ([id_cotizacion], [id_detalle_cotizacion], [id_item], [precio_unitario], [cantidad], [descuento]) VALUES (8, N'ceb0f5b0-3a97-4b11-b5bf-e1f0469adc4e', 3, 27.0000, 14, CAST(0 AS Decimal(18, 0)))
GO
INSERT [DOCUMENTO].[DETALLE_COTIZACION] ([id_cotizacion], [id_detalle_cotizacion], [id_item], [precio_unitario], [cantidad], [descuento]) VALUES (9, N'b02914d9-04d1-4857-80b7-72dca977059e', 2, 20.0000, 1, CAST(0 AS Decimal(18, 0)))
GO
INSERT [DOCUMENTO].[DETALLE_COTIZACION] ([id_cotizacion], [id_detalle_cotizacion], [id_item], [precio_unitario], [cantidad], [descuento]) VALUES (10, N'5d3309cc-cf75-48b8-8e02-cc2b14aede67', 7, 6.0000, 11, CAST(0 AS Decimal(18, 0)))
GO
INSERT [DOCUMENTO].[DETALLE_COTIZACION] ([id_cotizacion], [id_detalle_cotizacion], [id_item], [precio_unitario], [cantidad], [descuento]) VALUES (12, N'a8e5e2c2-93fa-433e-9ae4-6e9f06af3cc1', 4, 27.0000, 17, CAST(0 AS Decimal(18, 0)))
GO
INSERT [DOCUMENTO].[DETALLE_COTIZACION] ([id_cotizacion], [id_detalle_cotizacion], [id_item], [precio_unitario], [cantidad], [descuento]) VALUES (13, N'e21d5b7f-f298-447f-8014-498ff022fc4d', 8, 732.0000, 10, CAST(0 AS Decimal(18, 0)))
GO
INSERT [DOCUMENTO].[DETALLE_COTIZACION] ([id_cotizacion], [id_detalle_cotizacion], [id_item], [precio_unitario], [cantidad], [descuento]) VALUES (13, N'ccf56b6a-1b9b-477a-9986-c7b08f187638', 9, 36.0000, 27, CAST(0 AS Decimal(18, 0)))
GO
INSERT [DOCUMENTO].[DETALLE_LISTA_DE_MATERIALES] ([id_lista], [id_detalle_lista], [id_item], [cantidad]) VALUES (91, N'2cce197c-36cc-4e25-bf07-fe390cdb26ff', 1, 250)
GO
INSERT [DOCUMENTO].[DETALLE_LISTA_DE_MATERIALES] ([id_lista], [id_detalle_lista], [id_item], [cantidad]) VALUES (92, N'6cf37147-771f-4474-a6e9-3a208aab284c', 3, 154)
GO
INSERT [DOCUMENTO].[DETALLE_LISTA_DE_MATERIALES] ([id_lista], [id_detalle_lista], [id_item], [cantidad]) VALUES (92, N'48aa398b-25e3-4836-b823-823d6014ec60', 3, 154)
GO
INSERT [DOCUMENTO].[DETALLE_LISTA_DE_MATERIALES] ([id_lista], [id_detalle_lista], [id_item], [cantidad]) VALUES (92, N'9d032c6d-0b5c-4ee8-8b08-944fc625dbc9', 2, 20)
GO
INSERT [DOCUMENTO].[DETALLE_LISTA_DE_MATERIALES] ([id_lista], [id_detalle_lista], [id_item], [cantidad]) VALUES (92, N'1189d5c1-b2e8-4a72-967e-9b42881dcf65', 1, 274)
GO
INSERT [DOCUMENTO].[DETALLE_LISTA_DE_MATERIALES] ([id_lista], [id_detalle_lista], [id_item], [cantidad]) VALUES (92, N'1280c662-051b-489b-9cdb-bb8900196b0d', 1, 274)
GO
INSERT [DOCUMENTO].[DETALLE_LISTA_DE_MATERIALES] ([id_lista], [id_detalle_lista], [id_item], [cantidad]) VALUES (92, N'bd35b85d-9791-476e-abda-fead990977d2', 4, 27)
GO
INSERT [DOCUMENTO].[DETALLE_LISTA_DE_MATERIALES] ([id_lista], [id_detalle_lista], [id_item], [cantidad]) VALUES (93, N'1c931f52-4ddc-4f0c-ad9d-9b560d2430be', 6, 67)
GO
INSERT [DOCUMENTO].[DETALLE_LISTA_DE_MATERIALES] ([id_lista], [id_detalle_lista], [id_item], [cantidad]) VALUES (93, N'035a6571-4348-4057-bd32-dd8184e934b3', 6, 67)
GO
INSERT [DOCUMENTO].[DETALLE_LISTA_DE_MATERIALES] ([id_lista], [id_detalle_lista], [id_item], [cantidad]) VALUES (94, N'35532859-847f-44a7-b5ff-29eb12760704', 4, 427)
GO
INSERT [DOCUMENTO].[DETALLE_LISTA_DE_MATERIALES] ([id_lista], [id_detalle_lista], [id_item], [cantidad]) VALUES (94, N'f6794a31-0c02-401d-a8d6-3cb0db10ca49', 4, 176)
GO
INSERT [DOCUMENTO].[DETALLE_LISTA_DE_MATERIALES] ([id_lista], [id_detalle_lista], [id_item], [cantidad]) VALUES (94, N'f274f57d-5991-4b89-a3fb-66f1e97e8056', 6, 24)
GO
INSERT [DOCUMENTO].[DETALLE_LISTA_DE_MATERIALES] ([id_lista], [id_detalle_lista], [id_item], [cantidad]) VALUES (94, N'3def405e-bd4d-44cc-8c8b-98b21f362738', 4, 427)
GO
INSERT [DOCUMENTO].[DETALLE_LISTA_DE_MATERIALES] ([id_lista], [id_detalle_lista], [id_item], [cantidad]) VALUES (94, N'8b4673da-0214-476c-b348-cc34d56469f2', 6, 24)
GO
INSERT [DOCUMENTO].[DETALLE_LISTA_DE_MATERIALES] ([id_lista], [id_detalle_lista], [id_item], [cantidad]) VALUES (94, N'a9fa0cca-cc2f-461d-acfb-e058c002272f', 4, 176)
GO
INSERT [DOCUMENTO].[DETALLE_LISTA_DE_MATERIALES] ([id_lista], [id_detalle_lista], [id_item], [cantidad]) VALUES (95, N'b299633d-fc38-4dd0-b54c-8c3a8859a98b', 7, 7566)
GO
INSERT [DOCUMENTO].[DETALLE_LISTA_DE_MATERIALES] ([id_lista], [id_detalle_lista], [id_item], [cantidad]) VALUES (95, N'90ed9b27-abc3-4638-a5fb-a6270021e032', 7, 7566)
GO
INSERT [DOCUMENTO].[DETALLE_LISTA_DE_MATERIALES] ([id_lista], [id_detalle_lista], [id_item], [cantidad]) VALUES (96, N'c738994f-3e27-4476-b6c2-468a5cc4ee93', 5, 320)
GO
INSERT [DOCUMENTO].[DETALLE_LISTA_DE_MATERIALES] ([id_lista], [id_detalle_lista], [id_item], [cantidad]) VALUES (96, N'a76e6fee-b26d-4a45-a2ec-7b16698d4c4a', 5, 320)
GO
INSERT [DOCUMENTO].[DETALLE_LISTA_DE_MATERIALES] ([id_lista], [id_detalle_lista], [id_item], [cantidad]) VALUES (96, N'0cc8dcbb-1dce-4d1f-bd6e-9d5346cb79b9', 4, 274)
GO
INSERT [DOCUMENTO].[DETALLE_LISTA_DE_MATERIALES] ([id_lista], [id_detalle_lista], [id_item], [cantidad]) VALUES (96, N'8344554f-f883-4f45-b836-e154e16446b5', 4, 274)
GO
INSERT [DOCUMENTO].[DETALLE_LISTA_DE_MATERIALES] ([id_lista], [id_detalle_lista], [id_item], [cantidad]) VALUES (97, N'383fb7ae-66fe-4d0c-94ac-5755aee3af86', 6, 243)
GO
INSERT [DOCUMENTO].[DETALLE_LISTA_DE_MATERIALES] ([id_lista], [id_detalle_lista], [id_item], [cantidad]) VALUES (97, N'1960c813-96a7-41b9-8fee-813bdc1830ec', 6, 243)
GO
INSERT [DOCUMENTO].[DETALLE_LISTA_DE_MATERIALES] ([id_lista], [id_detalle_lista], [id_item], [cantidad]) VALUES (97, N'87178b0a-7021-481f-8bcc-c7bad356ba5c', 9, 97)
GO
INSERT [DOCUMENTO].[DETALLE_LISTA_DE_MATERIALES] ([id_lista], [id_detalle_lista], [id_item], [cantidad]) VALUES (97, N'99be36a7-7c76-4632-a641-e2620d05bf1a', 9, 97)
GO
INSERT [DOCUMENTO].[DETALLE_LISTA_DE_MATERIALES] ([id_lista], [id_detalle_lista], [id_item], [cantidad]) VALUES (98, N'df814bc4-3345-4fec-9423-577a4c6a9d49', 3, 27)
GO
INSERT [DOCUMENTO].[DETALLE_LISTA_DE_MATERIALES] ([id_lista], [id_detalle_lista], [id_item], [cantidad]) VALUES (98, N'fc623234-2054-4ac1-b92b-a09287062ec6', 3, 27)
GO
INSERT [DOCUMENTO].[DETALLE_LISTA_DE_MATERIALES] ([id_lista], [id_detalle_lista], [id_item], [cantidad]) VALUES (99, N'c6d60a4c-f72a-4020-bf88-0b9d22f1a423', 2, 20)
GO
INSERT [DOCUMENTO].[DETALLE_LISTA_DE_MATERIALES] ([id_lista], [id_detalle_lista], [id_item], [cantidad]) VALUES (100, N'0a06e1ee-7e83-42b1-8cea-a130523cf0d0', 7, 6)
GO
INSERT [DOCUMENTO].[DETALLE_LISTA_DE_MATERIALES] ([id_lista], [id_detalle_lista], [id_item], [cantidad]) VALUES (100, N'0217f9de-96c7-4d3c-9a67-f46edd9a5760', 1, 250)
GO
INSERT [DOCUMENTO].[DETALLE_LISTA_DE_MATERIALES] ([id_lista], [id_detalle_lista], [id_item], [cantidad]) VALUES (101, N'd2a5c03b-196d-490d-8d18-69f05bc362a2', 8, 732)
GO
INSERT [DOCUMENTO].[DETALLE_LISTA_DE_MATERIALES] ([id_lista], [id_detalle_lista], [id_item], [cantidad]) VALUES (101, N'a9b31ae3-61b9-4bdc-bc60-b68d7ad64a31', 9, 36)
GO
INSERT [DOCUMENTO].[DETALLE_LISTA_DE_MATERIALES] ([id_lista], [id_detalle_lista], [id_item], [cantidad]) VALUES (102, N'3767a9dc-cf14-4156-86d3-1d3bb94264a3', 9, 36)
GO
INSERT [DOCUMENTO].[DETALLE_LISTA_DE_MATERIALES] ([id_lista], [id_detalle_lista], [id_item], [cantidad]) VALUES (102, N'2aaebd7c-e30b-4263-9c99-894480a358d8', 4, 27)
GO
INSERT [DOCUMENTO].[DETALLE_LISTA_DE_MATERIALES] ([id_lista], [id_detalle_lista], [id_item], [cantidad]) VALUES (102, N'ea40fb1b-8a74-4d08-adbd-bd09ec8932a5', 8, 732)
GO
INSERT [DOCUMENTO].[DETALLE_LISTA_DE_MATERIALES] ([id_lista], [id_detalle_lista], [id_item], [cantidad]) VALUES (102, N'86dd532f-2d05-402d-bed5-ce450634aa94', 7, 6)
GO
INSERT [DOCUMENTO].[ENTREGA_FINAL] ([id_documento], [id_proyecto], [id_encargado], [path_scan_reporte], [fecha]) VALUES (67, 1, 3, N'H:/DOC/ENTREG/Pr054.PDF', CAST(N'2016-04-09' AS Date))
GO
INSERT [DOCUMENTO].[ENTREGA_FINAL] ([id_documento], [id_proyecto], [id_encargado], [path_scan_reporte], [fecha]) VALUES (68, 2, 1, N'H:/DOC/ENTREG/Pr129.PDF', CAST(N'2018-11-24' AS Date))
GO
INSERT [DOCUMENTO].[ENTREGA_FINAL] ([id_documento], [id_proyecto], [id_encargado], [path_scan_reporte], [fecha]) VALUES (69, 3, 2, N'H:/DOC/ENTREG/Pr021.PDF', CAST(N'2020-12-02' AS Date))
GO
INSERT [DOCUMENTO].[ENTREGA_FINAL] ([id_documento], [id_proyecto], [id_encargado], [path_scan_reporte], [fecha]) VALUES (70, 4, 3, N'H:/DOC/ENTREG/Pr097.PDF', CAST(N'2019-12-18' AS Date))
GO
INSERT [DOCUMENTO].[ENTREGA_FINAL] ([id_documento], [id_proyecto], [id_encargado], [path_scan_reporte], [fecha]) VALUES (73, 6, 4, N'H:/DOC/ENTREG/Pr221.PDF', CAST(N'2020-04-02' AS Date))
GO
INSERT [DOCUMENTO].[ENTREGA_FINAL] ([id_documento], [id_proyecto], [id_encargado], [path_scan_reporte], [fecha]) VALUES (74, 7, 1, N'H:/DOC/ENTREG/Pr981.PDF', CAST(N'2017-02-22' AS Date))
GO
INSERT [DOCUMENTO].[ENTREGA_FINAL] ([id_documento], [id_proyecto], [id_encargado], [path_scan_reporte], [fecha]) VALUES (75, 8, 4, N'H:/DOC/ENTREG/Pr461.PDF', CAST(N'2016-12-26' AS Date))
GO
INSERT [DOCUMENTO].[ENTREGA_FINAL] ([id_documento], [id_proyecto], [id_encargado], [path_scan_reporte], [fecha]) VALUES (76, 9, 2, N'H:/DOC/ENTREG/Pr167.PDF', CAST(N'2016-09-30' AS Date))
GO
SET IDENTITY_INSERT [DOCUMENTO].[ID_DOCUMENTO] ON 
GO
INSERT [DOCUMENTO].[ID_DOCUMENTO] ([id_documento], [uid]) VALUES (1, N'204fc9cd-7b3c-4641-9f39-9c46b2afcfa9')
GO
INSERT [DOCUMENTO].[ID_DOCUMENTO] ([id_documento], [uid]) VALUES (2, N'689f6a70-adc2-4758-8e55-a44dc50c81c1')
GO
INSERT [DOCUMENTO].[ID_DOCUMENTO] ([id_documento], [uid]) VALUES (3, N'944c87b3-2a5a-4539-87b1-53f51348f82e')
GO
INSERT [DOCUMENTO].[ID_DOCUMENTO] ([id_documento], [uid]) VALUES (4, N'49acccd4-4c22-41b0-86cf-f4875a1a2948')
GO
INSERT [DOCUMENTO].[ID_DOCUMENTO] ([id_documento], [uid]) VALUES (5, N'9cfb91ed-f4c0-4ac6-abf6-0e2b51152aa1')
GO
INSERT [DOCUMENTO].[ID_DOCUMENTO] ([id_documento], [uid]) VALUES (6, N'0cba5f47-bfd4-4830-b273-fddcecec9933')
GO
INSERT [DOCUMENTO].[ID_DOCUMENTO] ([id_documento], [uid]) VALUES (7, N'56cc7351-895d-4fe7-be24-c40f83bbcf87')
GO
INSERT [DOCUMENTO].[ID_DOCUMENTO] ([id_documento], [uid]) VALUES (8, N'1be24c18-e9af-4b17-bc3d-d150dbd915a0')
GO
INSERT [DOCUMENTO].[ID_DOCUMENTO] ([id_documento], [uid]) VALUES (9, N'7a7ba27b-dfc5-46b4-a85f-8f9b2af5b511')
GO
INSERT [DOCUMENTO].[ID_DOCUMENTO] ([id_documento], [uid]) VALUES (10, N'e441b876-8765-430b-8189-f65ca74a5d25')
GO
INSERT [DOCUMENTO].[ID_DOCUMENTO] ([id_documento], [uid]) VALUES (11, N'89108fc6-6081-4594-bc6c-4767ab84bc89')
GO
INSERT [DOCUMENTO].[ID_DOCUMENTO] ([id_documento], [uid]) VALUES (12, N'77a83c9b-67e8-4958-991e-ed82f758b584')
GO
INSERT [DOCUMENTO].[ID_DOCUMENTO] ([id_documento], [uid]) VALUES (13, N'f7477bde-a3fe-4c5e-bc82-727157401b3a')
GO
INSERT [DOCUMENTO].[ID_DOCUMENTO] ([id_documento], [uid]) VALUES (14, N'56c981c2-2c2a-42ab-8fda-04fc38e24f53')
GO
INSERT [DOCUMENTO].[ID_DOCUMENTO] ([id_documento], [uid]) VALUES (15, N'a7d4253c-6c5b-4f5d-bace-8a19e75be092')
GO
INSERT [DOCUMENTO].[ID_DOCUMENTO] ([id_documento], [uid]) VALUES (16, N'4e3c1a19-6e1b-4ea2-9dd7-bd315307a0eb')
GO
INSERT [DOCUMENTO].[ID_DOCUMENTO] ([id_documento], [uid]) VALUES (17, N'17398364-60a6-4c39-94e3-fc7e18188a95')
GO
INSERT [DOCUMENTO].[ID_DOCUMENTO] ([id_documento], [uid]) VALUES (18, N'3622d03b-087c-44e7-9194-1724dfe99580')
GO
INSERT [DOCUMENTO].[ID_DOCUMENTO] ([id_documento], [uid]) VALUES (19, N'74562948-ceb2-494a-a14d-26555649127b')
GO
INSERT [DOCUMENTO].[ID_DOCUMENTO] ([id_documento], [uid]) VALUES (20, N'06b86afc-db54-498b-be89-37ccd1fd0f81')
GO
INSERT [DOCUMENTO].[ID_DOCUMENTO] ([id_documento], [uid]) VALUES (21, N'f0df8481-973c-4966-8ba2-e4ac545c4df6')
GO
INSERT [DOCUMENTO].[ID_DOCUMENTO] ([id_documento], [uid]) VALUES (22, N'4098e809-57f9-4fc8-8699-dd4177c7f873')
GO
INSERT [DOCUMENTO].[ID_DOCUMENTO] ([id_documento], [uid]) VALUES (23, N'88d35357-1cc6-4a1b-b43c-1305168e8613')
GO
INSERT [DOCUMENTO].[ID_DOCUMENTO] ([id_documento], [uid]) VALUES (24, N'd66be4e6-3611-429f-90a2-834bdcf669e0')
GO
INSERT [DOCUMENTO].[ID_DOCUMENTO] ([id_documento], [uid]) VALUES (25, N'72684a93-ff59-4428-a63c-127afdd8fdd1')
GO
INSERT [DOCUMENTO].[ID_DOCUMENTO] ([id_documento], [uid]) VALUES (26, N'01683e83-f200-412e-a3c7-89ffeefc80e6')
GO
INSERT [DOCUMENTO].[ID_DOCUMENTO] ([id_documento], [uid]) VALUES (27, N'8a1cbb42-fe6d-4ed7-bb8a-a7ee1b64197c')
GO
INSERT [DOCUMENTO].[ID_DOCUMENTO] ([id_documento], [uid]) VALUES (28, N'54e56790-b6e7-4b1c-aa28-ab0e476160f6')
GO
INSERT [DOCUMENTO].[ID_DOCUMENTO] ([id_documento], [uid]) VALUES (29, N'9cc709c1-8296-4398-a22c-244d486867c6')
GO
INSERT [DOCUMENTO].[ID_DOCUMENTO] ([id_documento], [uid]) VALUES (30, N'1b0dbec1-8334-46ed-8787-1edc304649d5')
GO
INSERT [DOCUMENTO].[ID_DOCUMENTO] ([id_documento], [uid]) VALUES (31, N'f54a8fdd-30a6-49c9-b81c-58d1a8fdf9a9')
GO
INSERT [DOCUMENTO].[ID_DOCUMENTO] ([id_documento], [uid]) VALUES (32, N'44816c9e-b432-4b58-9f52-a3b57aaa3ce0')
GO
INSERT [DOCUMENTO].[ID_DOCUMENTO] ([id_documento], [uid]) VALUES (33, N'd4a1da9a-5cef-40bd-8a38-91b5e79149cd')
GO
INSERT [DOCUMENTO].[ID_DOCUMENTO] ([id_documento], [uid]) VALUES (34, N'3ebe45cd-6fe3-41df-8060-a94d47081787')
GO
INSERT [DOCUMENTO].[ID_DOCUMENTO] ([id_documento], [uid]) VALUES (35, N'ac2a9d65-2b97-470e-8023-0f30b0b1b9b7')
GO
INSERT [DOCUMENTO].[ID_DOCUMENTO] ([id_documento], [uid]) VALUES (36, N'292efe9b-17e8-4349-a8ca-9047267e720f')
GO
INSERT [DOCUMENTO].[ID_DOCUMENTO] ([id_documento], [uid]) VALUES (37, N'8b89121d-b133-4a7d-b309-b67c75a82200')
GO
INSERT [DOCUMENTO].[ID_DOCUMENTO] ([id_documento], [uid]) VALUES (38, N'ebbbada5-6dd8-4795-bca9-b65a9201c32e')
GO
INSERT [DOCUMENTO].[ID_DOCUMENTO] ([id_documento], [uid]) VALUES (39, N'684ce9f7-4167-4ace-9732-4829ad3f7bf9')
GO
INSERT [DOCUMENTO].[ID_DOCUMENTO] ([id_documento], [uid]) VALUES (40, N'e648b9a9-8a43-47a6-80e2-c436a74be906')
GO
INSERT [DOCUMENTO].[ID_DOCUMENTO] ([id_documento], [uid]) VALUES (41, N'0e631ad4-68cc-4092-ab3d-96c94d33e40f')
GO
INSERT [DOCUMENTO].[ID_DOCUMENTO] ([id_documento], [uid]) VALUES (42, N'ddd7536c-984f-4c77-8b1c-7ec7389320dd')
GO
INSERT [DOCUMENTO].[ID_DOCUMENTO] ([id_documento], [uid]) VALUES (43, N'1770cac3-024e-4122-94c0-463aef2fe836')
GO
INSERT [DOCUMENTO].[ID_DOCUMENTO] ([id_documento], [uid]) VALUES (44, N'02ed4e7e-d9c7-4782-8913-b469ddd06679')
GO
INSERT [DOCUMENTO].[ID_DOCUMENTO] ([id_documento], [uid]) VALUES (45, N'c47c4954-8d2a-4b45-8e0f-fde6545265bc')
GO
INSERT [DOCUMENTO].[ID_DOCUMENTO] ([id_documento], [uid]) VALUES (46, N'19dbb196-8f48-4e22-a793-9599eab9269b')
GO
INSERT [DOCUMENTO].[ID_DOCUMENTO] ([id_documento], [uid]) VALUES (47, N'6b790c9a-ad5f-4a1c-9b40-116aa127d0b2')
GO
INSERT [DOCUMENTO].[ID_DOCUMENTO] ([id_documento], [uid]) VALUES (48, N'e578a598-015c-47c9-9b22-1cf4402fced7')
GO
INSERT [DOCUMENTO].[ID_DOCUMENTO] ([id_documento], [uid]) VALUES (49, N'5be81881-b202-4592-aca4-973b3c6818ee')
GO
INSERT [DOCUMENTO].[ID_DOCUMENTO] ([id_documento], [uid]) VALUES (50, N'b26ee978-d56c-474a-8bde-6686ce3b7fb6')
GO
INSERT [DOCUMENTO].[ID_DOCUMENTO] ([id_documento], [uid]) VALUES (51, N'136ee942-f0d4-4a99-be70-8137736c975f')
GO
INSERT [DOCUMENTO].[ID_DOCUMENTO] ([id_documento], [uid]) VALUES (52, N'623e1cb6-ff50-4cb5-8668-fa2e18496602')
GO
INSERT [DOCUMENTO].[ID_DOCUMENTO] ([id_documento], [uid]) VALUES (53, N'52163709-5903-4ad0-afc2-28edce42ba4a')
GO
INSERT [DOCUMENTO].[ID_DOCUMENTO] ([id_documento], [uid]) VALUES (54, N'784ad24b-ec22-431f-8165-c5d16b276298')
GO
INSERT [DOCUMENTO].[ID_DOCUMENTO] ([id_documento], [uid]) VALUES (55, N'27f39ef9-53f7-4ca0-a775-baa8a59c5f27')
GO
INSERT [DOCUMENTO].[ID_DOCUMENTO] ([id_documento], [uid]) VALUES (56, N'0f0dc365-5c72-4bde-8886-16b2a53f52f9')
GO
INSERT [DOCUMENTO].[ID_DOCUMENTO] ([id_documento], [uid]) VALUES (57, N'594ff163-cea4-47c5-af30-9010a1643fc7')
GO
INSERT [DOCUMENTO].[ID_DOCUMENTO] ([id_documento], [uid]) VALUES (58, N'd316b9af-1df8-409a-9e7d-f608a78b0c95')
GO
INSERT [DOCUMENTO].[ID_DOCUMENTO] ([id_documento], [uid]) VALUES (59, N'e7999dc3-97a0-4669-bfb2-10e756ed58da')
GO
INSERT [DOCUMENTO].[ID_DOCUMENTO] ([id_documento], [uid]) VALUES (60, N'0868e710-aa66-4e48-903f-c3df48c87f10')
GO
INSERT [DOCUMENTO].[ID_DOCUMENTO] ([id_documento], [uid]) VALUES (61, N'16e8ff71-585f-470c-988f-8a2e198b8d3d')
GO
INSERT [DOCUMENTO].[ID_DOCUMENTO] ([id_documento], [uid]) VALUES (62, N'cc61adbb-a1d2-4533-b48d-8042bf8de1c5')
GO
INSERT [DOCUMENTO].[ID_DOCUMENTO] ([id_documento], [uid]) VALUES (63, N'eca9acb1-2b27-4318-942e-2cb333276678')
GO
INSERT [DOCUMENTO].[ID_DOCUMENTO] ([id_documento], [uid]) VALUES (64, N'9e7fd7d5-7375-4c0c-8791-e4455d4ac58e')
GO
INSERT [DOCUMENTO].[ID_DOCUMENTO] ([id_documento], [uid]) VALUES (65, N'86792c75-29f4-4736-ae40-670b35bb3a00')
GO
INSERT [DOCUMENTO].[ID_DOCUMENTO] ([id_documento], [uid]) VALUES (66, N'5715b405-264e-4628-9cae-4706336cea5d')
GO
INSERT [DOCUMENTO].[ID_DOCUMENTO] ([id_documento], [uid]) VALUES (67, N'10e67a10-84c4-4f61-8403-1f6a743efc42')
GO
INSERT [DOCUMENTO].[ID_DOCUMENTO] ([id_documento], [uid]) VALUES (68, N'8a8d9a51-8eca-43d2-b6d3-4ec27f805bf6')
GO
INSERT [DOCUMENTO].[ID_DOCUMENTO] ([id_documento], [uid]) VALUES (69, N'25a114d7-e436-4e52-b210-afa8848b8c2b')
GO
INSERT [DOCUMENTO].[ID_DOCUMENTO] ([id_documento], [uid]) VALUES (70, N'e89ab20e-73a3-4cb5-86b8-26400b702a7a')
GO
INSERT [DOCUMENTO].[ID_DOCUMENTO] ([id_documento], [uid]) VALUES (71, N'698f18aa-ce0f-4c07-b375-a261576e10b1')
GO
INSERT [DOCUMENTO].[ID_DOCUMENTO] ([id_documento], [uid]) VALUES (72, N'5f586e91-a224-46f0-8854-6977a3679046')
GO
INSERT [DOCUMENTO].[ID_DOCUMENTO] ([id_documento], [uid]) VALUES (73, N'95440266-798f-4260-b7aa-30e9c0d354fa')
GO
INSERT [DOCUMENTO].[ID_DOCUMENTO] ([id_documento], [uid]) VALUES (74, N'ddbf96cb-8ff4-4dbd-b481-e32ef37fa506')
GO
INSERT [DOCUMENTO].[ID_DOCUMENTO] ([id_documento], [uid]) VALUES (75, N'3a1210c9-6865-4f32-a3eb-a7f4001f5f0a')
GO
INSERT [DOCUMENTO].[ID_DOCUMENTO] ([id_documento], [uid]) VALUES (76, N'1ea653be-584d-4d4f-844d-07268519df4f')
GO
INSERT [DOCUMENTO].[ID_DOCUMENTO] ([id_documento], [uid]) VALUES (77, N'1894d352-debd-4862-8d65-f82214c99bff')
GO
INSERT [DOCUMENTO].[ID_DOCUMENTO] ([id_documento], [uid]) VALUES (78, N'1cb0d4cc-8f74-4652-9554-3807fc010393')
GO
INSERT [DOCUMENTO].[ID_DOCUMENTO] ([id_documento], [uid]) VALUES (79, N'c9301233-8d4f-4424-b568-4285ea9c05d2')
GO
INSERT [DOCUMENTO].[ID_DOCUMENTO] ([id_documento], [uid]) VALUES (80, N'46ea4b44-90a1-4a1d-a685-702f12a39125')
GO
INSERT [DOCUMENTO].[ID_DOCUMENTO] ([id_documento], [uid]) VALUES (81, N'965df7f7-a75a-4a9a-b1fe-b378236d8f76')
GO
INSERT [DOCUMENTO].[ID_DOCUMENTO] ([id_documento], [uid]) VALUES (82, N'5acf2159-65c1-4b8b-bc39-ace7631ef5cd')
GO
INSERT [DOCUMENTO].[ID_DOCUMENTO] ([id_documento], [uid]) VALUES (83, N'b90bb3bb-6b75-44f3-a3b6-5c953040d9b2')
GO
INSERT [DOCUMENTO].[ID_DOCUMENTO] ([id_documento], [uid]) VALUES (84, N'97c39bf1-5ef4-47ea-90d1-f8c6e98508a0')
GO
INSERT [DOCUMENTO].[ID_DOCUMENTO] ([id_documento], [uid]) VALUES (85, N'e59fac99-51b7-4eb6-943f-dd322ae9f411')
GO
INSERT [DOCUMENTO].[ID_DOCUMENTO] ([id_documento], [uid]) VALUES (86, N'7884e366-82ef-45a7-86ea-03f66ab967e5')
GO
INSERT [DOCUMENTO].[ID_DOCUMENTO] ([id_documento], [uid]) VALUES (87, N'73e68563-dbdf-4717-bb49-0b8c292bce2d')
GO
INSERT [DOCUMENTO].[ID_DOCUMENTO] ([id_documento], [uid]) VALUES (88, N'25f65eec-29dd-4610-b640-72ffdd89d0d4')
GO
INSERT [DOCUMENTO].[ID_DOCUMENTO] ([id_documento], [uid]) VALUES (89, N'455c6ab9-8de5-494d-9e56-7437826a93d9')
GO
INSERT [DOCUMENTO].[ID_DOCUMENTO] ([id_documento], [uid]) VALUES (90, N'121688d3-77a3-4bfa-81ca-e00be45e6969')
GO
INSERT [DOCUMENTO].[ID_DOCUMENTO] ([id_documento], [uid]) VALUES (91, N'84ed18c2-6871-4e47-9cf4-c19ca7b85be0')
GO
INSERT [DOCUMENTO].[ID_DOCUMENTO] ([id_documento], [uid]) VALUES (92, N'027bf77a-636d-4efb-aac3-2429ca1142e3')
GO
INSERT [DOCUMENTO].[ID_DOCUMENTO] ([id_documento], [uid]) VALUES (93, N'c4286cae-94a8-470b-9d7b-5e030012c1e9')
GO
INSERT [DOCUMENTO].[ID_DOCUMENTO] ([id_documento], [uid]) VALUES (94, N'f21d9c95-5d73-45eb-b535-85bd1037ddfd')
GO
INSERT [DOCUMENTO].[ID_DOCUMENTO] ([id_documento], [uid]) VALUES (95, N'd31c7fd9-cbeb-4776-8242-3f48b6f69be7')
GO
INSERT [DOCUMENTO].[ID_DOCUMENTO] ([id_documento], [uid]) VALUES (96, N'9500cfa0-9308-46d4-9065-0b33251e0582')
GO
INSERT [DOCUMENTO].[ID_DOCUMENTO] ([id_documento], [uid]) VALUES (97, N'630b1a7e-ad6d-4d29-8e79-eae0d1cdb983')
GO
INSERT [DOCUMENTO].[ID_DOCUMENTO] ([id_documento], [uid]) VALUES (98, N'8bdda8d7-a3a8-4750-aa13-b500f8ca6de9')
GO
INSERT [DOCUMENTO].[ID_DOCUMENTO] ([id_documento], [uid]) VALUES (99, N'e90df248-fa0b-47d5-a677-77935270a784')
GO
INSERT [DOCUMENTO].[ID_DOCUMENTO] ([id_documento], [uid]) VALUES (100, N'1b515578-5b6a-49a7-9a98-756ede9de203')
GO
INSERT [DOCUMENTO].[ID_DOCUMENTO] ([id_documento], [uid]) VALUES (101, N'85576fd8-9acf-47f0-982c-c0e8ce4e2e05')
GO
INSERT [DOCUMENTO].[ID_DOCUMENTO] ([id_documento], [uid]) VALUES (102, N'e58d17cd-4d43-4a55-a18b-f3d90a427367')
GO
SET IDENTITY_INSERT [DOCUMENTO].[ID_DOCUMENTO] OFF
GO
INSERT [DOCUMENTO].[LISTA_DE_MATERIALES] ([id_documento], [proyecto], [pedido_por], [fecha_pedida], [fecha_aprobada], [aprobado], [aprobado_por], [ingresado_por]) VALUES (91, 1, 4, CAST(N'2019-02-01' AS Date), CAST(N'2019-02-01' AS Date), 1, 2, 3)
GO
INSERT [DOCUMENTO].[LISTA_DE_MATERIALES] ([id_documento], [proyecto], [pedido_por], [fecha_pedida], [fecha_aprobada], [aprobado], [aprobado_por], [ingresado_por]) VALUES (92, 1, 8, CAST(N'2019-02-01' AS Date), CAST(N'2019-02-01' AS Date), 1, 1, 3)
GO
INSERT [DOCUMENTO].[LISTA_DE_MATERIALES] ([id_documento], [proyecto], [pedido_por], [fecha_pedida], [fecha_aprobada], [aprobado], [aprobado_por], [ingresado_por]) VALUES (93, 1, 5, CAST(N'2019-02-01' AS Date), CAST(N'2019-02-01' AS Date), 1, 2, 3)
GO
INSERT [DOCUMENTO].[LISTA_DE_MATERIALES] ([id_documento], [proyecto], [pedido_por], [fecha_pedida], [fecha_aprobada], [aprobado], [aprobado_por], [ingresado_por]) VALUES (94, 2, 4, CAST(N'2019-02-01' AS Date), CAST(N'2019-02-01' AS Date), 0, 2, 3)
GO
INSERT [DOCUMENTO].[LISTA_DE_MATERIALES] ([id_documento], [proyecto], [pedido_por], [fecha_pedida], [fecha_aprobada], [aprobado], [aprobado_por], [ingresado_por]) VALUES (95, 2, 6, CAST(N'2019-02-01' AS Date), CAST(N'2019-02-01' AS Date), 1, 1, 3)
GO
INSERT [DOCUMENTO].[LISTA_DE_MATERIALES] ([id_documento], [proyecto], [pedido_por], [fecha_pedida], [fecha_aprobada], [aprobado], [aprobado_por], [ingresado_por]) VALUES (96, 3, 4, CAST(N'2019-02-01' AS Date), CAST(N'2019-02-01' AS Date), 1, 2, 3)
GO
INSERT [DOCUMENTO].[LISTA_DE_MATERIALES] ([id_documento], [proyecto], [pedido_por], [fecha_pedida], [fecha_aprobada], [aprobado], [aprobado_por], [ingresado_por]) VALUES (97, 3, 3, CAST(N'2019-02-01' AS Date), CAST(N'2019-02-01' AS Date), 0, 1, 3)
GO
INSERT [DOCUMENTO].[LISTA_DE_MATERIALES] ([id_documento], [proyecto], [pedido_por], [fecha_pedida], [fecha_aprobada], [aprobado], [aprobado_por], [ingresado_por]) VALUES (98, 3, 4, CAST(N'2019-02-01' AS Date), CAST(N'2019-02-01' AS Date), 1, 2, 3)
GO
INSERT [DOCUMENTO].[LISTA_DE_MATERIALES] ([id_documento], [proyecto], [pedido_por], [fecha_pedida], [fecha_aprobada], [aprobado], [aprobado_por], [ingresado_por]) VALUES (99, 7, 3, CAST(N'2019-02-01' AS Date), CAST(N'2019-02-01' AS Date), 1, 1, 3)
GO
INSERT [DOCUMENTO].[LISTA_DE_MATERIALES] ([id_documento], [proyecto], [pedido_por], [fecha_pedida], [fecha_aprobada], [aprobado], [aprobado_por], [ingresado_por]) VALUES (100, 7, 3, CAST(N'2019-02-01' AS Date), CAST(N'2019-02-01' AS Date), 1, 2, 3)
GO
INSERT [DOCUMENTO].[LISTA_DE_MATERIALES] ([id_documento], [proyecto], [pedido_por], [fecha_pedida], [fecha_aprobada], [aprobado], [aprobado_por], [ingresado_por]) VALUES (101, 8, 7, CAST(N'2019-02-01' AS Date), CAST(N'2019-02-01' AS Date), 1, 1, 3)
GO
INSERT [DOCUMENTO].[LISTA_DE_MATERIALES] ([id_documento], [proyecto], [pedido_por], [fecha_pedida], [fecha_aprobada], [aprobado], [aprobado_por], [ingresado_por]) VALUES (102, 9, 4, CAST(N'2019-02-01' AS Date), CAST(N'2019-02-01' AS Date), 1, 2, 3)
GO
INSERT [DOCUMENTO].[PLANO] ([id_documento], [id_proyecto], [revision], [tipo_plano], [dibujado_por], [revisado_por], [nom_plano], [fecha_creacion], [fecha_revision], [fecha_envio], [path_plano]) VALUES (77, 1, N'A  ', 2, 3, 2, N'TENDIDO HIDRAULICO PARA RETORNOS - PLANTA', CAST(N'2019-02-01' AS Date), CAST(N'2019-02-02' AS Date), CAST(N'2019-02-03' AS Date), N'H:/PLAN/PLAN116.DWG')
GO
INSERT [DOCUMENTO].[PLANO] ([id_documento], [id_proyecto], [revision], [tipo_plano], [dibujado_por], [revisado_por], [nom_plano], [fecha_creacion], [fecha_revision], [fecha_envio], [path_plano]) VALUES (78, 3, N'G  ', 1, 7, 3, N'TENDIDO ELECTRICO PARA REFLECTORES - PLANTA', CAST(N'2017-04-10' AS Date), CAST(N'2017-04-15' AS Date), CAST(N'2017-04-17' AS Date), N'H:/PLAN/PLAN762.DWG')
GO
INSERT [DOCUMENTO].[PLANO] ([id_documento], [id_proyecto], [revision], [tipo_plano], [dibujado_por], [revisado_por], [nom_plano], [fecha_creacion], [fecha_revision], [fecha_envio], [path_plano]) VALUES (79, 4, N'D  ', 3, 7, 3, N'DETALLES CONSTRUCTIVOS - CORTES Y PLANTAS', CAST(N'2019-05-07' AS Date), CAST(N'2019-05-07' AS Date), CAST(N'2019-05-08' AS Date), N'H:/PLAN/PLAN675.DWG')
GO
INSERT [DOCUMENTO].[PLANO] ([id_documento], [id_proyecto], [revision], [tipo_plano], [dibujado_por], [revisado_por], [nom_plano], [fecha_creacion], [fecha_revision], [fecha_envio], [path_plano]) VALUES (80, 2, N'B  ', 4, 3, 2, N'PLANO DE DISTRIBUCION', CAST(N'2015-08-06' AS Date), CAST(N'2015-08-08' AS Date), CAST(N'2015-08-09' AS Date), N'H:/PLAN/PLAN156.DWG')
GO
INSERT [DOCUMENTO].[PLANO] ([id_documento], [id_proyecto], [revision], [tipo_plano], [dibujado_por], [revisado_por], [nom_plano], [fecha_creacion], [fecha_revision], [fecha_envio], [path_plano]) VALUES (81, 6, N'D  ', 1, 3, 1, N'POSICIONES RELATIVAS A ESTRUCTURA EXISTENTE', CAST(N'2017-02-04' AS Date), CAST(N'2017-02-04' AS Date), CAST(N'2017-02-06' AS Date), N'H:/PLAN/PLAN272.DWG')
GO
INSERT [DOCUMENTO].[PLANO] ([id_documento], [id_proyecto], [revision], [tipo_plano], [dibujado_por], [revisado_por], [nom_plano], [fecha_creacion], [fecha_revision], [fecha_envio], [path_plano]) VALUES (82, 4, N'B  ', 4, 4, 3, N'DETALLE DE DEMOLICION DE ESTRUCTURA EXISTENTE', CAST(N'2018-12-24' AS Date), CAST(N'2018-12-26' AS Date), CAST(N'2018-12-27' AS Date), N'H:/PLAN/PLAN372.DWG')
GO
INSERT [DOCUMENTO].[PLANO] ([id_documento], [id_proyecto], [revision], [tipo_plano], [dibujado_por], [revisado_por], [nom_plano], [fecha_creacion], [fecha_revision], [fecha_envio], [path_plano]) VALUES (83, 7, N'G  ', 2, 4, 2, N'PROPUESTA DE TRABAJO A REALIZAR', CAST(N'2019-05-15' AS Date), CAST(N'2019-05-16' AS Date), CAST(N'2019-05-16' AS Date), N'H:/PLAN/PLAN375.DWG')
GO
INSERT [DOCUMENTO].[PLANO] ([id_documento], [id_proyecto], [revision], [tipo_plano], [dibujado_por], [revisado_por], [nom_plano], [fecha_creacion], [fecha_revision], [fecha_envio], [path_plano]) VALUES (84, 1, N'D  ', 3, 3, 2, N'DEMOLICION DE ESTRUCTURAS', CAST(N'2020-02-15' AS Date), CAST(N'2020-02-17' AS Date), CAST(N'2020-02-20' AS Date), N'H:/PLAN/PLAN372.DWG')
GO
INSERT [DOCUMENTO].[PLANO] ([id_documento], [id_proyecto], [revision], [tipo_plano], [dibujado_por], [revisado_por], [nom_plano], [fecha_creacion], [fecha_revision], [fecha_envio], [path_plano]) VALUES (85, 3, N'A  ', 1, 3, 2, N'TENDIDO DE TUBERIAS', CAST(N'2016-09-12' AS Date), CAST(N'2016-09-15' AS Date), CAST(N'2016-09-15' AS Date), N'H:/PLAN/PLAN3751.DWG')
GO
INSERT [DOCUMENTO].[PLANO] ([id_documento], [id_proyecto], [revision], [tipo_plano], [dibujado_por], [revisado_por], [nom_plano], [fecha_creacion], [fecha_revision], [fecha_envio], [path_plano]) VALUES (86, 7, N'E  ', 4, 3, 2, N'DETALLE DE INSTALACION DE REFLECTOR', CAST(N'2017-11-15' AS Date), CAST(N'2017-11-15' AS Date), CAST(N'2017-11-16' AS Date), N'H:/PLAN/PLAN975.DWG')
GO
INSERT [DOCUMENTO].[PLANO] ([id_documento], [id_proyecto], [revision], [tipo_plano], [dibujado_por], [revisado_por], [nom_plano], [fecha_creacion], [fecha_revision], [fecha_envio], [path_plano]) VALUES (87, 4, N'F  ', 4, 4, 3, N'DIAGRAMA DE INSTALACION DE COMPONENTES EN LINEA', CAST(N'2018-10-22' AS Date), CAST(N'2018-10-22' AS Date), CAST(N'2018-10-22' AS Date), N'H:/PLAN/PLAN3751.DWG')
GO
INSERT [DOCUMENTO].[PLANO] ([id_documento], [id_proyecto], [revision], [tipo_plano], [dibujado_por], [revisado_por], [nom_plano], [fecha_creacion], [fecha_revision], [fecha_envio], [path_plano]) VALUES (88, 4, N'D  ', 3, 3, 2, N'PLANO DE ESTRUCTURAS CON OBSERVACIONES', CAST(N'2016-01-02' AS Date), CAST(N'2016-01-03' AS Date), CAST(N'2016-01-09' AS Date), N'H:/PLAN/PLAN756.DWG')
GO
INSERT [DOCUMENTO].[PLANO] ([id_documento], [id_proyecto], [revision], [tipo_plano], [dibujado_por], [revisado_por], [nom_plano], [fecha_creacion], [fecha_revision], [fecha_envio], [path_plano]) VALUES (89, 9, N'C  ', 2, 3, 1, N'PLANO DE PROPUESTA DE DEMOLICION', CAST(N'2017-06-30' AS Date), CAST(N'2017-06-30' AS Date), CAST(N'2019-07-02' AS Date), N'H:/PLAN/PLAN342.DWG')
GO
INSERT [DOCUMENTO].[PLANO] ([id_documento], [id_proyecto], [revision], [tipo_plano], [dibujado_por], [revisado_por], [nom_plano], [fecha_creacion], [fecha_revision], [fecha_envio], [path_plano]) VALUES (90, 9, N'B  ', 3, 3, 2, N'DETALLE DE INSTALACION DE EQUIPOS', CAST(N'2018-05-27' AS Date), CAST(N'2018-05-28' AS Date), CAST(N'2018-06-01' AS Date), N'H:/PLAN/PLAN756.DWG')
GO
SET IDENTITY_INSERT [DOCUMENTO].[PLANO_TIPO] ON 
GO
INSERT [DOCUMENTO].[PLANO_TIPO] ([id_tipo_plano], [nom_tipo_plano]) VALUES (1, N'ELECTRICO')
GO
INSERT [DOCUMENTO].[PLANO_TIPO] ([id_tipo_plano], [nom_tipo_plano]) VALUES (2, N'HIDRAULICO')
GO
INSERT [DOCUMENTO].[PLANO_TIPO] ([id_tipo_plano], [nom_tipo_plano]) VALUES (3, N'UNIFILAR')
GO
INSERT [DOCUMENTO].[PLANO_TIPO] ([id_tipo_plano], [nom_tipo_plano]) VALUES (4, N'ESTRUCTURAL')
GO
SET IDENTITY_INSERT [DOCUMENTO].[PLANO_TIPO] OFF
GO
INSERT [DOCUMENTO].[REPORTE_SUPERVISION] ([id_documento], [id_proyecto], [id_supervisor], [fecha_reporte], [detalles_reporte], [path_scan_reporte]) VALUES (49, 2, 3, CAST(N'2018-11-05' AS Date), N'El tecnico realizo los trabajos solicitados de manera correcta.', N'H:/DOC/REPSUP/REPSUP1.PDF')
GO
INSERT [DOCUMENTO].[REPORTE_SUPERVISION] ([id_documento], [id_proyecto], [id_supervisor], [fecha_reporte], [detalles_reporte], [path_scan_reporte]) VALUES (50, 7, 4, CAST(N'2017-05-25' AS Date), N'Se encontro la gotera.', N'H:/DOC/REPSUP/REPSUP2.PDF')
GO
INSERT [DOCUMENTO].[REPORTE_SUPERVISION] ([id_documento], [id_proyecto], [id_supervisor], [fecha_reporte], [detalles_reporte], [path_scan_reporte]) VALUES (51, 6, 3, CAST(N'2019-07-02' AS Date), N'El ingeniero no se reporto a la obra.', N'H:/DOC/REPSUP/REPSUP3.PDF')
GO
INSERT [DOCUMENTO].[REPORTE_SUPERVISION] ([id_documento], [id_proyecto], [id_supervisor], [fecha_reporte], [detalles_reporte], [path_scan_reporte]) VALUES (52, 4, 4, CAST(N'2018-11-05' AS Date), N'Los planos coinciden con la realidad y fueron aprobados.', N'H:/DOC/REPSUP/REPSUP4.PDF')
GO
INSERT [DOCUMENTO].[REPORTE_SUPERVISION] ([id_documento], [id_proyecto], [id_supervisor], [fecha_reporte], [detalles_reporte], [path_scan_reporte]) VALUES (53, 3, 3, CAST(N'2017-05-25' AS Date), N'El tecnico malogro la herramienta de la empresa', N'H:/DOC/REPSUP/REPSUP5.PDF')
GO
INSERT [DOCUMENTO].[REPORTE_SUPERVISION] ([id_documento], [id_proyecto], [id_supervisor], [fecha_reporte], [detalles_reporte], [path_scan_reporte]) VALUES (54, 7, 4, CAST(N'2019-07-02' AS Date), N'No se pudo trabajar por vientos excesivos.', N'H:/DOC/REPSUP/REPSUP6.PDF')
GO
INSERT [DOCUMENTO].[REPORTE_SUPERVISION] ([id_documento], [id_proyecto], [id_supervisor], [fecha_reporte], [detalles_reporte], [path_scan_reporte]) VALUES (55, 9, 3, CAST(N'2018-11-05' AS Date), N'Hubo una interrupcion en el suministro de energia', N'H:/DOC/REPSUP/REPSUP7.PDF')
GO
INSERT [DOCUMENTO].[REPORTE_SUPERVISION] ([id_documento], [id_proyecto], [id_supervisor], [fecha_reporte], [detalles_reporte], [path_scan_reporte]) VALUES (56, 4, 3, CAST(N'2017-05-25' AS Date), N'Los oficiales de la municipales aprobaron de la obra en su visita.', N'H:/DOC/REPSUP/REPSUP8.PDF')
GO
INSERT [DOCUMENTO].[REPORTE_SUPERVISION] ([id_documento], [id_proyecto], [id_supervisor], [fecha_reporte], [detalles_reporte], [path_scan_reporte]) VALUES (57, 8, 4, CAST(N'2019-07-02' AS Date), N'Hubo un robo de herramientas, se reporto a las autoridades.', N'H:/DOC/REPSUP/REPSUP9.PDF')
GO
INSERT [DOCUMENTO].[REPORTE_SUPERVISION] ([id_documento], [id_proyecto], [id_supervisor], [fecha_reporte], [detalles_reporte], [path_scan_reporte]) VALUES (58, 2, 3, CAST(N'2018-11-05' AS Date), N'Se sompleto la fase uno y se inicio la segunda fase.', N'H:/DOC/REPSUP/REPSUP10.PDF')
GO
INSERT [DOCUMENTO].[REPORTE_SUPERVISION] ([id_documento], [id_proyecto], [id_supervisor], [fecha_reporte], [detalles_reporte], [path_scan_reporte]) VALUES (59, 1, 3, CAST(N'2017-05-25' AS Date), N'Los trabajadores llegaron tarde. ', N'H:/DOC/REPSUP/REPSUP11.PDF')
GO
INSERT [DOCUMENTO].[REPORTE_SUPERVISION] ([id_documento], [id_proyecto], [id_supervisor], [fecha_reporte], [detalles_reporte], [path_scan_reporte]) VALUES (60, 3, 4, CAST(N'2019-07-02' AS Date), N'Los materiales llegaron a tiempo.', N'H:/DOC/REPSUP/REPSUP12.PDF')
GO
INSERT [DOCUMENTO].[REPORTE_SUPERVISION] ([id_documento], [id_proyecto], [id_supervisor], [fecha_reporte], [detalles_reporte], [path_scan_reporte]) VALUES (61, 7, 3, CAST(N'2018-11-05' AS Date), N'Se explico al ingeniero el funcionamiento de la maquinarioa.', N'H:/DOC/REPSUP/REPSUP13.PDF')
GO
INSERT [DOCUMENTO].[REPORTE_SUPERVISION] ([id_documento], [id_proyecto], [id_supervisor], [fecha_reporte], [detalles_reporte], [path_scan_reporte]) VALUES (62, 7, 3, CAST(N'2017-05-25' AS Date), N'Los dueños del proyecto se acercaron para conversar sobre los avances.', N'H:/DOC/REPSUP/REPSUP14.PDF')
GO
INSERT [DOCUMENTO].[REPORTE_SUPERVISION] ([id_documento], [id_proyecto], [id_supervisor], [fecha_reporte], [detalles_reporte], [path_scan_reporte]) VALUES (63, 9, 4, CAST(N'2019-07-02' AS Date), N'Gerencia indico que se debe acelerar el trabajo.', N'H:/DOC/REPSUP/REPSUP15.PDF')
GO
INSERT [DOCUMENTO].[REPORTE_SUPERVISION] ([id_documento], [id_proyecto], [id_supervisor], [fecha_reporte], [detalles_reporte], [path_scan_reporte]) VALUES (64, 4, 3, CAST(N'2018-11-05' AS Date), N'Se concluyeron los trabajos estructurales.', N'H:/DOC/REPSUP/REPSUP16.PDF')
GO
INSERT [DOCUMENTO].[REPORTE_SUPERVISION] ([id_documento], [id_proyecto], [id_supervisor], [fecha_reporte], [detalles_reporte], [path_scan_reporte]) VALUES (65, 8, 4, CAST(N'2017-05-25' AS Date), N'Hubo un accidente con un trabajador.', N'H:/DOC/REPSUP/REPSUP17.PDF')
GO
INSERT [DOCUMENTO].[REPORTE_SUPERVISION] ([id_documento], [id_proyecto], [id_supervisor], [fecha_reporte], [detalles_reporte], [path_scan_reporte]) VALUES (66, 6, 3, CAST(N'2019-07-02' AS Date), N'No se apersono el supervisor de la empresa contratante.', N'H:/DOC/REPSUP/REPSUP18.PDF')
GO
INSERT [DOCUMENTO].[REPORTE_TECNICO] ([id_documento], [id_proyecto], [id_tecnico], [fecha_reporte], [detalles_reporte], [path_scan_reporte]) VALUES (22, 1, 5, CAST(N'2017-05-10' AS Date), N'Mantenimiento de la bomba.', N'H:/DOC/REPTEC/REPTEC12.PDF')
GO
INSERT [DOCUMENTO].[REPORTE_TECNICO] ([id_documento], [id_proyecto], [id_tecnico], [fecha_reporte], [detalles_reporte], [path_scan_reporte]) VALUES (23, 4, 10, CAST(N'2018-04-11' AS Date), N'Se realizo la instalacion del filtro', N'H:/DOC/REPTEC/REPTEC4456.PDF')
GO
INSERT [DOCUMENTO].[REPORTE_TECNICO] ([id_documento], [id_proyecto], [id_tecnico], [fecha_reporte], [detalles_reporte], [path_scan_reporte]) VALUES (24, 7, 11, CAST(N'2019-01-02' AS Date), N'No permitieron el ingreso a la obra', N'H:/DOC/REPTEC/REPTEC4563.PDF')
GO
INSERT [DOCUMENTO].[REPORTE_TECNICO] ([id_documento], [id_proyecto], [id_tecnico], [fecha_reporte], [detalles_reporte], [path_scan_reporte]) VALUES (25, 6, 5, CAST(N'2017-05-10' AS Date), N'El almuerzo no llego a tiempo', N'H:/DOC/REPTEC/REPTEC137.PDF')
GO
INSERT [DOCUMENTO].[REPORTE_TECNICO] ([id_documento], [id_proyecto], [id_tecnico], [fecha_reporte], [detalles_reporte], [path_scan_reporte]) VALUES (26, 3, 11, CAST(N'2018-04-11' AS Date), N'se limpio la caseta', N'H:/DOC/REPTEC/REPTEC573.PDF')
GO
INSERT [DOCUMENTO].[REPORTE_TECNICO] ([id_documento], [id_proyecto], [id_tecnico], [fecha_reporte], [detalles_reporte], [path_scan_reporte]) VALUES (27, 9, 5, CAST(N'2019-01-02' AS Date), N'El cuarzo fue cambiado', N'H:/DOC/REPTEC/REPTEC3753.PDF')
GO
INSERT [DOCUMENTO].[REPORTE_TECNICO] ([id_documento], [id_proyecto], [id_tecnico], [fecha_reporte], [detalles_reporte], [path_scan_reporte]) VALUES (28, 7, 10, CAST(N'2017-05-10' AS Date), N'Se completo el trabajo de la fase uno', N'H:/DOC/REPTEC/REPTEC7531.PDF')
GO
INSERT [DOCUMENTO].[REPORTE_TECNICO] ([id_documento], [id_proyecto], [id_tecnico], [fecha_reporte], [detalles_reporte], [path_scan_reporte]) VALUES (29, 8, 5, CAST(N'2018-04-11' AS Date), N'El supervisor trajo las herramientas faltantes', N'H:/DOC/REPTEC/REPTEC2735.PDF')
GO
INSERT [DOCUMENTO].[REPORTE_TECNICO] ([id_documento], [id_proyecto], [id_tecnico], [fecha_reporte], [detalles_reporte], [path_scan_reporte]) VALUES (30, 4, 5, CAST(N'2019-01-02' AS Date), N'Pintamos la casa completamente', N'H:/DOC/REPTEC/REPTEC345.PDF')
GO
INSERT [DOCUMENTO].[REPORTE_TECNICO] ([id_documento], [id_proyecto], [id_tecnico], [fecha_reporte], [detalles_reporte], [path_scan_reporte]) VALUES (31, 3, 10, CAST(N'2017-05-10' AS Date), N'El taxi se retraso y se llego targe a la obra', N'H:/DOC/REPTEC/REPTEC173.PDF')
GO
INSERT [DOCUMENTO].[REPORTE_TECNICO] ([id_documento], [id_proyecto], [id_tecnico], [fecha_reporte], [detalles_reporte], [path_scan_reporte]) VALUES (32, 4, 5, CAST(N'2018-04-11' AS Date), N'La soldadora dejo de funcionar', N'H:/DOC/REPTEC/REPTEC75232.PDF')
GO
INSERT [DOCUMENTO].[REPORTE_TECNICO] ([id_documento], [id_proyecto], [id_tecnico], [fecha_reporte], [detalles_reporte], [path_scan_reporte]) VALUES (33, 3, 12, CAST(N'2019-01-02' AS Date), N'Se insala el pasamanos', N'H:/DOC/REPTEC/REPTEC3752.PDF')
GO
INSERT [DOCUMENTO].[REPORTE_TECNICO] ([id_documento], [id_proyecto], [id_tecnico], [fecha_reporte], [detalles_reporte], [path_scan_reporte]) VALUES (34, 2, 5, CAST(N'2017-05-10' AS Date), N'Los acabados fueron inspeccionados ', N'H:/DOC/REPTEC/REPTEC231.PDF')
GO
INSERT [DOCUMENTO].[REPORTE_TECNICO] ([id_documento], [id_proyecto], [id_tecnico], [fecha_reporte], [detalles_reporte], [path_scan_reporte]) VALUES (35, 1, 12, CAST(N'2018-04-11' AS Date), N'Se lleno la piscina', N'H:/DOC/REPTEC/REPTEC432.PDF')
GO
INSERT [DOCUMENTO].[REPORTE_TECNICO] ([id_documento], [id_proyecto], [id_tecnico], [fecha_reporte], [detalles_reporte], [path_scan_reporte]) VALUES (36, 4, 5, CAST(N'2019-01-02' AS Date), N'Se saco la bomba', N'H:/DOC/REPTEC/REPTEC733.PDF')
GO
INSERT [DOCUMENTO].[REPORTE_TECNICO] ([id_documento], [id_proyecto], [id_tecnico], [fecha_reporte], [detalles_reporte], [path_scan_reporte]) VALUES (37, 6, 11, CAST(N'2017-05-10' AS Date), N'Se saco el filtro', N'H:/DOC/REPTEC/REPTEC731.PDF')
GO
INSERT [DOCUMENTO].[REPORTE_TECNICO] ([id_documento], [id_proyecto], [id_tecnico], [fecha_reporte], [detalles_reporte], [path_scan_reporte]) VALUES (38, 7, 5, CAST(N'2018-04-11' AS Date), N'Se realizo el cableado de la luz', N'H:/DOC/REPTEC/REPTEC3782.PDF')
GO
INSERT [DOCUMENTO].[REPORTE_TECNICO] ([id_documento], [id_proyecto], [id_tecnico], [fecha_reporte], [detalles_reporte], [path_scan_reporte]) VALUES (39, 8, 5, CAST(N'2019-01-02' AS Date), N'Se instalo el timer', N'H:/DOC/REPTEC/REPTEC7313.PDF')
GO
INSERT [DOCUMENTO].[REPORTE_TECNICO] ([id_documento], [id_proyecto], [id_tecnico], [fecha_reporte], [detalles_reporte], [path_scan_reporte]) VALUES (40, 2, 12, CAST(N'2017-05-10' AS Date), N'Se cambio la llave termica', N'H:/DOC/REPTEC/REPTEC3471.PDF')
GO
INSERT [DOCUMENTO].[REPORTE_TECNICO] ([id_documento], [id_proyecto], [id_tecnico], [fecha_reporte], [detalles_reporte], [path_scan_reporte]) VALUES (41, 4, 5, CAST(N'2018-04-11' AS Date), N'Instalacion de los faros acuaticos', N'H:/DOC/REPTEC/REPTEC273.PDF')
GO
INSERT [DOCUMENTO].[REPORTE_TECNICO] ([id_documento], [id_proyecto], [id_tecnico], [fecha_reporte], [detalles_reporte], [path_scan_reporte]) VALUES (42, 6, 5, CAST(N'2019-01-02' AS Date), N'Demolicion parcial de la pared separadora', N'H:/DOC/REPTEC/REPTEC733.PDF')
GO
INSERT [DOCUMENTO].[REPORTE_TECNICO] ([id_documento], [id_proyecto], [id_tecnico], [fecha_reporte], [detalles_reporte], [path_scan_reporte]) VALUES (43, 7, 12, CAST(N'2017-05-10' AS Date), N'Prueba de presion', N'H:/DOC/REPTEC/REPTEC1783.PDF')
GO
INSERT [DOCUMENTO].[REPORTE_TECNICO] ([id_documento], [id_proyecto], [id_tecnico], [fecha_reporte], [detalles_reporte], [path_scan_reporte]) VALUES (44, 7, 5, CAST(N'2018-04-11' AS Date), N'Se visito la obra y se midio la zona de construccion', N'H:/DOC/REPTEC/REPTEC012.PDF')
GO
INSERT [DOCUMENTO].[REPORTE_TECNICO] ([id_documento], [id_proyecto], [id_tecnico], [fecha_reporte], [detalles_reporte], [path_scan_reporte]) VALUES (45, 1, 5, CAST(N'2019-01-02' AS Date), N'Se entregaron los materiales requeridos', N'H:/DOC/REPTEC/REPTEC307.PDF')
GO
INSERT [DOCUMENTO].[REPORTE_TECNICO] ([id_documento], [id_proyecto], [id_tecnico], [fecha_reporte], [detalles_reporte], [path_scan_reporte]) VALUES (46, 9, 11, CAST(N'2017-05-10' AS Date), N'Se instalo la canaleta', N'H:/DOC/REPTEC/REPTEC1077.PDF')
GO
INSERT [DOCUMENTO].[REPORTE_TECNICO] ([id_documento], [id_proyecto], [id_tecnico], [fecha_reporte], [detalles_reporte], [path_scan_reporte]) VALUES (47, 1, 5, CAST(N'2018-04-11' AS Date), N'El corte de la canaleta se realizo en obra', N'H:/DOC/REPTEC/REPTEC276.PDF')
GO
INSERT [DOCUMENTO].[REPORTE_TECNICO] ([id_documento], [id_proyecto], [id_tecnico], [fecha_reporte], [detalles_reporte], [path_scan_reporte]) VALUES (48, 3, 5, CAST(N'2019-01-02' AS Date), N'Los faros no funcionaron y fueron devueltos.', N'H:/DOC/REPTEC/REPTEC36.PDF')
GO
SET IDENTITY_INSERT [INVENTARIO].[ARTICULO] ON 
GO
INSERT [INVENTARIO].[ARTICULO] ([id_item], [nom_articulo], [marca_articulo], [descripcion_articulo], [unidad_medida_articulo], [valor_unitario], [unidades_disponibles], [id_proveedor]) VALUES (1, N'TUBO PVC90 2in', N'TUBERIA INFINITA', N'TUBOS DE 3M DIAMETRO 2PULG PRESION MAXIMA 100PSI', N'TUBO DE 3M', 35.0000, 498, 3)
GO
INSERT [INVENTARIO].[ARTICULO] ([id_item], [nom_articulo], [marca_articulo], [descripcion_articulo], [unidad_medida_articulo], [valor_unitario], [unidades_disponibles], [id_proveedor]) VALUES (2, N'BOMBA 15HP', N'IMPORTACIONES CHINO', N'BOMBA CENTRIFUGA DE 15HP', N'UNIT', 1500.0000, 5, 1)
GO
INSERT [INVENTARIO].[ARTICULO] ([id_item], [nom_articulo], [marca_articulo], [descripcion_articulo], [unidad_medida_articulo], [valor_unitario], [unidades_disponibles], [id_proveedor]) VALUES (3, N'FILTRO 48IN', N'FILTRACIONES PERU', N'FILTRO DE QUARZO 48IN', N'UNIT', 500.0000, 15, 4)
GO
INSERT [INVENTARIO].[ARTICULO] ([id_item], [nom_articulo], [marca_articulo], [descripcion_articulo], [unidad_medida_articulo], [valor_unitario], [unidades_disponibles], [id_proveedor]) VALUES (4, N'Elctrobomba Pentair 1.0hp OptiFlo', N'Pentair', N'BOMBA CENTRIFUGA DE 1HP', N'UNIT', 390.0000, 39, 4)
GO
INSERT [INVENTARIO].[ARTICULO] ([id_item], [nom_articulo], [marca_articulo], [descripcion_articulo], [unidad_medida_articulo], [valor_unitario], [unidades_disponibles], [id_proveedor]) VALUES (5, N'Elctrobomba Pentair 1.5hp OptiFlo', N'Pentair', N'BOMBA CENTRIFUGA DE 1.5HP', N'UNIT', 420.0000, 12, 4)
GO
INSERT [INVENTARIO].[ARTICULO] ([id_item], [nom_articulo], [marca_articulo], [descripcion_articulo], [unidad_medida_articulo], [valor_unitario], [unidades_disponibles], [id_proveedor]) VALUES (6, N'Elctrobomba Pentair 2.0hp SuperFlo', N'Pentair', N'BOMBA CENTRIFUGA DE 2HP', N'UNIT', 720.0000, 24, 4)
GO
INSERT [INVENTARIO].[ARTICULO] ([id_item], [nom_articulo], [marca_articulo], [descripcion_articulo], [unidad_medida_articulo], [valor_unitario], [unidades_disponibles], [id_proveedor]) VALUES (7, N'Elctrobomba Pentair 3.0hp WhisperFlo', N'Pentair', N'BOMBA CENTRIFUGA DE 3HP', N'UNIT', 1500.0000, 7, 4)
GO
INSERT [INVENTARIO].[ARTICULO] ([id_item], [nom_articulo], [marca_articulo], [descripcion_articulo], [unidad_medida_articulo], [valor_unitario], [unidades_disponibles], [id_proveedor]) VALUES (8, N'Elctrobomba Pentair 3.4hp OptiFlo', N'Pentair', N'BOMBA CENTRIFUGA DE 3.4HP', N'UNIT', 357.0000, 17, 4)
GO
INSERT [INVENTARIO].[ARTICULO] ([id_item], [nom_articulo], [marca_articulo], [descripcion_articulo], [unidad_medida_articulo], [valor_unitario], [unidades_disponibles], [id_proveedor]) VALUES (9, N'Elctrobomba Pentair 5.0hp OptiFlo', N'Pentair', N'BOMBA CENTRIFUGA DE 5HP', N'UNIT', 2930.0000, 2, 4)
GO
SET IDENTITY_INSERT [INVENTARIO].[ARTICULO] OFF
GO
SET IDENTITY_INSERT [INVENTARIO].[ESPECIALIDADES_PROV] ON 
GO
INSERT [INVENTARIO].[ESPECIALIDADES_PROV] ([id_especialidad], [nom_especialidad], [desc_especialidad]) VALUES (1, N'BOMBAS', N'VENTA DE BOMBAS')
GO
INSERT [INVENTARIO].[ESPECIALIDADES_PROV] ([id_especialidad], [nom_especialidad], [desc_especialidad]) VALUES (2, N'MADERAS', N'VENTA DE MADERA')
GO
INSERT [INVENTARIO].[ESPECIALIDADES_PROV] ([id_especialidad], [nom_especialidad], [desc_especialidad]) VALUES (3, N'TUBOS', N'VENTA DE TUBOS')
GO
INSERT [INVENTARIO].[ESPECIALIDADES_PROV] ([id_especialidad], [nom_especialidad], [desc_especialidad]) VALUES (4, N'FILTROS', N'VENTA DE FILTROS')
GO
INSERT [INVENTARIO].[ESPECIALIDADES_PROV] ([id_especialidad], [nom_especialidad], [desc_especialidad]) VALUES (5, N'OTROS', N'VENTA DE PRODUCTOS VARIOS')
GO
SET IDENTITY_INSERT [INVENTARIO].[ESPECIALIDADES_PROV] OFF
GO
SET IDENTITY_INSERT [INVENTARIO].[PROVEEDOR] ON 
GO
INSERT [INVENTARIO].[PROVEEDOR] ([id_proveedor], [especialidad_proveedor], [pais_proveedor], [nom_proveedor]) VALUES (1, 1, 168, N'BOMBAS Y MAS')
GO
INSERT [INVENTARIO].[PROVEEDOR] ([id_proveedor], [especialidad_proveedor], [pais_proveedor], [nom_proveedor]) VALUES (2, 2, 168, N'ARBOLES PROCESADOS')
GO
INSERT [INVENTARIO].[PROVEEDOR] ([id_proveedor], [especialidad_proveedor], [pais_proveedor], [nom_proveedor]) VALUES (3, 3, 168, N'TEBERIA INFINITA')
GO
INSERT [INVENTARIO].[PROVEEDOR] ([id_proveedor], [especialidad_proveedor], [pais_proveedor], [nom_proveedor]) VALUES (4, 4, 168, N'FILTRACIONES PERU')
GO
SET IDENTITY_INSERT [INVENTARIO].[PROVEEDOR] OFF
GO
SET IDENTITY_INSERT [MARKETING].[CONTACTO_INICIAL] ON 
GO
INSERT [MARKETING].[CONTACTO_INICIAL] ([id_contacto], [nom_forma_contacto]) VALUES (1, N'TELEFONO')
GO
INSERT [MARKETING].[CONTACTO_INICIAL] ([id_contacto], [nom_forma_contacto]) VALUES (2, N'VISITA A OBRA')
GO
INSERT [MARKETING].[CONTACTO_INICIAL] ([id_contacto], [nom_forma_contacto]) VALUES (3, N'WEB')
GO
INSERT [MARKETING].[CONTACTO_INICIAL] ([id_contacto], [nom_forma_contacto]) VALUES (4, N'AREA DE MARKETING')
GO
INSERT [MARKETING].[CONTACTO_INICIAL] ([id_contacto], [nom_forma_contacto]) VALUES (5, N'VISITARON OFICINA')
GO
SET IDENTITY_INSERT [MARKETING].[CONTACTO_INICIAL] OFF
GO
SET IDENTITY_INSERT [MARKETING].[ENVIABLE] ON 
GO
INSERT [MARKETING].[ENVIABLE] ([id_presentacion], [descripcion_presentacion], [path_presentacion]) VALUES (1, N'PRESENTACION DE PISCINAS', N'Z:/DATA/PRES/1.PDF')
GO
INSERT [MARKETING].[ENVIABLE] ([id_presentacion], [descripcion_presentacion], [path_presentacion]) VALUES (2, N'PRESENTACION DE LAGUNAS', N'Z:/DATA/PRES/2.PDF')
GO
INSERT [MARKETING].[ENVIABLE] ([id_presentacion], [descripcion_presentacion], [path_presentacion]) VALUES (3, N'PRESENTACION DE SPAS', N'Z:/DATA/PRES/3.PDF')
GO
INSERT [MARKETING].[ENVIABLE] ([id_presentacion], [descripcion_presentacion], [path_presentacion]) VALUES (4, N'PRESENTACION DE SEMIOLIMPICAS', N'Z:/DATA/PRES/4.PDF')
GO
INSERT [MARKETING].[ENVIABLE] ([id_presentacion], [descripcion_presentacion], [path_presentacion]) VALUES (5, N'PRESENTACION DE ACABADOS', N'Z:/DATA/PRES/1.PDF')
GO
INSERT [MARKETING].[ENVIABLE] ([id_presentacion], [descripcion_presentacion], [path_presentacion]) VALUES (6, N'PRESENTACION DE MADERAS', N'Z:/DATA/PRES/2.PDF')
GO
INSERT [MARKETING].[ENVIABLE] ([id_presentacion], [descripcion_presentacion], [path_presentacion]) VALUES (7, N'PRESENTACION DE COLEGIOS', N'Z:/DATA/PRES/3.PDF')
GO
INSERT [MARKETING].[ENVIABLE] ([id_presentacion], [descripcion_presentacion], [path_presentacion]) VALUES (8, N'PRESENTACION DE DURALITE', N'Z:/DATA/PRES/4.PDF')
GO
INSERT [MARKETING].[ENVIABLE] ([id_presentacion], [descripcion_presentacion], [path_presentacion]) VALUES (9, N'PRESENTACION DE CLUBES', N'Z:/DATA/PRES/1.PDF')
GO
INSERT [MARKETING].[ENVIABLE] ([id_presentacion], [descripcion_presentacion], [path_presentacion]) VALUES (10, N'PRESENTACION DE PANAMERICANOS', N'Z:/DATA/PRES/2.PDF')
GO
INSERT [MARKETING].[ENVIABLE] ([id_presentacion], [descripcion_presentacion], [path_presentacion]) VALUES (11, N'PRESENTACION DE LAGUNAS 2', N'Z:/DATA/PRES/3.PDF')
GO
INSERT [MARKETING].[ENVIABLE] ([id_presentacion], [descripcion_presentacion], [path_presentacion]) VALUES (12, N'PRESENTACION DE BOLIVARIANOS', N'Z:/DATA/PRES/4.PDF')
GO
INSERT [MARKETING].[ENVIABLE] ([id_presentacion], [descripcion_presentacion], [path_presentacion]) VALUES (13, N'PRESENTACION DE PROYECTOS NOTABLES', N'Z:/DATA/PRES/1.PDF')
GO
INSERT [MARKETING].[ENVIABLE] ([id_presentacion], [descripcion_presentacion], [path_presentacion]) VALUES (14, N'PRESENTACION DE PROYECTOS GRANDES', N'Z:/DATA/PRES/2.PDF')
GO
INSERT [MARKETING].[ENVIABLE] ([id_presentacion], [descripcion_presentacion], [path_presentacion]) VALUES (15, N'PRESENTACION DE LUCES', N'Z:/DATA/PRES/3.PDF')
GO
INSERT [MARKETING].[ENVIABLE] ([id_presentacion], [descripcion_presentacion], [path_presentacion]) VALUES (16, N'PRESENTACION DE IMPORTACIONES', N'Z:/DATA/PRES/4.PDF')
GO
INSERT [MARKETING].[ENVIABLE] ([id_presentacion], [descripcion_presentacion], [path_presentacion]) VALUES (17, N'PRESENTACION DE ESPECIALIDADES', N'Z:/DATA/PRES/1.PDF')
GO
INSERT [MARKETING].[ENVIABLE] ([id_presentacion], [descripcion_presentacion], [path_presentacion]) VALUES (18, N'PRESENTACION DE JUEGOS ACUATICOS', N'Z:/DATA/PRES/2.PDF')
GO
INSERT [MARKETING].[ENVIABLE] ([id_presentacion], [descripcion_presentacion], [path_presentacion]) VALUES (19, N'PRESENTACION DE PRODUCTOS', N'Z:/DATA/PRES/3.PDF')
GO
INSERT [MARKETING].[ENVIABLE] ([id_presentacion], [descripcion_presentacion], [path_presentacion]) VALUES (20, N'PRESENTACION DE INDUSTRIALES', N'Z:/DATA/PRES/4.PDF')
GO
INSERT [MARKETING].[ENVIABLE] ([id_presentacion], [descripcion_presentacion], [path_presentacion]) VALUES (21, N'PRESENTACION DE GUBERNAMENTALES', N'Z:/DATA/PRES/1.PDF')
GO
INSERT [MARKETING].[ENVIABLE] ([id_presentacion], [descripcion_presentacion], [path_presentacion]) VALUES (22, N'PRESENTACION DE RECREACIONALES', N'Z:/DATA/PRES/2.PDF')
GO
INSERT [MARKETING].[ENVIABLE] ([id_presentacion], [descripcion_presentacion], [path_presentacion]) VALUES (23, N'PRESENTACION DE COMERCIALES', N'Z:/DATA/PRES/3.PDF')
GO
INSERT [MARKETING].[ENVIABLE] ([id_presentacion], [descripcion_presentacion], [path_presentacion]) VALUES (24, N'PRESENTACION DE PUBLICOS', N'Z:/DATA/PRES/4.PDF')
GO
SET IDENTITY_INSERT [MARKETING].[ENVIABLE] OFF
GO
SET IDENTITY_INSERT [MARKETING].[ENVIO] ON 
GO
INSERT [MARKETING].[ENVIO] ([id_envio], [id_recividor], [id_ficha_marketing], [id_enviador], [presentacion_enviada], [fecha]) VALUES (1, 14, 1, 5, 1, CAST(N'2018-12-04T00:00:00.000' AS DateTime))
GO
INSERT [MARKETING].[ENVIO] ([id_envio], [id_recividor], [id_ficha_marketing], [id_enviador], [presentacion_enviada], [fecha]) VALUES (2, 15, 2, 5, 1, CAST(N'2016-08-04T00:00:00.000' AS DateTime))
GO
INSERT [MARKETING].[ENVIO] ([id_envio], [id_recividor], [id_ficha_marketing], [id_enviador], [presentacion_enviada], [fecha]) VALUES (3, 16, 3, 5, 1, CAST(N'2013-07-05T00:00:00.000' AS DateTime))
GO
SET IDENTITY_INSERT [MARKETING].[ENVIO] OFF
GO
SET IDENTITY_INSERT [MARKETING].[FICHA_MARKETING] ON 
GO
INSERT [MARKETING].[FICHA_MARKETING] ([id_ficha_marketing], [id_persona_fuente], [forma_contacto_inical], [primer_interes], [fecha_primer_contacto], [fecha_ultimo_contacto]) VALUES (1, 8, 1, 1, CAST(N'2006-04-04T00:00:00.000' AS DateTime), CAST(N'2016-10-15T00:00:00.000' AS DateTime))
GO
INSERT [MARKETING].[FICHA_MARKETING] ([id_ficha_marketing], [id_persona_fuente], [forma_contacto_inical], [primer_interes], [fecha_primer_contacto], [fecha_ultimo_contacto]) VALUES (2, 8, 2, 3, CAST(N'2015-07-02T00:00:00.000' AS DateTime), CAST(N'2019-12-04T00:00:00.000' AS DateTime))
GO
INSERT [MARKETING].[FICHA_MARKETING] ([id_ficha_marketing], [id_persona_fuente], [forma_contacto_inical], [primer_interes], [fecha_primer_contacto], [fecha_ultimo_contacto]) VALUES (3, 2, 2, 3, CAST(N'2014-11-19T00:00:00.000' AS DateTime), CAST(N'2017-09-07T00:00:00.000' AS DateTime))
GO
INSERT [MARKETING].[FICHA_MARKETING] ([id_ficha_marketing], [id_persona_fuente], [forma_contacto_inical], [primer_interes], [fecha_primer_contacto], [fecha_ultimo_contacto]) VALUES (36, 1, 1, 1, CAST(N'2020-05-31T23:55:30.587' AS DateTime), CAST(N'2020-05-31T23:55:30.583' AS DateTime))
GO
INSERT [MARKETING].[FICHA_MARKETING] ([id_ficha_marketing], [id_persona_fuente], [forma_contacto_inical], [primer_interes], [fecha_primer_contacto], [fecha_ultimo_contacto]) VALUES (37, 1, 1, 1, CAST(N'2020-05-31T23:56:33.497' AS DateTime), CAST(N'2020-05-31T23:56:33.490' AS DateTime))
GO
INSERT [MARKETING].[FICHA_MARKETING] ([id_ficha_marketing], [id_persona_fuente], [forma_contacto_inical], [primer_interes], [fecha_primer_contacto], [fecha_ultimo_contacto]) VALUES (38, 1, 1, 1, CAST(N'2020-05-31T23:57:14.553' AS DateTime), CAST(N'2020-05-31T23:57:14.550' AS DateTime))
GO
INSERT [MARKETING].[FICHA_MARKETING] ([id_ficha_marketing], [id_persona_fuente], [forma_contacto_inical], [primer_interes], [fecha_primer_contacto], [fecha_ultimo_contacto]) VALUES (39, 1, 1, 1, CAST(N'2020-06-01T00:00:46.190' AS DateTime), CAST(N'2020-06-01T00:00:46.187' AS DateTime))
GO
INSERT [MARKETING].[FICHA_MARKETING] ([id_ficha_marketing], [id_persona_fuente], [forma_contacto_inical], [primer_interes], [fecha_primer_contacto], [fecha_ultimo_contacto]) VALUES (40, 1, 1, 1, CAST(N'2020-06-01T00:00:46.190' AS DateTime), CAST(N'2020-06-01T00:00:46.187' AS DateTime))
GO
INSERT [MARKETING].[FICHA_MARKETING] ([id_ficha_marketing], [id_persona_fuente], [forma_contacto_inical], [primer_interes], [fecha_primer_contacto], [fecha_ultimo_contacto]) VALUES (41, 1, 1, 1, CAST(N'2020-06-01T00:00:46.190' AS DateTime), CAST(N'2020-06-01T00:00:46.187' AS DateTime))
GO
INSERT [MARKETING].[FICHA_MARKETING] ([id_ficha_marketing], [id_persona_fuente], [forma_contacto_inical], [primer_interes], [fecha_primer_contacto], [fecha_ultimo_contacto]) VALUES (42, 1, 1, 1, CAST(N'2020-06-01T00:00:46.190' AS DateTime), CAST(N'2020-06-01T00:00:46.187' AS DateTime))
GO
INSERT [MARKETING].[FICHA_MARKETING] ([id_ficha_marketing], [id_persona_fuente], [forma_contacto_inical], [primer_interes], [fecha_primer_contacto], [fecha_ultimo_contacto]) VALUES (43, 1, 1, 1, CAST(N'2020-06-01T00:00:46.190' AS DateTime), CAST(N'2020-06-01T00:00:46.187' AS DateTime))
GO
INSERT [MARKETING].[FICHA_MARKETING] ([id_ficha_marketing], [id_persona_fuente], [forma_contacto_inical], [primer_interes], [fecha_primer_contacto], [fecha_ultimo_contacto]) VALUES (44, 1, 1, 1, CAST(N'2020-06-01T00:00:46.190' AS DateTime), CAST(N'2020-06-01T00:00:46.187' AS DateTime))
GO
INSERT [MARKETING].[FICHA_MARKETING] ([id_ficha_marketing], [id_persona_fuente], [forma_contacto_inical], [primer_interes], [fecha_primer_contacto], [fecha_ultimo_contacto]) VALUES (45, 1, 1, 5, CAST(N'2004-06-16T00:02:31.000' AS DateTime), CAST(N'2020-02-19T00:02:31.000' AS DateTime))
GO
INSERT [MARKETING].[FICHA_MARKETING] ([id_ficha_marketing], [id_persona_fuente], [forma_contacto_inical], [primer_interes], [fecha_primer_contacto], [fecha_ultimo_contacto]) VALUES (46, 5, 3, 8, CAST(N'2020-06-04T00:05:06.743' AS DateTime), CAST(N'2020-06-04T00:05:06.737' AS DateTime))
GO
INSERT [MARKETING].[FICHA_MARKETING] ([id_ficha_marketing], [id_persona_fuente], [forma_contacto_inical], [primer_interes], [fecha_primer_contacto], [fecha_ultimo_contacto]) VALUES (47, 1, 1, 1, CAST(N'2020-06-04T01:27:23.100' AS DateTime), CAST(N'2020-06-04T01:27:23.097' AS DateTime))
GO
INSERT [MARKETING].[FICHA_MARKETING] ([id_ficha_marketing], [id_persona_fuente], [forma_contacto_inical], [primer_interes], [fecha_primer_contacto], [fecha_ultimo_contacto]) VALUES (48, 1, 1, 1, CAST(N'2020-06-04T01:29:23.713' AS DateTime), CAST(N'2020-06-04T01:29:23.710' AS DateTime))
GO
INSERT [MARKETING].[FICHA_MARKETING] ([id_ficha_marketing], [id_persona_fuente], [forma_contacto_inical], [primer_interes], [fecha_primer_contacto], [fecha_ultimo_contacto]) VALUES (49, 1, 1, 1, CAST(N'2020-06-04T01:29:23.713' AS DateTime), CAST(N'2020-06-04T01:29:23.710' AS DateTime))
GO
SET IDENTITY_INSERT [MARKETING].[FICHA_MARKETING] OFF
GO
SET IDENTITY_INSERT [MARKETING].[PRIMER_INTERES] ON 
GO
INSERT [MARKETING].[PRIMER_INTERES] ([id_interes], [desc_primer_interes]) VALUES (1, N'DURALITE')
GO
INSERT [MARKETING].[PRIMER_INTERES] ([id_interes], [desc_primer_interes]) VALUES (2, N'PISCINAS')
GO
INSERT [MARKETING].[PRIMER_INTERES] ([id_interes], [desc_primer_interes]) VALUES (3, N'ACABADOS')
GO
INSERT [MARKETING].[PRIMER_INTERES] ([id_interes], [desc_primer_interes]) VALUES (4, N'MADERAS')
GO
INSERT [MARKETING].[PRIMER_INTERES] ([id_interes], [desc_primer_interes]) VALUES (5, N'SPAS')
GO
INSERT [MARKETING].[PRIMER_INTERES] ([id_interes], [desc_primer_interes]) VALUES (6, N'QUIMICOS')
GO
INSERT [MARKETING].[PRIMER_INTERES] ([id_interes], [desc_primer_interes]) VALUES (7, N'IMPORTACIONES')
GO
INSERT [MARKETING].[PRIMER_INTERES] ([id_interes], [desc_primer_interes]) VALUES (8, N'SEMIOLIMPICAS')
GO
INSERT [MARKETING].[PRIMER_INTERES] ([id_interes], [desc_primer_interes]) VALUES (9, N'COLEGIOS')
GO
INSERT [MARKETING].[PRIMER_INTERES] ([id_interes], [desc_primer_interes]) VALUES (10, N'LAGUNAS')
GO
INSERT [MARKETING].[PRIMER_INTERES] ([id_interes], [desc_primer_interes]) VALUES (11, N'COMERICALES')
GO
INSERT [MARKETING].[PRIMER_INTERES] ([id_interes], [desc_primer_interes]) VALUES (12, N'DECORACION CON AGUA')
GO
INSERT [MARKETING].[PRIMER_INTERES] ([id_interes], [desc_primer_interes]) VALUES (13, N'MANTENIMIENTO')
GO
INSERT [MARKETING].[PRIMER_INTERES] ([id_interes], [desc_primer_interes]) VALUES (14, N'PRODUCTOS A LA VENTA')
GO
INSERT [MARKETING].[PRIMER_INTERES] ([id_interes], [desc_primer_interes]) VALUES (15, N'VIDRIOS')
GO
INSERT [MARKETING].[PRIMER_INTERES] ([id_interes], [desc_primer_interes]) VALUES (16, N'ESPECIALIDADES')
GO
INSERT [MARKETING].[PRIMER_INTERES] ([id_interes], [desc_primer_interes]) VALUES (17, N'CONSTRUCCION')
GO
SET IDENTITY_INSERT [MARKETING].[PRIMER_INTERES] OFF
GO
INSERT [PERSONA].[CLIENTE] ([id_persona], [marketing], [nom_cliente], [doc_oficial]) VALUES (14, 1, N'CONSTRUCTORA ABC', N'21548321545')
GO
INSERT [PERSONA].[CLIENTE] ([id_persona], [marketing], [nom_cliente], [doc_oficial]) VALUES (15, 2, N'JUAN PEREZ FERNANDEZ', N'94216478')
GO
INSERT [PERSONA].[CLIENTE] ([id_persona], [marketing], [nom_cliente], [doc_oficial]) VALUES (16, 3, N'ESTUDIO ARQUITECTOS', N'2136548412')
GO
INSERT [PERSONA].[CLIENTE] ([id_persona], [marketing], [nom_cliente], [doc_oficial]) VALUES (17, 1, N'PROYECTOS INTEGRADOS', N'21548321549')
GO
INSERT [PERSONA].[CLIENTE] ([id_persona], [marketing], [nom_cliente], [doc_oficial]) VALUES (18, 2, N'SANDRA ARENA', N'94216478')
GO
INSERT [PERSONA].[CLIENTE] ([id_persona], [marketing], [nom_cliente], [doc_oficial]) VALUES (19, 3, N'PETROLERA GRANDE', N'2136548412')
GO
INSERT [PERSONA].[CLIENTE] ([id_persona], [marketing], [nom_cliente], [doc_oficial]) VALUES (20, 1, N'CONSTRUCTURA XYZ', N'21548321549')
GO
INSERT [PERSONA].[CLIENTE] ([id_persona], [marketing], [nom_cliente], [doc_oficial]) VALUES (21, 2, N'PEDRO RODRIGUEZ ', N'94216478')
GO
INSERT [PERSONA].[CLIENTE] ([id_persona], [marketing], [nom_cliente], [doc_oficial]) VALUES (22, 3, N'STUDIO FASHION', N'2136548412')
GO
INSERT [PERSONA].[CLIENTE] ([id_persona], [marketing], [nom_cliente], [doc_oficial]) VALUES (45, 45, N'Dominique Verellen', N'77798796')
GO
SET IDENTITY_INSERT [PERSONA].[CREDENTIAL] ON 
GO
INSERT [PERSONA].[CREDENTIAL] ([id_usuario], [usuario], [password], [salt], [active], [empleado]) VALUES (9, N'Dominique', N'RjTeGi/J9AcKtkrApEhffhHu6dbLBrnx5hx7X7Pv+cw=                    ', N'Z/6Ytc5gE+lQQoXinhGlhACszWEz+V5UgNG+Dz7Ife0=', 1, 1)
GO
INSERT [PERSONA].[CREDENTIAL] ([id_usuario], [usuario], [password], [salt], [active], [empleado]) VALUES (10, N'usuario', N'hOiOkGN+sOVOcKQtgZP4f2d1imdT5dKyR7iygMwMdyg=                    ', N'rj79NBFGGZhBV1e04S0SwGCSIMgJoVe7ULGCdtrVslE=', 0, 1)
GO
INSERT [PERSONA].[CREDENTIAL] ([id_usuario], [usuario], [password], [salt], [active], [empleado]) VALUES (11, N'JFLeon', N'u6hZWdQFATx/e2ynTq/A9DozgNbSdy0z4xSvxkdZPvA=                    ', N'ajAL9zYRTkJRPJyd0RY11q0ot81SOPsLNRuDm4M28ds=', 1, 11)
GO
INSERT [PERSONA].[CREDENTIAL] ([id_usuario], [usuario], [password], [salt], [active], [empleado]) VALUES (13, N'Julio', N'TSz/jaS3TwouaaqL5agK7OqxWVujk7dLkBuRlJNR/bE=                    ', N'B4Phhjg50kEnN3Q5bdt1pZbM5ZAbSMePdivZ2ypAcpI=', 1, 11)
GO
SET IDENTITY_INSERT [PERSONA].[CREDENTIAL] OFF
GO
SET IDENTITY_INSERT [PERSONA].[DIRECCION] ON 
GO
INSERT [PERSONA].[DIRECCION] ([id_direccion], [tipo_direccion], [id_persona], [dir_pais], [dir_provincia], [dir_ciudad], [dir_distrito], [dir_linea_1], [dir_linea_2], [dir_codigo_postal]) VALUES (1, 1, 1, 168, 1, 1, 1, N'CALLE PALMERA 232', N'URBANIZACION DE LAS URBANIZACIONES', N'15035')
GO
INSERT [PERSONA].[DIRECCION] ([id_direccion], [tipo_direccion], [id_persona], [dir_pais], [dir_provincia], [dir_ciudad], [dir_distrito], [dir_linea_1], [dir_linea_2], [dir_codigo_postal]) VALUES (2, 1, 3, 168, 1, 1, 2, N'AVENIDA BUENOS DIAS 4814', N'', N'47942')
GO
INSERT [PERSONA].[DIRECCION] ([id_direccion], [tipo_direccion], [id_persona], [dir_pais], [dir_provincia], [dir_ciudad], [dir_distrito], [dir_linea_1], [dir_linea_2], [dir_codigo_postal]) VALUES (3, 3, 7, 168, 1, 2, 3, N'CALLE DATOS 765', N'URBANIZACION CIUDADELA', N'982471')
GO
INSERT [PERSONA].[DIRECCION] ([id_direccion], [tipo_direccion], [id_persona], [dir_pais], [dir_provincia], [dir_ciudad], [dir_distrito], [dir_linea_1], [dir_linea_2], [dir_codigo_postal]) VALUES (11, 1, 45, 168, 15, 127, 1264, N'CalleUno #146', N'Rinconada Baja', N'51')
GO
INSERT [PERSONA].[DIRECCION] ([id_direccion], [tipo_direccion], [id_persona], [dir_pais], [dir_provincia], [dir_ciudad], [dir_distrito], [dir_linea_1], [dir_linea_2], [dir_codigo_postal]) VALUES (1012, 1, 23, 168, 15, 127, 1264, N'Av. General Grau', N'123', N'12')
GO
INSERT [PERSONA].[DIRECCION] ([id_direccion], [tipo_direccion], [id_persona], [dir_pais], [dir_provincia], [dir_ciudad], [dir_distrito], [dir_linea_1], [dir_linea_2], [dir_codigo_postal]) VALUES (1013, 1, 25, 168, 8, 70, 711, N'Jr. El Cañon', N'Urbanizacion #25', N'56')
GO
INSERT [PERSONA].[DIRECCION] ([id_direccion], [tipo_direccion], [id_persona], [dir_pais], [dir_provincia], [dir_ciudad], [dir_distrito], [dir_linea_1], [dir_linea_2], [dir_codigo_postal]) VALUES (1016, 1, 23, 168, 4, 39, 398, N'Calle 7 #255', N'', N'34')
GO
INSERT [PERSONA].[DIRECCION] ([id_direccion], [tipo_direccion], [id_persona], [dir_pais], [dir_provincia], [dir_ciudad], [dir_distrito], [dir_linea_1], [dir_linea_2], [dir_codigo_postal]) VALUES (1018, 1, 27, 168, 6, 57, 581, N'Av. Principal', N'Por el Plaza Vea', N'12321')
GO
SET IDENTITY_INSERT [PERSONA].[DIRECCION] OFF
GO
SET IDENTITY_INSERT [PERSONA].[DIRECCION_CIUDAD] ON 
GO
INSERT [PERSONA].[DIRECCION_CIUDAD] ([id_region], [id_ciudad], [nom_ciudad]) VALUES (1, 1, N'CHACHAPOYAS ')
GO
INSERT [PERSONA].[DIRECCION_CIUDAD] ([id_region], [id_ciudad], [nom_ciudad]) VALUES (1, 2, N'BAGUA')
GO
INSERT [PERSONA].[DIRECCION_CIUDAD] ([id_region], [id_ciudad], [nom_ciudad]) VALUES (1, 3, N'BONGARA')
GO
INSERT [PERSONA].[DIRECCION_CIUDAD] ([id_region], [id_ciudad], [nom_ciudad]) VALUES (1, 4, N'CONDORCANQUI')
GO
INSERT [PERSONA].[DIRECCION_CIUDAD] ([id_region], [id_ciudad], [nom_ciudad]) VALUES (1, 5, N'LUYA')
GO
INSERT [PERSONA].[DIRECCION_CIUDAD] ([id_region], [id_ciudad], [nom_ciudad]) VALUES (1, 6, N'RODRIGUEZ DE MENDOZA')
GO
INSERT [PERSONA].[DIRECCION_CIUDAD] ([id_region], [id_ciudad], [nom_ciudad]) VALUES (1, 7, N'UTCUBAMBA')
GO
INSERT [PERSONA].[DIRECCION_CIUDAD] ([id_region], [id_ciudad], [nom_ciudad]) VALUES (2, 8, N'HUARAZ')
GO
INSERT [PERSONA].[DIRECCION_CIUDAD] ([id_region], [id_ciudad], [nom_ciudad]) VALUES (2, 9, N'AIJA')
GO
INSERT [PERSONA].[DIRECCION_CIUDAD] ([id_region], [id_ciudad], [nom_ciudad]) VALUES (2, 10, N'ANTONIO RAYMONDI')
GO
INSERT [PERSONA].[DIRECCION_CIUDAD] ([id_region], [id_ciudad], [nom_ciudad]) VALUES (2, 11, N'ASUNCION')
GO
INSERT [PERSONA].[DIRECCION_CIUDAD] ([id_region], [id_ciudad], [nom_ciudad]) VALUES (2, 12, N'BOLOGNESI')
GO
INSERT [PERSONA].[DIRECCION_CIUDAD] ([id_region], [id_ciudad], [nom_ciudad]) VALUES (2, 13, N'CARHUAZ')
GO
INSERT [PERSONA].[DIRECCION_CIUDAD] ([id_region], [id_ciudad], [nom_ciudad]) VALUES (2, 14, N'CARLOS FERMIN FITZCARRALD')
GO
INSERT [PERSONA].[DIRECCION_CIUDAD] ([id_region], [id_ciudad], [nom_ciudad]) VALUES (2, 15, N'CASMA')
GO
INSERT [PERSONA].[DIRECCION_CIUDAD] ([id_region], [id_ciudad], [nom_ciudad]) VALUES (2, 16, N'CORONGO')
GO
INSERT [PERSONA].[DIRECCION_CIUDAD] ([id_region], [id_ciudad], [nom_ciudad]) VALUES (2, 17, N'HUARI')
GO
INSERT [PERSONA].[DIRECCION_CIUDAD] ([id_region], [id_ciudad], [nom_ciudad]) VALUES (2, 18, N'HUARMEY')
GO
INSERT [PERSONA].[DIRECCION_CIUDAD] ([id_region], [id_ciudad], [nom_ciudad]) VALUES (2, 19, N'HUAYLAS')
GO
INSERT [PERSONA].[DIRECCION_CIUDAD] ([id_region], [id_ciudad], [nom_ciudad]) VALUES (2, 20, N'MARISCAL LUZURIAGA')
GO
INSERT [PERSONA].[DIRECCION_CIUDAD] ([id_region], [id_ciudad], [nom_ciudad]) VALUES (2, 21, N'OCROS')
GO
INSERT [PERSONA].[DIRECCION_CIUDAD] ([id_region], [id_ciudad], [nom_ciudad]) VALUES (2, 22, N'PALLASCA')
GO
INSERT [PERSONA].[DIRECCION_CIUDAD] ([id_region], [id_ciudad], [nom_ciudad]) VALUES (2, 23, N'POMABAMBA')
GO
INSERT [PERSONA].[DIRECCION_CIUDAD] ([id_region], [id_ciudad], [nom_ciudad]) VALUES (2, 24, N'RECUAY')
GO
INSERT [PERSONA].[DIRECCION_CIUDAD] ([id_region], [id_ciudad], [nom_ciudad]) VALUES (2, 25, N'SANTA')
GO
INSERT [PERSONA].[DIRECCION_CIUDAD] ([id_region], [id_ciudad], [nom_ciudad]) VALUES (2, 26, N'SIHUAS')
GO
INSERT [PERSONA].[DIRECCION_CIUDAD] ([id_region], [id_ciudad], [nom_ciudad]) VALUES (2, 27, N'YUNGAY')
GO
INSERT [PERSONA].[DIRECCION_CIUDAD] ([id_region], [id_ciudad], [nom_ciudad]) VALUES (3, 28, N'ABANCAY')
GO
INSERT [PERSONA].[DIRECCION_CIUDAD] ([id_region], [id_ciudad], [nom_ciudad]) VALUES (3, 29, N'ANDAHUAYLAS')
GO
INSERT [PERSONA].[DIRECCION_CIUDAD] ([id_region], [id_ciudad], [nom_ciudad]) VALUES (3, 30, N'ANTABAMBA')
GO
INSERT [PERSONA].[DIRECCION_CIUDAD] ([id_region], [id_ciudad], [nom_ciudad]) VALUES (3, 31, N'AYMARAES')
GO
INSERT [PERSONA].[DIRECCION_CIUDAD] ([id_region], [id_ciudad], [nom_ciudad]) VALUES (3, 32, N'COTABAMBAS')
GO
INSERT [PERSONA].[DIRECCION_CIUDAD] ([id_region], [id_ciudad], [nom_ciudad]) VALUES (3, 33, N'CHINCHEROS')
GO
INSERT [PERSONA].[DIRECCION_CIUDAD] ([id_region], [id_ciudad], [nom_ciudad]) VALUES (3, 34, N'GRAU')
GO
INSERT [PERSONA].[DIRECCION_CIUDAD] ([id_region], [id_ciudad], [nom_ciudad]) VALUES (4, 35, N'AREQUIPA')
GO
INSERT [PERSONA].[DIRECCION_CIUDAD] ([id_region], [id_ciudad], [nom_ciudad]) VALUES (4, 36, N'CAMANA')
GO
INSERT [PERSONA].[DIRECCION_CIUDAD] ([id_region], [id_ciudad], [nom_ciudad]) VALUES (4, 37, N'CARAVELI')
GO
INSERT [PERSONA].[DIRECCION_CIUDAD] ([id_region], [id_ciudad], [nom_ciudad]) VALUES (4, 38, N'CASTILLA')
GO
INSERT [PERSONA].[DIRECCION_CIUDAD] ([id_region], [id_ciudad], [nom_ciudad]) VALUES (4, 39, N'CAYLLOMA')
GO
INSERT [PERSONA].[DIRECCION_CIUDAD] ([id_region], [id_ciudad], [nom_ciudad]) VALUES (4, 40, N'CONDESUYOS')
GO
INSERT [PERSONA].[DIRECCION_CIUDAD] ([id_region], [id_ciudad], [nom_ciudad]) VALUES (4, 41, N'ISLAY')
GO
INSERT [PERSONA].[DIRECCION_CIUDAD] ([id_region], [id_ciudad], [nom_ciudad]) VALUES (4, 42, N'LA UNION')
GO
INSERT [PERSONA].[DIRECCION_CIUDAD] ([id_region], [id_ciudad], [nom_ciudad]) VALUES (5, 43, N'HUAMANGA')
GO
INSERT [PERSONA].[DIRECCION_CIUDAD] ([id_region], [id_ciudad], [nom_ciudad]) VALUES (5, 44, N'CANGALLO')
GO
INSERT [PERSONA].[DIRECCION_CIUDAD] ([id_region], [id_ciudad], [nom_ciudad]) VALUES (5, 45, N'HUANCA SANCOS')
GO
INSERT [PERSONA].[DIRECCION_CIUDAD] ([id_region], [id_ciudad], [nom_ciudad]) VALUES (5, 46, N'HUANTA')
GO
INSERT [PERSONA].[DIRECCION_CIUDAD] ([id_region], [id_ciudad], [nom_ciudad]) VALUES (5, 47, N'LA MAR')
GO
INSERT [PERSONA].[DIRECCION_CIUDAD] ([id_region], [id_ciudad], [nom_ciudad]) VALUES (5, 48, N'LUCANAS')
GO
INSERT [PERSONA].[DIRECCION_CIUDAD] ([id_region], [id_ciudad], [nom_ciudad]) VALUES (5, 49, N'PARINACOCHAS')
GO
INSERT [PERSONA].[DIRECCION_CIUDAD] ([id_region], [id_ciudad], [nom_ciudad]) VALUES (5, 50, N'PAUCAR DEL SARA SARA')
GO
INSERT [PERSONA].[DIRECCION_CIUDAD] ([id_region], [id_ciudad], [nom_ciudad]) VALUES (5, 51, N'SUCRE')
GO
INSERT [PERSONA].[DIRECCION_CIUDAD] ([id_region], [id_ciudad], [nom_ciudad]) VALUES (5, 52, N'VICTOR FAJARDO')
GO
INSERT [PERSONA].[DIRECCION_CIUDAD] ([id_region], [id_ciudad], [nom_ciudad]) VALUES (5, 53, N'VILCAS HUAMAN')
GO
INSERT [PERSONA].[DIRECCION_CIUDAD] ([id_region], [id_ciudad], [nom_ciudad]) VALUES (6, 54, N'CAJAMARCA')
GO
INSERT [PERSONA].[DIRECCION_CIUDAD] ([id_region], [id_ciudad], [nom_ciudad]) VALUES (6, 55, N'CAJABAMBA')
GO
INSERT [PERSONA].[DIRECCION_CIUDAD] ([id_region], [id_ciudad], [nom_ciudad]) VALUES (6, 56, N'CELENDIN')
GO
INSERT [PERSONA].[DIRECCION_CIUDAD] ([id_region], [id_ciudad], [nom_ciudad]) VALUES (6, 57, N'CHOTA ')
GO
INSERT [PERSONA].[DIRECCION_CIUDAD] ([id_region], [id_ciudad], [nom_ciudad]) VALUES (6, 58, N'CONTUMAZA')
GO
INSERT [PERSONA].[DIRECCION_CIUDAD] ([id_region], [id_ciudad], [nom_ciudad]) VALUES (6, 59, N'CUTERVO')
GO
INSERT [PERSONA].[DIRECCION_CIUDAD] ([id_region], [id_ciudad], [nom_ciudad]) VALUES (6, 60, N'HUALGAYOC')
GO
INSERT [PERSONA].[DIRECCION_CIUDAD] ([id_region], [id_ciudad], [nom_ciudad]) VALUES (6, 61, N'JAEN')
GO
INSERT [PERSONA].[DIRECCION_CIUDAD] ([id_region], [id_ciudad], [nom_ciudad]) VALUES (6, 62, N'SAN IGNACIO')
GO
INSERT [PERSONA].[DIRECCION_CIUDAD] ([id_region], [id_ciudad], [nom_ciudad]) VALUES (6, 63, N'SAN MARCOS')
GO
INSERT [PERSONA].[DIRECCION_CIUDAD] ([id_region], [id_ciudad], [nom_ciudad]) VALUES (6, 64, N'SAN PABLO')
GO
INSERT [PERSONA].[DIRECCION_CIUDAD] ([id_region], [id_ciudad], [nom_ciudad]) VALUES (6, 65, N'SANTA CRUZ')
GO
INSERT [PERSONA].[DIRECCION_CIUDAD] ([id_region], [id_ciudad], [nom_ciudad]) VALUES (7, 66, N'CALLAO')
GO
INSERT [PERSONA].[DIRECCION_CIUDAD] ([id_region], [id_ciudad], [nom_ciudad]) VALUES (8, 67, N'CUSCO')
GO
INSERT [PERSONA].[DIRECCION_CIUDAD] ([id_region], [id_ciudad], [nom_ciudad]) VALUES (8, 68, N'ACOMAYO')
GO
INSERT [PERSONA].[DIRECCION_CIUDAD] ([id_region], [id_ciudad], [nom_ciudad]) VALUES (8, 69, N'ANTA')
GO
INSERT [PERSONA].[DIRECCION_CIUDAD] ([id_region], [id_ciudad], [nom_ciudad]) VALUES (8, 70, N'CALCA')
GO
INSERT [PERSONA].[DIRECCION_CIUDAD] ([id_region], [id_ciudad], [nom_ciudad]) VALUES (8, 71, N'CANAS')
GO
INSERT [PERSONA].[DIRECCION_CIUDAD] ([id_region], [id_ciudad], [nom_ciudad]) VALUES (8, 72, N'CANCHIS')
GO
INSERT [PERSONA].[DIRECCION_CIUDAD] ([id_region], [id_ciudad], [nom_ciudad]) VALUES (8, 73, N'CHUMBIVILCAS')
GO
INSERT [PERSONA].[DIRECCION_CIUDAD] ([id_region], [id_ciudad], [nom_ciudad]) VALUES (8, 74, N'ESPINAR')
GO
INSERT [PERSONA].[DIRECCION_CIUDAD] ([id_region], [id_ciudad], [nom_ciudad]) VALUES (8, 75, N'LA CONVENCION')
GO
INSERT [PERSONA].[DIRECCION_CIUDAD] ([id_region], [id_ciudad], [nom_ciudad]) VALUES (8, 76, N'PARURO')
GO
INSERT [PERSONA].[DIRECCION_CIUDAD] ([id_region], [id_ciudad], [nom_ciudad]) VALUES (8, 77, N'PAUCARTAMBO')
GO
INSERT [PERSONA].[DIRECCION_CIUDAD] ([id_region], [id_ciudad], [nom_ciudad]) VALUES (8, 78, N'QUISPICANCHI')
GO
INSERT [PERSONA].[DIRECCION_CIUDAD] ([id_region], [id_ciudad], [nom_ciudad]) VALUES (8, 79, N'URUBAMBA')
GO
INSERT [PERSONA].[DIRECCION_CIUDAD] ([id_region], [id_ciudad], [nom_ciudad]) VALUES (9, 80, N'HUANCAVELICA')
GO
INSERT [PERSONA].[DIRECCION_CIUDAD] ([id_region], [id_ciudad], [nom_ciudad]) VALUES (9, 81, N'ACOBAMBA')
GO
INSERT [PERSONA].[DIRECCION_CIUDAD] ([id_region], [id_ciudad], [nom_ciudad]) VALUES (9, 82, N'ANGARAES')
GO
INSERT [PERSONA].[DIRECCION_CIUDAD] ([id_region], [id_ciudad], [nom_ciudad]) VALUES (9, 83, N'CASTROVIRREYNA')
GO
INSERT [PERSONA].[DIRECCION_CIUDAD] ([id_region], [id_ciudad], [nom_ciudad]) VALUES (9, 84, N'CHURCAMPA')
GO
INSERT [PERSONA].[DIRECCION_CIUDAD] ([id_region], [id_ciudad], [nom_ciudad]) VALUES (9, 85, N'HUAYTARA')
GO
INSERT [PERSONA].[DIRECCION_CIUDAD] ([id_region], [id_ciudad], [nom_ciudad]) VALUES (9, 86, N'TAYACAJA')
GO
INSERT [PERSONA].[DIRECCION_CIUDAD] ([id_region], [id_ciudad], [nom_ciudad]) VALUES (10, 87, N'HUANUCO')
GO
INSERT [PERSONA].[DIRECCION_CIUDAD] ([id_region], [id_ciudad], [nom_ciudad]) VALUES (10, 88, N'AMBO')
GO
INSERT [PERSONA].[DIRECCION_CIUDAD] ([id_region], [id_ciudad], [nom_ciudad]) VALUES (10, 89, N'DOS DE MAYO')
GO
INSERT [PERSONA].[DIRECCION_CIUDAD] ([id_region], [id_ciudad], [nom_ciudad]) VALUES (10, 90, N'HUACAYBAMBA')
GO
INSERT [PERSONA].[DIRECCION_CIUDAD] ([id_region], [id_ciudad], [nom_ciudad]) VALUES (10, 91, N'HUAMALIES')
GO
INSERT [PERSONA].[DIRECCION_CIUDAD] ([id_region], [id_ciudad], [nom_ciudad]) VALUES (10, 92, N'LEONCIO PRADO')
GO
INSERT [PERSONA].[DIRECCION_CIUDAD] ([id_region], [id_ciudad], [nom_ciudad]) VALUES (10, 93, N'MARA&Ntilde;ON')
GO
INSERT [PERSONA].[DIRECCION_CIUDAD] ([id_region], [id_ciudad], [nom_ciudad]) VALUES (10, 94, N'PACHITEA')
GO
INSERT [PERSONA].[DIRECCION_CIUDAD] ([id_region], [id_ciudad], [nom_ciudad]) VALUES (10, 95, N'PUERTO INCA')
GO
INSERT [PERSONA].[DIRECCION_CIUDAD] ([id_region], [id_ciudad], [nom_ciudad]) VALUES (10, 96, N'LAURICOCHA')
GO
INSERT [PERSONA].[DIRECCION_CIUDAD] ([id_region], [id_ciudad], [nom_ciudad]) VALUES (10, 97, N'YAROWILCA')
GO
INSERT [PERSONA].[DIRECCION_CIUDAD] ([id_region], [id_ciudad], [nom_ciudad]) VALUES (11, 98, N'ICA')
GO
INSERT [PERSONA].[DIRECCION_CIUDAD] ([id_region], [id_ciudad], [nom_ciudad]) VALUES (11, 99, N'CHINCHA')
GO
INSERT [PERSONA].[DIRECCION_CIUDAD] ([id_region], [id_ciudad], [nom_ciudad]) VALUES (11, 100, N'NAZCA')
GO
INSERT [PERSONA].[DIRECCION_CIUDAD] ([id_region], [id_ciudad], [nom_ciudad]) VALUES (11, 101, N'PALPA')
GO
INSERT [PERSONA].[DIRECCION_CIUDAD] ([id_region], [id_ciudad], [nom_ciudad]) VALUES (11, 102, N'PISCO')
GO
INSERT [PERSONA].[DIRECCION_CIUDAD] ([id_region], [id_ciudad], [nom_ciudad]) VALUES (12, 103, N'HUANCAYO')
GO
INSERT [PERSONA].[DIRECCION_CIUDAD] ([id_region], [id_ciudad], [nom_ciudad]) VALUES (12, 104, N'CONCEPCION')
GO
INSERT [PERSONA].[DIRECCION_CIUDAD] ([id_region], [id_ciudad], [nom_ciudad]) VALUES (12, 105, N'CHANCHAMAYO')
GO
INSERT [PERSONA].[DIRECCION_CIUDAD] ([id_region], [id_ciudad], [nom_ciudad]) VALUES (12, 106, N'JAUJA')
GO
INSERT [PERSONA].[DIRECCION_CIUDAD] ([id_region], [id_ciudad], [nom_ciudad]) VALUES (12, 107, N'JUNIN')
GO
INSERT [PERSONA].[DIRECCION_CIUDAD] ([id_region], [id_ciudad], [nom_ciudad]) VALUES (12, 108, N'SATIPO')
GO
INSERT [PERSONA].[DIRECCION_CIUDAD] ([id_region], [id_ciudad], [nom_ciudad]) VALUES (12, 109, N'TARMA')
GO
INSERT [PERSONA].[DIRECCION_CIUDAD] ([id_region], [id_ciudad], [nom_ciudad]) VALUES (12, 110, N'YAULI')
GO
INSERT [PERSONA].[DIRECCION_CIUDAD] ([id_region], [id_ciudad], [nom_ciudad]) VALUES (12, 111, N'CHUPACA')
GO
INSERT [PERSONA].[DIRECCION_CIUDAD] ([id_region], [id_ciudad], [nom_ciudad]) VALUES (13, 112, N'TRUJILLO')
GO
INSERT [PERSONA].[DIRECCION_CIUDAD] ([id_region], [id_ciudad], [nom_ciudad]) VALUES (13, 113, N'ASCOPE')
GO
INSERT [PERSONA].[DIRECCION_CIUDAD] ([id_region], [id_ciudad], [nom_ciudad]) VALUES (13, 114, N'BOLIVAR')
GO
INSERT [PERSONA].[DIRECCION_CIUDAD] ([id_region], [id_ciudad], [nom_ciudad]) VALUES (13, 115, N'CHEPEN')
GO
INSERT [PERSONA].[DIRECCION_CIUDAD] ([id_region], [id_ciudad], [nom_ciudad]) VALUES (13, 116, N'JULCAN')
GO
INSERT [PERSONA].[DIRECCION_CIUDAD] ([id_region], [id_ciudad], [nom_ciudad]) VALUES (13, 117, N'OTUZCO')
GO
INSERT [PERSONA].[DIRECCION_CIUDAD] ([id_region], [id_ciudad], [nom_ciudad]) VALUES (13, 118, N'PACASMAYO')
GO
INSERT [PERSONA].[DIRECCION_CIUDAD] ([id_region], [id_ciudad], [nom_ciudad]) VALUES (13, 119, N'PATAZ')
GO
INSERT [PERSONA].[DIRECCION_CIUDAD] ([id_region], [id_ciudad], [nom_ciudad]) VALUES (13, 120, N'SANCHEZ CARRION')
GO
INSERT [PERSONA].[DIRECCION_CIUDAD] ([id_region], [id_ciudad], [nom_ciudad]) VALUES (13, 121, N'SANTIAGO DE CHUCO')
GO
INSERT [PERSONA].[DIRECCION_CIUDAD] ([id_region], [id_ciudad], [nom_ciudad]) VALUES (13, 122, N'GRAN CHIMU')
GO
INSERT [PERSONA].[DIRECCION_CIUDAD] ([id_region], [id_ciudad], [nom_ciudad]) VALUES (13, 123, N'VIRU')
GO
INSERT [PERSONA].[DIRECCION_CIUDAD] ([id_region], [id_ciudad], [nom_ciudad]) VALUES (14, 124, N'CHICLAYO')
GO
INSERT [PERSONA].[DIRECCION_CIUDAD] ([id_region], [id_ciudad], [nom_ciudad]) VALUES (14, 125, N'FERRE&Ntilde;AFE')
GO
INSERT [PERSONA].[DIRECCION_CIUDAD] ([id_region], [id_ciudad], [nom_ciudad]) VALUES (14, 126, N'LAMBAYEQUE')
GO
INSERT [PERSONA].[DIRECCION_CIUDAD] ([id_region], [id_ciudad], [nom_ciudad]) VALUES (15, 127, N'LIMA')
GO
INSERT [PERSONA].[DIRECCION_CIUDAD] ([id_region], [id_ciudad], [nom_ciudad]) VALUES (15, 128, N'BARRANCA')
GO
INSERT [PERSONA].[DIRECCION_CIUDAD] ([id_region], [id_ciudad], [nom_ciudad]) VALUES (15, 129, N'CAJATAMBO')
GO
INSERT [PERSONA].[DIRECCION_CIUDAD] ([id_region], [id_ciudad], [nom_ciudad]) VALUES (15, 130, N'CANTA')
GO
INSERT [PERSONA].[DIRECCION_CIUDAD] ([id_region], [id_ciudad], [nom_ciudad]) VALUES (15, 131, N'CA&Ntilde;ETE')
GO
INSERT [PERSONA].[DIRECCION_CIUDAD] ([id_region], [id_ciudad], [nom_ciudad]) VALUES (15, 132, N'HUARAL')
GO
INSERT [PERSONA].[DIRECCION_CIUDAD] ([id_region], [id_ciudad], [nom_ciudad]) VALUES (15, 133, N'HUAROCHIRI')
GO
INSERT [PERSONA].[DIRECCION_CIUDAD] ([id_region], [id_ciudad], [nom_ciudad]) VALUES (15, 134, N'HUAURA')
GO
INSERT [PERSONA].[DIRECCION_CIUDAD] ([id_region], [id_ciudad], [nom_ciudad]) VALUES (15, 135, N'OYON')
GO
INSERT [PERSONA].[DIRECCION_CIUDAD] ([id_region], [id_ciudad], [nom_ciudad]) VALUES (15, 136, N'YAUYOS')
GO
INSERT [PERSONA].[DIRECCION_CIUDAD] ([id_region], [id_ciudad], [nom_ciudad]) VALUES (16, 137, N'MAYNAS')
GO
INSERT [PERSONA].[DIRECCION_CIUDAD] ([id_region], [id_ciudad], [nom_ciudad]) VALUES (16, 138, N'ALTO AMAZONAS')
GO
INSERT [PERSONA].[DIRECCION_CIUDAD] ([id_region], [id_ciudad], [nom_ciudad]) VALUES (16, 139, N'LORETO')
GO
INSERT [PERSONA].[DIRECCION_CIUDAD] ([id_region], [id_ciudad], [nom_ciudad]) VALUES (16, 140, N'MARISCAL RAMON CASTILLA')
GO
INSERT [PERSONA].[DIRECCION_CIUDAD] ([id_region], [id_ciudad], [nom_ciudad]) VALUES (16, 141, N'REQUENA')
GO
INSERT [PERSONA].[DIRECCION_CIUDAD] ([id_region], [id_ciudad], [nom_ciudad]) VALUES (16, 142, N'UCAYALI')
GO
INSERT [PERSONA].[DIRECCION_CIUDAD] ([id_region], [id_ciudad], [nom_ciudad]) VALUES (17, 143, N'TAMBOPATA')
GO
INSERT [PERSONA].[DIRECCION_CIUDAD] ([id_region], [id_ciudad], [nom_ciudad]) VALUES (17, 144, N'MANU')
GO
INSERT [PERSONA].[DIRECCION_CIUDAD] ([id_region], [id_ciudad], [nom_ciudad]) VALUES (17, 145, N'TAHUAMANU')
GO
INSERT [PERSONA].[DIRECCION_CIUDAD] ([id_region], [id_ciudad], [nom_ciudad]) VALUES (18, 146, N'MARISCAL NIETO')
GO
INSERT [PERSONA].[DIRECCION_CIUDAD] ([id_region], [id_ciudad], [nom_ciudad]) VALUES (18, 147, N'GENERAL SANCHEZ CERRO')
GO
INSERT [PERSONA].[DIRECCION_CIUDAD] ([id_region], [id_ciudad], [nom_ciudad]) VALUES (18, 148, N'ILO')
GO
INSERT [PERSONA].[DIRECCION_CIUDAD] ([id_region], [id_ciudad], [nom_ciudad]) VALUES (19, 149, N'PASCO')
GO
INSERT [PERSONA].[DIRECCION_CIUDAD] ([id_region], [id_ciudad], [nom_ciudad]) VALUES (19, 150, N'DANIEL ALCIDES CARRION')
GO
INSERT [PERSONA].[DIRECCION_CIUDAD] ([id_region], [id_ciudad], [nom_ciudad]) VALUES (19, 151, N'OXAPAMPA')
GO
INSERT [PERSONA].[DIRECCION_CIUDAD] ([id_region], [id_ciudad], [nom_ciudad]) VALUES (20, 152, N'PIURA')
GO
INSERT [PERSONA].[DIRECCION_CIUDAD] ([id_region], [id_ciudad], [nom_ciudad]) VALUES (20, 153, N'AYABACA')
GO
INSERT [PERSONA].[DIRECCION_CIUDAD] ([id_region], [id_ciudad], [nom_ciudad]) VALUES (20, 154, N'HUANCABAMBA')
GO
INSERT [PERSONA].[DIRECCION_CIUDAD] ([id_region], [id_ciudad], [nom_ciudad]) VALUES (20, 155, N'MORROPON')
GO
INSERT [PERSONA].[DIRECCION_CIUDAD] ([id_region], [id_ciudad], [nom_ciudad]) VALUES (20, 156, N'PAITA')
GO
INSERT [PERSONA].[DIRECCION_CIUDAD] ([id_region], [id_ciudad], [nom_ciudad]) VALUES (20, 157, N'SULLANA')
GO
INSERT [PERSONA].[DIRECCION_CIUDAD] ([id_region], [id_ciudad], [nom_ciudad]) VALUES (20, 158, N'TALARA')
GO
INSERT [PERSONA].[DIRECCION_CIUDAD] ([id_region], [id_ciudad], [nom_ciudad]) VALUES (20, 159, N'SECHURA')
GO
INSERT [PERSONA].[DIRECCION_CIUDAD] ([id_region], [id_ciudad], [nom_ciudad]) VALUES (21, 160, N'PUNO')
GO
INSERT [PERSONA].[DIRECCION_CIUDAD] ([id_region], [id_ciudad], [nom_ciudad]) VALUES (21, 161, N'AZANGARO')
GO
INSERT [PERSONA].[DIRECCION_CIUDAD] ([id_region], [id_ciudad], [nom_ciudad]) VALUES (21, 162, N'CARABAYA')
GO
INSERT [PERSONA].[DIRECCION_CIUDAD] ([id_region], [id_ciudad], [nom_ciudad]) VALUES (21, 163, N'CHUCUITO')
GO
INSERT [PERSONA].[DIRECCION_CIUDAD] ([id_region], [id_ciudad], [nom_ciudad]) VALUES (21, 164, N'EL COLLAO')
GO
INSERT [PERSONA].[DIRECCION_CIUDAD] ([id_region], [id_ciudad], [nom_ciudad]) VALUES (21, 165, N'HUANCANE')
GO
INSERT [PERSONA].[DIRECCION_CIUDAD] ([id_region], [id_ciudad], [nom_ciudad]) VALUES (21, 166, N'LAMPA')
GO
INSERT [PERSONA].[DIRECCION_CIUDAD] ([id_region], [id_ciudad], [nom_ciudad]) VALUES (21, 167, N'MELGAR')
GO
INSERT [PERSONA].[DIRECCION_CIUDAD] ([id_region], [id_ciudad], [nom_ciudad]) VALUES (21, 168, N'MOHO')
GO
INSERT [PERSONA].[DIRECCION_CIUDAD] ([id_region], [id_ciudad], [nom_ciudad]) VALUES (21, 169, N'SAN ANTONIO DE PUTINA')
GO
INSERT [PERSONA].[DIRECCION_CIUDAD] ([id_region], [id_ciudad], [nom_ciudad]) VALUES (21, 170, N'SAN ROMAN')
GO
INSERT [PERSONA].[DIRECCION_CIUDAD] ([id_region], [id_ciudad], [nom_ciudad]) VALUES (21, 171, N'SANDIA')
GO
INSERT [PERSONA].[DIRECCION_CIUDAD] ([id_region], [id_ciudad], [nom_ciudad]) VALUES (21, 172, N'YUNGUYO')
GO
INSERT [PERSONA].[DIRECCION_CIUDAD] ([id_region], [id_ciudad], [nom_ciudad]) VALUES (22, 173, N'MOYOBAMBA')
GO
INSERT [PERSONA].[DIRECCION_CIUDAD] ([id_region], [id_ciudad], [nom_ciudad]) VALUES (22, 174, N'BELLAVISTA')
GO
INSERT [PERSONA].[DIRECCION_CIUDAD] ([id_region], [id_ciudad], [nom_ciudad]) VALUES (22, 175, N'EL DORADO')
GO
INSERT [PERSONA].[DIRECCION_CIUDAD] ([id_region], [id_ciudad], [nom_ciudad]) VALUES (22, 176, N'HUALLAGA')
GO
INSERT [PERSONA].[DIRECCION_CIUDAD] ([id_region], [id_ciudad], [nom_ciudad]) VALUES (22, 177, N'LAMAS')
GO
INSERT [PERSONA].[DIRECCION_CIUDAD] ([id_region], [id_ciudad], [nom_ciudad]) VALUES (22, 178, N'MARISCAL CACERES')
GO
INSERT [PERSONA].[DIRECCION_CIUDAD] ([id_region], [id_ciudad], [nom_ciudad]) VALUES (22, 179, N'PICOTA')
GO
INSERT [PERSONA].[DIRECCION_CIUDAD] ([id_region], [id_ciudad], [nom_ciudad]) VALUES (22, 180, N'RIOJA')
GO
INSERT [PERSONA].[DIRECCION_CIUDAD] ([id_region], [id_ciudad], [nom_ciudad]) VALUES (22, 181, N'SAN MARTIN')
GO
INSERT [PERSONA].[DIRECCION_CIUDAD] ([id_region], [id_ciudad], [nom_ciudad]) VALUES (22, 182, N'TOCACHE')
GO
INSERT [PERSONA].[DIRECCION_CIUDAD] ([id_region], [id_ciudad], [nom_ciudad]) VALUES (23, 183, N'TACNA')
GO
INSERT [PERSONA].[DIRECCION_CIUDAD] ([id_region], [id_ciudad], [nom_ciudad]) VALUES (23, 184, N'CANDARAVE')
GO
INSERT [PERSONA].[DIRECCION_CIUDAD] ([id_region], [id_ciudad], [nom_ciudad]) VALUES (23, 185, N'JORGE BASADRE')
GO
INSERT [PERSONA].[DIRECCION_CIUDAD] ([id_region], [id_ciudad], [nom_ciudad]) VALUES (23, 186, N'TARATA')
GO
INSERT [PERSONA].[DIRECCION_CIUDAD] ([id_region], [id_ciudad], [nom_ciudad]) VALUES (24, 187, N'TUMBES')
GO
INSERT [PERSONA].[DIRECCION_CIUDAD] ([id_region], [id_ciudad], [nom_ciudad]) VALUES (24, 188, N'CONTRALMIRANTE VILLAR')
GO
INSERT [PERSONA].[DIRECCION_CIUDAD] ([id_region], [id_ciudad], [nom_ciudad]) VALUES (24, 189, N'ZARUMILLA')
GO
INSERT [PERSONA].[DIRECCION_CIUDAD] ([id_region], [id_ciudad], [nom_ciudad]) VALUES (25, 190, N'CORONEL PORTILLO')
GO
INSERT [PERSONA].[DIRECCION_CIUDAD] ([id_region], [id_ciudad], [nom_ciudad]) VALUES (25, 191, N'ATALAYA')
GO
INSERT [PERSONA].[DIRECCION_CIUDAD] ([id_region], [id_ciudad], [nom_ciudad]) VALUES (25, 192, N'PADRE ABAD')
GO
INSERT [PERSONA].[DIRECCION_CIUDAD] ([id_region], [id_ciudad], [nom_ciudad]) VALUES (25, 193, N'PURUS')
GO
SET IDENTITY_INSERT [PERSONA].[DIRECCION_CIUDAD] OFF
GO
SET IDENTITY_INSERT [PERSONA].[DIRECCION_DISTRITO] ON 
GO
INSERT [PERSONA].[DIRECCION_DISTRITO] ([id_ciudad], [id_distrito], [nom_distrito]) VALUES (1, 1, N'CHACHAPOYAS')
GO
INSERT [PERSONA].[DIRECCION_DISTRITO] ([id_ciudad], [id_distrito], [nom_distrito]) VALUES (1, 2, N'ASUNCION')
GO
INSERT [PERSONA].[DIRECCION_DISTRITO] ([id_ciudad], [id_distrito], [nom_distrito]) VALUES (1, 3, N'BALSAS')
GO
INSERT [PERSONA].[DIRECCION_DISTRITO] ([id_ciudad], [id_distrito], [nom_distrito]) VALUES (1, 4, N'CHETO')
GO
INSERT [PERSONA].[DIRECCION_DISTRITO] ([id_ciudad], [id_distrito], [nom_distrito]) VALUES (1, 5, N'CHILIQUIN')
GO
INSERT [PERSONA].[DIRECCION_DISTRITO] ([id_ciudad], [id_distrito], [nom_distrito]) VALUES (1, 6, N'CHUQUIBAMBA')
GO
INSERT [PERSONA].[DIRECCION_DISTRITO] ([id_ciudad], [id_distrito], [nom_distrito]) VALUES (1, 7, N'GRANADA')
GO
INSERT [PERSONA].[DIRECCION_DISTRITO] ([id_ciudad], [id_distrito], [nom_distrito]) VALUES (1, 8, N'HUANCAS')
GO
INSERT [PERSONA].[DIRECCION_DISTRITO] ([id_ciudad], [id_distrito], [nom_distrito]) VALUES (1, 9, N'LA JALCA')
GO
INSERT [PERSONA].[DIRECCION_DISTRITO] ([id_ciudad], [id_distrito], [nom_distrito]) VALUES (1, 10, N'LEIMEBAMBA')
GO
INSERT [PERSONA].[DIRECCION_DISTRITO] ([id_ciudad], [id_distrito], [nom_distrito]) VALUES (1, 11, N'LEVANTO')
GO
INSERT [PERSONA].[DIRECCION_DISTRITO] ([id_ciudad], [id_distrito], [nom_distrito]) VALUES (1, 12, N'MAGDALENA')
GO
INSERT [PERSONA].[DIRECCION_DISTRITO] ([id_ciudad], [id_distrito], [nom_distrito]) VALUES (1, 13, N'MARISCAL CASTILLA')
GO
INSERT [PERSONA].[DIRECCION_DISTRITO] ([id_ciudad], [id_distrito], [nom_distrito]) VALUES (1, 14, N'MOLINOPAMPA')
GO
INSERT [PERSONA].[DIRECCION_DISTRITO] ([id_ciudad], [id_distrito], [nom_distrito]) VALUES (1, 15, N'MONTEVIDEO')
GO
INSERT [PERSONA].[DIRECCION_DISTRITO] ([id_ciudad], [id_distrito], [nom_distrito]) VALUES (1, 16, N'OLLEROS')
GO
INSERT [PERSONA].[DIRECCION_DISTRITO] ([id_ciudad], [id_distrito], [nom_distrito]) VALUES (1, 17, N'QUINJALCA')
GO
INSERT [PERSONA].[DIRECCION_DISTRITO] ([id_ciudad], [id_distrito], [nom_distrito]) VALUES (1, 18, N'SAN FRANCISCO DE DAGUAS')
GO
INSERT [PERSONA].[DIRECCION_DISTRITO] ([id_ciudad], [id_distrito], [nom_distrito]) VALUES (1, 19, N'SAN ISIDRO DE MAINO')
GO
INSERT [PERSONA].[DIRECCION_DISTRITO] ([id_ciudad], [id_distrito], [nom_distrito]) VALUES (1, 20, N'SOLOCO')
GO
INSERT [PERSONA].[DIRECCION_DISTRITO] ([id_ciudad], [id_distrito], [nom_distrito]) VALUES (1, 21, N'SONCHE')
GO
INSERT [PERSONA].[DIRECCION_DISTRITO] ([id_ciudad], [id_distrito], [nom_distrito]) VALUES (2, 22, N'LA PECA')
GO
INSERT [PERSONA].[DIRECCION_DISTRITO] ([id_ciudad], [id_distrito], [nom_distrito]) VALUES (2, 23, N'ARAMANGO')
GO
INSERT [PERSONA].[DIRECCION_DISTRITO] ([id_ciudad], [id_distrito], [nom_distrito]) VALUES (2, 24, N'COPALLIN')
GO
INSERT [PERSONA].[DIRECCION_DISTRITO] ([id_ciudad], [id_distrito], [nom_distrito]) VALUES (2, 25, N'EL PARCO')
GO
INSERT [PERSONA].[DIRECCION_DISTRITO] ([id_ciudad], [id_distrito], [nom_distrito]) VALUES (2, 26, N'IMAZA')
GO
INSERT [PERSONA].[DIRECCION_DISTRITO] ([id_ciudad], [id_distrito], [nom_distrito]) VALUES (3, 27, N'JUMBILLA')
GO
INSERT [PERSONA].[DIRECCION_DISTRITO] ([id_ciudad], [id_distrito], [nom_distrito]) VALUES (3, 28, N'CHISQUILLA')
GO
INSERT [PERSONA].[DIRECCION_DISTRITO] ([id_ciudad], [id_distrito], [nom_distrito]) VALUES (3, 29, N'CHURUJA')
GO
INSERT [PERSONA].[DIRECCION_DISTRITO] ([id_ciudad], [id_distrito], [nom_distrito]) VALUES (3, 30, N'COROSHA')
GO
INSERT [PERSONA].[DIRECCION_DISTRITO] ([id_ciudad], [id_distrito], [nom_distrito]) VALUES (3, 31, N'CUISPES')
GO
INSERT [PERSONA].[DIRECCION_DISTRITO] ([id_ciudad], [id_distrito], [nom_distrito]) VALUES (3, 32, N'FLORIDA')
GO
INSERT [PERSONA].[DIRECCION_DISTRITO] ([id_ciudad], [id_distrito], [nom_distrito]) VALUES (3, 33, N'JAZAN')
GO
INSERT [PERSONA].[DIRECCION_DISTRITO] ([id_ciudad], [id_distrito], [nom_distrito]) VALUES (3, 34, N'RECTA')
GO
INSERT [PERSONA].[DIRECCION_DISTRITO] ([id_ciudad], [id_distrito], [nom_distrito]) VALUES (3, 35, N'SAN CARLOS')
GO
INSERT [PERSONA].[DIRECCION_DISTRITO] ([id_ciudad], [id_distrito], [nom_distrito]) VALUES (3, 36, N'SHIPASBAMBA')
GO
INSERT [PERSONA].[DIRECCION_DISTRITO] ([id_ciudad], [id_distrito], [nom_distrito]) VALUES (3, 37, N'VALERA')
GO
INSERT [PERSONA].[DIRECCION_DISTRITO] ([id_ciudad], [id_distrito], [nom_distrito]) VALUES (3, 38, N'YAMBRASBAMBA')
GO
INSERT [PERSONA].[DIRECCION_DISTRITO] ([id_ciudad], [id_distrito], [nom_distrito]) VALUES (4, 39, N'NIEVA')
GO
INSERT [PERSONA].[DIRECCION_DISTRITO] ([id_ciudad], [id_distrito], [nom_distrito]) VALUES (4, 40, N'EL CENEPA')
GO
INSERT [PERSONA].[DIRECCION_DISTRITO] ([id_ciudad], [id_distrito], [nom_distrito]) VALUES (4, 41, N'RIO SANTIAGO')
GO
INSERT [PERSONA].[DIRECCION_DISTRITO] ([id_ciudad], [id_distrito], [nom_distrito]) VALUES (5, 42, N'LAMUD')
GO
INSERT [PERSONA].[DIRECCION_DISTRITO] ([id_ciudad], [id_distrito], [nom_distrito]) VALUES (5, 43, N'CAMPORREDONDO')
GO
INSERT [PERSONA].[DIRECCION_DISTRITO] ([id_ciudad], [id_distrito], [nom_distrito]) VALUES (5, 44, N'COCABAMBA')
GO
INSERT [PERSONA].[DIRECCION_DISTRITO] ([id_ciudad], [id_distrito], [nom_distrito]) VALUES (5, 45, N'COLCAMAR')
GO
INSERT [PERSONA].[DIRECCION_DISTRITO] ([id_ciudad], [id_distrito], [nom_distrito]) VALUES (5, 46, N'CONILA')
GO
INSERT [PERSONA].[DIRECCION_DISTRITO] ([id_ciudad], [id_distrito], [nom_distrito]) VALUES (5, 47, N'INGUILPATA')
GO
INSERT [PERSONA].[DIRECCION_DISTRITO] ([id_ciudad], [id_distrito], [nom_distrito]) VALUES (5, 48, N'LONGUITA')
GO
INSERT [PERSONA].[DIRECCION_DISTRITO] ([id_ciudad], [id_distrito], [nom_distrito]) VALUES (5, 49, N'LONYA CHICO')
GO
INSERT [PERSONA].[DIRECCION_DISTRITO] ([id_ciudad], [id_distrito], [nom_distrito]) VALUES (5, 50, N'LUYA')
GO
INSERT [PERSONA].[DIRECCION_DISTRITO] ([id_ciudad], [id_distrito], [nom_distrito]) VALUES (5, 51, N'LUYA VIEJO')
GO
INSERT [PERSONA].[DIRECCION_DISTRITO] ([id_ciudad], [id_distrito], [nom_distrito]) VALUES (5, 52, N'MARIA')
GO
INSERT [PERSONA].[DIRECCION_DISTRITO] ([id_ciudad], [id_distrito], [nom_distrito]) VALUES (5, 53, N'OCALLI')
GO
INSERT [PERSONA].[DIRECCION_DISTRITO] ([id_ciudad], [id_distrito], [nom_distrito]) VALUES (5, 54, N'OCUMAL')
GO
INSERT [PERSONA].[DIRECCION_DISTRITO] ([id_ciudad], [id_distrito], [nom_distrito]) VALUES (5, 55, N'PISUQUIA')
GO
INSERT [PERSONA].[DIRECCION_DISTRITO] ([id_ciudad], [id_distrito], [nom_distrito]) VALUES (5, 56, N'PROVIDENCIA')
GO
INSERT [PERSONA].[DIRECCION_DISTRITO] ([id_ciudad], [id_distrito], [nom_distrito]) VALUES (5, 57, N'SAN CRISTOBAL')
GO
INSERT [PERSONA].[DIRECCION_DISTRITO] ([id_ciudad], [id_distrito], [nom_distrito]) VALUES (5, 58, N'SAN FRANCISCO DEL YESO')
GO
INSERT [PERSONA].[DIRECCION_DISTRITO] ([id_ciudad], [id_distrito], [nom_distrito]) VALUES (5, 59, N'SAN JERONIMO')
GO
INSERT [PERSONA].[DIRECCION_DISTRITO] ([id_ciudad], [id_distrito], [nom_distrito]) VALUES (5, 60, N'SAN JUAN DE LOPECANCHA')
GO
INSERT [PERSONA].[DIRECCION_DISTRITO] ([id_ciudad], [id_distrito], [nom_distrito]) VALUES (5, 61, N'SANTA CATALINA')
GO
INSERT [PERSONA].[DIRECCION_DISTRITO] ([id_ciudad], [id_distrito], [nom_distrito]) VALUES (5, 62, N'SANTO TOMAS')
GO
INSERT [PERSONA].[DIRECCION_DISTRITO] ([id_ciudad], [id_distrito], [nom_distrito]) VALUES (5, 63, N'TINGO')
GO
INSERT [PERSONA].[DIRECCION_DISTRITO] ([id_ciudad], [id_distrito], [nom_distrito]) VALUES (5, 64, N'TRITA')
GO
INSERT [PERSONA].[DIRECCION_DISTRITO] ([id_ciudad], [id_distrito], [nom_distrito]) VALUES (6, 65, N'SAN NICOLAS')
GO
INSERT [PERSONA].[DIRECCION_DISTRITO] ([id_ciudad], [id_distrito], [nom_distrito]) VALUES (6, 66, N'CHIRIMOTO')
GO
INSERT [PERSONA].[DIRECCION_DISTRITO] ([id_ciudad], [id_distrito], [nom_distrito]) VALUES (6, 67, N'COCHAMAL')
GO
INSERT [PERSONA].[DIRECCION_DISTRITO] ([id_ciudad], [id_distrito], [nom_distrito]) VALUES (6, 68, N'HUAMBO')
GO
INSERT [PERSONA].[DIRECCION_DISTRITO] ([id_ciudad], [id_distrito], [nom_distrito]) VALUES (6, 69, N'LIMABAMBA')
GO
INSERT [PERSONA].[DIRECCION_DISTRITO] ([id_ciudad], [id_distrito], [nom_distrito]) VALUES (6, 70, N'LONGAR')
GO
INSERT [PERSONA].[DIRECCION_DISTRITO] ([id_ciudad], [id_distrito], [nom_distrito]) VALUES (6, 71, N'MARISCAL BENAVIDES')
GO
INSERT [PERSONA].[DIRECCION_DISTRITO] ([id_ciudad], [id_distrito], [nom_distrito]) VALUES (6, 72, N'MILPUC')
GO
INSERT [PERSONA].[DIRECCION_DISTRITO] ([id_ciudad], [id_distrito], [nom_distrito]) VALUES (6, 73, N'OMIA')
GO
INSERT [PERSONA].[DIRECCION_DISTRITO] ([id_ciudad], [id_distrito], [nom_distrito]) VALUES (6, 74, N'SANTA ROSA')
GO
INSERT [PERSONA].[DIRECCION_DISTRITO] ([id_ciudad], [id_distrito], [nom_distrito]) VALUES (6, 75, N'TOTORA')
GO
INSERT [PERSONA].[DIRECCION_DISTRITO] ([id_ciudad], [id_distrito], [nom_distrito]) VALUES (6, 76, N'VISTA ALEGRE')
GO
INSERT [PERSONA].[DIRECCION_DISTRITO] ([id_ciudad], [id_distrito], [nom_distrito]) VALUES (7, 77, N'BAGUA GRANDE')
GO
INSERT [PERSONA].[DIRECCION_DISTRITO] ([id_ciudad], [id_distrito], [nom_distrito]) VALUES (7, 78, N'CAJARURO')
GO
INSERT [PERSONA].[DIRECCION_DISTRITO] ([id_ciudad], [id_distrito], [nom_distrito]) VALUES (7, 79, N'CUMBA')
GO
INSERT [PERSONA].[DIRECCION_DISTRITO] ([id_ciudad], [id_distrito], [nom_distrito]) VALUES (7, 80, N'EL MILAGRO')
GO
INSERT [PERSONA].[DIRECCION_DISTRITO] ([id_ciudad], [id_distrito], [nom_distrito]) VALUES (7, 81, N'JAMALCA')
GO
INSERT [PERSONA].[DIRECCION_DISTRITO] ([id_ciudad], [id_distrito], [nom_distrito]) VALUES (7, 82, N'LONYA GRANDE')
GO
INSERT [PERSONA].[DIRECCION_DISTRITO] ([id_ciudad], [id_distrito], [nom_distrito]) VALUES (7, 83, N'YAMON')
GO
INSERT [PERSONA].[DIRECCION_DISTRITO] ([id_ciudad], [id_distrito], [nom_distrito]) VALUES (8, 84, N'HUARAZ')
GO
INSERT [PERSONA].[DIRECCION_DISTRITO] ([id_ciudad], [id_distrito], [nom_distrito]) VALUES (8, 85, N'COCHABAMBA')
GO
INSERT [PERSONA].[DIRECCION_DISTRITO] ([id_ciudad], [id_distrito], [nom_distrito]) VALUES (8, 86, N'COLCABAMBA')
GO
INSERT [PERSONA].[DIRECCION_DISTRITO] ([id_ciudad], [id_distrito], [nom_distrito]) VALUES (8, 87, N'HUANCHAY')
GO
INSERT [PERSONA].[DIRECCION_DISTRITO] ([id_ciudad], [id_distrito], [nom_distrito]) VALUES (8, 88, N'INDEPENDENCIA')
GO
INSERT [PERSONA].[DIRECCION_DISTRITO] ([id_ciudad], [id_distrito], [nom_distrito]) VALUES (8, 89, N'JANGAS')
GO
INSERT [PERSONA].[DIRECCION_DISTRITO] ([id_ciudad], [id_distrito], [nom_distrito]) VALUES (8, 90, N'LA LIBERTAD')
GO
INSERT [PERSONA].[DIRECCION_DISTRITO] ([id_ciudad], [id_distrito], [nom_distrito]) VALUES (8, 91, N'OLLEROS')
GO
INSERT [PERSONA].[DIRECCION_DISTRITO] ([id_ciudad], [id_distrito], [nom_distrito]) VALUES (8, 92, N'PAMPAS')
GO
INSERT [PERSONA].[DIRECCION_DISTRITO] ([id_ciudad], [id_distrito], [nom_distrito]) VALUES (8, 93, N'PARIACOTO')
GO
INSERT [PERSONA].[DIRECCION_DISTRITO] ([id_ciudad], [id_distrito], [nom_distrito]) VALUES (8, 94, N'PIRA')
GO
INSERT [PERSONA].[DIRECCION_DISTRITO] ([id_ciudad], [id_distrito], [nom_distrito]) VALUES (8, 95, N'TARICA')
GO
INSERT [PERSONA].[DIRECCION_DISTRITO] ([id_ciudad], [id_distrito], [nom_distrito]) VALUES (9, 96, N'AIJA')
GO
INSERT [PERSONA].[DIRECCION_DISTRITO] ([id_ciudad], [id_distrito], [nom_distrito]) VALUES (9, 97, N'CORIS')
GO
INSERT [PERSONA].[DIRECCION_DISTRITO] ([id_ciudad], [id_distrito], [nom_distrito]) VALUES (9, 98, N'HUACLLAN')
GO
INSERT [PERSONA].[DIRECCION_DISTRITO] ([id_ciudad], [id_distrito], [nom_distrito]) VALUES (9, 99, N'LA MERCED')
GO
INSERT [PERSONA].[DIRECCION_DISTRITO] ([id_ciudad], [id_distrito], [nom_distrito]) VALUES (9, 100, N'SUCCHA')
GO
INSERT [PERSONA].[DIRECCION_DISTRITO] ([id_ciudad], [id_distrito], [nom_distrito]) VALUES (10, 101, N'LLAMELLIN')
GO
INSERT [PERSONA].[DIRECCION_DISTRITO] ([id_ciudad], [id_distrito], [nom_distrito]) VALUES (10, 102, N'ACZO')
GO
INSERT [PERSONA].[DIRECCION_DISTRITO] ([id_ciudad], [id_distrito], [nom_distrito]) VALUES (10, 103, N'CHACCHO')
GO
INSERT [PERSONA].[DIRECCION_DISTRITO] ([id_ciudad], [id_distrito], [nom_distrito]) VALUES (10, 104, N'CHINGAS')
GO
INSERT [PERSONA].[DIRECCION_DISTRITO] ([id_ciudad], [id_distrito], [nom_distrito]) VALUES (10, 105, N'MIRGAS')
GO
INSERT [PERSONA].[DIRECCION_DISTRITO] ([id_ciudad], [id_distrito], [nom_distrito]) VALUES (10, 106, N'SAN JUAN DE RONTOY')
GO
INSERT [PERSONA].[DIRECCION_DISTRITO] ([id_ciudad], [id_distrito], [nom_distrito]) VALUES (11, 107, N'CHACAS')
GO
INSERT [PERSONA].[DIRECCION_DISTRITO] ([id_ciudad], [id_distrito], [nom_distrito]) VALUES (11, 108, N'ACOCHACA')
GO
INSERT [PERSONA].[DIRECCION_DISTRITO] ([id_ciudad], [id_distrito], [nom_distrito]) VALUES (12, 109, N'CHIQUIAN')
GO
INSERT [PERSONA].[DIRECCION_DISTRITO] ([id_ciudad], [id_distrito], [nom_distrito]) VALUES (12, 110, N'ABELARDO PARDO LEZAMETA')
GO
INSERT [PERSONA].[DIRECCION_DISTRITO] ([id_ciudad], [id_distrito], [nom_distrito]) VALUES (12, 111, N'ANTONIO RAYMONDI')
GO
INSERT [PERSONA].[DIRECCION_DISTRITO] ([id_ciudad], [id_distrito], [nom_distrito]) VALUES (12, 112, N'AQUIA')
GO
INSERT [PERSONA].[DIRECCION_DISTRITO] ([id_ciudad], [id_distrito], [nom_distrito]) VALUES (12, 113, N'CAJACAY')
GO
INSERT [PERSONA].[DIRECCION_DISTRITO] ([id_ciudad], [id_distrito], [nom_distrito]) VALUES (12, 114, N'CANIS')
GO
INSERT [PERSONA].[DIRECCION_DISTRITO] ([id_ciudad], [id_distrito], [nom_distrito]) VALUES (12, 115, N'COLQUIOC')
GO
INSERT [PERSONA].[DIRECCION_DISTRITO] ([id_ciudad], [id_distrito], [nom_distrito]) VALUES (12, 116, N'HUALLANCA')
GO
INSERT [PERSONA].[DIRECCION_DISTRITO] ([id_ciudad], [id_distrito], [nom_distrito]) VALUES (12, 117, N'HUASTA')
GO
INSERT [PERSONA].[DIRECCION_DISTRITO] ([id_ciudad], [id_distrito], [nom_distrito]) VALUES (12, 118, N'HUAYLLACAYAN')
GO
INSERT [PERSONA].[DIRECCION_DISTRITO] ([id_ciudad], [id_distrito], [nom_distrito]) VALUES (12, 119, N'LA PRIMAVERA')
GO
INSERT [PERSONA].[DIRECCION_DISTRITO] ([id_ciudad], [id_distrito], [nom_distrito]) VALUES (12, 120, N'MANGAS')
GO
INSERT [PERSONA].[DIRECCION_DISTRITO] ([id_ciudad], [id_distrito], [nom_distrito]) VALUES (12, 121, N'PACLLON')
GO
INSERT [PERSONA].[DIRECCION_DISTRITO] ([id_ciudad], [id_distrito], [nom_distrito]) VALUES (12, 122, N'SAN MIGUEL DE CORPANQUI')
GO
INSERT [PERSONA].[DIRECCION_DISTRITO] ([id_ciudad], [id_distrito], [nom_distrito]) VALUES (12, 123, N'TICLLOS')
GO
INSERT [PERSONA].[DIRECCION_DISTRITO] ([id_ciudad], [id_distrito], [nom_distrito]) VALUES (13, 124, N'CARHUAZ')
GO
INSERT [PERSONA].[DIRECCION_DISTRITO] ([id_ciudad], [id_distrito], [nom_distrito]) VALUES (13, 125, N'ACOPAMPA')
GO
INSERT [PERSONA].[DIRECCION_DISTRITO] ([id_ciudad], [id_distrito], [nom_distrito]) VALUES (13, 126, N'AMASHCA')
GO
INSERT [PERSONA].[DIRECCION_DISTRITO] ([id_ciudad], [id_distrito], [nom_distrito]) VALUES (13, 127, N'ANTA')
GO
INSERT [PERSONA].[DIRECCION_DISTRITO] ([id_ciudad], [id_distrito], [nom_distrito]) VALUES (13, 128, N'ATAQUERO')
GO
INSERT [PERSONA].[DIRECCION_DISTRITO] ([id_ciudad], [id_distrito], [nom_distrito]) VALUES (13, 129, N'MARCARA')
GO
INSERT [PERSONA].[DIRECCION_DISTRITO] ([id_ciudad], [id_distrito], [nom_distrito]) VALUES (13, 130, N'PARIAHUANCA')
GO
INSERT [PERSONA].[DIRECCION_DISTRITO] ([id_ciudad], [id_distrito], [nom_distrito]) VALUES (13, 131, N'SAN MIGUEL DE ACO')
GO
INSERT [PERSONA].[DIRECCION_DISTRITO] ([id_ciudad], [id_distrito], [nom_distrito]) VALUES (13, 132, N'SHILLA')
GO
INSERT [PERSONA].[DIRECCION_DISTRITO] ([id_ciudad], [id_distrito], [nom_distrito]) VALUES (13, 133, N'TINCO')
GO
INSERT [PERSONA].[DIRECCION_DISTRITO] ([id_ciudad], [id_distrito], [nom_distrito]) VALUES (13, 134, N'YUNGAR')
GO
INSERT [PERSONA].[DIRECCION_DISTRITO] ([id_ciudad], [id_distrito], [nom_distrito]) VALUES (14, 135, N'SAN LUIS')
GO
INSERT [PERSONA].[DIRECCION_DISTRITO] ([id_ciudad], [id_distrito], [nom_distrito]) VALUES (14, 136, N'SAN NICOLAS')
GO
INSERT [PERSONA].[DIRECCION_DISTRITO] ([id_ciudad], [id_distrito], [nom_distrito]) VALUES (14, 137, N'YAUYA')
GO
INSERT [PERSONA].[DIRECCION_DISTRITO] ([id_ciudad], [id_distrito], [nom_distrito]) VALUES (15, 138, N'CASMA')
GO
INSERT [PERSONA].[DIRECCION_DISTRITO] ([id_ciudad], [id_distrito], [nom_distrito]) VALUES (15, 139, N'BUENA VISTA ALTA')
GO
INSERT [PERSONA].[DIRECCION_DISTRITO] ([id_ciudad], [id_distrito], [nom_distrito]) VALUES (15, 140, N'COMANDANTE NOEL')
GO
INSERT [PERSONA].[DIRECCION_DISTRITO] ([id_ciudad], [id_distrito], [nom_distrito]) VALUES (15, 141, N'YAUTAN')
GO
INSERT [PERSONA].[DIRECCION_DISTRITO] ([id_ciudad], [id_distrito], [nom_distrito]) VALUES (16, 142, N'CORONGO')
GO
INSERT [PERSONA].[DIRECCION_DISTRITO] ([id_ciudad], [id_distrito], [nom_distrito]) VALUES (16, 143, N'ACO')
GO
INSERT [PERSONA].[DIRECCION_DISTRITO] ([id_ciudad], [id_distrito], [nom_distrito]) VALUES (16, 144, N'BAMBAS')
GO
INSERT [PERSONA].[DIRECCION_DISTRITO] ([id_ciudad], [id_distrito], [nom_distrito]) VALUES (16, 145, N'CUSCA')
GO
INSERT [PERSONA].[DIRECCION_DISTRITO] ([id_ciudad], [id_distrito], [nom_distrito]) VALUES (16, 146, N'LA PAMPA')
GO
INSERT [PERSONA].[DIRECCION_DISTRITO] ([id_ciudad], [id_distrito], [nom_distrito]) VALUES (16, 147, N'YANAC')
GO
INSERT [PERSONA].[DIRECCION_DISTRITO] ([id_ciudad], [id_distrito], [nom_distrito]) VALUES (16, 148, N'YUPAN')
GO
INSERT [PERSONA].[DIRECCION_DISTRITO] ([id_ciudad], [id_distrito], [nom_distrito]) VALUES (17, 149, N'HUARI')
GO
INSERT [PERSONA].[DIRECCION_DISTRITO] ([id_ciudad], [id_distrito], [nom_distrito]) VALUES (17, 150, N'ANRA')
GO
INSERT [PERSONA].[DIRECCION_DISTRITO] ([id_ciudad], [id_distrito], [nom_distrito]) VALUES (17, 151, N'CAJAY')
GO
INSERT [PERSONA].[DIRECCION_DISTRITO] ([id_ciudad], [id_distrito], [nom_distrito]) VALUES (17, 152, N'CHAVIN DE HUANTAR')
GO
INSERT [PERSONA].[DIRECCION_DISTRITO] ([id_ciudad], [id_distrito], [nom_distrito]) VALUES (17, 153, N'HUACACHI')
GO
INSERT [PERSONA].[DIRECCION_DISTRITO] ([id_ciudad], [id_distrito], [nom_distrito]) VALUES (17, 154, N'HUACCHIS')
GO
INSERT [PERSONA].[DIRECCION_DISTRITO] ([id_ciudad], [id_distrito], [nom_distrito]) VALUES (17, 155, N'HUACHIS')
GO
INSERT [PERSONA].[DIRECCION_DISTRITO] ([id_ciudad], [id_distrito], [nom_distrito]) VALUES (17, 156, N'HUANTAR')
GO
INSERT [PERSONA].[DIRECCION_DISTRITO] ([id_ciudad], [id_distrito], [nom_distrito]) VALUES (17, 157, N'MASIN')
GO
INSERT [PERSONA].[DIRECCION_DISTRITO] ([id_ciudad], [id_distrito], [nom_distrito]) VALUES (17, 158, N'PAUCAS')
GO
INSERT [PERSONA].[DIRECCION_DISTRITO] ([id_ciudad], [id_distrito], [nom_distrito]) VALUES (17, 159, N'PONTO')
GO
INSERT [PERSONA].[DIRECCION_DISTRITO] ([id_ciudad], [id_distrito], [nom_distrito]) VALUES (17, 160, N'RAHUAPAMPA')
GO
INSERT [PERSONA].[DIRECCION_DISTRITO] ([id_ciudad], [id_distrito], [nom_distrito]) VALUES (17, 161, N'RAPAYAN')
GO
INSERT [PERSONA].[DIRECCION_DISTRITO] ([id_ciudad], [id_distrito], [nom_distrito]) VALUES (17, 162, N'SAN MARCOS')
GO
INSERT [PERSONA].[DIRECCION_DISTRITO] ([id_ciudad], [id_distrito], [nom_distrito]) VALUES (17, 163, N'SAN PEDRO DE CHANA')
GO
INSERT [PERSONA].[DIRECCION_DISTRITO] ([id_ciudad], [id_distrito], [nom_distrito]) VALUES (17, 164, N'UCO')
GO
INSERT [PERSONA].[DIRECCION_DISTRITO] ([id_ciudad], [id_distrito], [nom_distrito]) VALUES (18, 165, N'HUARMEY')
GO
INSERT [PERSONA].[DIRECCION_DISTRITO] ([id_ciudad], [id_distrito], [nom_distrito]) VALUES (18, 166, N'COCHAPETI')
GO
INSERT [PERSONA].[DIRECCION_DISTRITO] ([id_ciudad], [id_distrito], [nom_distrito]) VALUES (18, 167, N'CULEBRAS')
GO
INSERT [PERSONA].[DIRECCION_DISTRITO] ([id_ciudad], [id_distrito], [nom_distrito]) VALUES (18, 168, N'HUAYAN')
GO
INSERT [PERSONA].[DIRECCION_DISTRITO] ([id_ciudad], [id_distrito], [nom_distrito]) VALUES (18, 169, N'MALVAS')
GO
INSERT [PERSONA].[DIRECCION_DISTRITO] ([id_ciudad], [id_distrito], [nom_distrito]) VALUES (26, 170, N'CARAZ')
GO
INSERT [PERSONA].[DIRECCION_DISTRITO] ([id_ciudad], [id_distrito], [nom_distrito]) VALUES (26, 171, N'HUALLANCA')
GO
INSERT [PERSONA].[DIRECCION_DISTRITO] ([id_ciudad], [id_distrito], [nom_distrito]) VALUES (26, 172, N'HUATA')
GO
INSERT [PERSONA].[DIRECCION_DISTRITO] ([id_ciudad], [id_distrito], [nom_distrito]) VALUES (26, 173, N'HUAYLAS')
GO
INSERT [PERSONA].[DIRECCION_DISTRITO] ([id_ciudad], [id_distrito], [nom_distrito]) VALUES (26, 174, N'MATO')
GO
INSERT [PERSONA].[DIRECCION_DISTRITO] ([id_ciudad], [id_distrito], [nom_distrito]) VALUES (26, 175, N'PAMPAROMAS')
GO
INSERT [PERSONA].[DIRECCION_DISTRITO] ([id_ciudad], [id_distrito], [nom_distrito]) VALUES (26, 176, N'PUEBLO LIBRE')
GO
INSERT [PERSONA].[DIRECCION_DISTRITO] ([id_ciudad], [id_distrito], [nom_distrito]) VALUES (26, 177, N'SANTA CRUZ')
GO
INSERT [PERSONA].[DIRECCION_DISTRITO] ([id_ciudad], [id_distrito], [nom_distrito]) VALUES (26, 178, N'SANTO TORIBIO')
GO
INSERT [PERSONA].[DIRECCION_DISTRITO] ([id_ciudad], [id_distrito], [nom_distrito]) VALUES (26, 179, N'YURACMARCA')
GO
INSERT [PERSONA].[DIRECCION_DISTRITO] ([id_ciudad], [id_distrito], [nom_distrito]) VALUES (27, 180, N'PISCOBAMBA')
GO
INSERT [PERSONA].[DIRECCION_DISTRITO] ([id_ciudad], [id_distrito], [nom_distrito]) VALUES (27, 181, N'CASCA')
GO
INSERT [PERSONA].[DIRECCION_DISTRITO] ([id_ciudad], [id_distrito], [nom_distrito]) VALUES (27, 182, N'ELEAZAR GUZMAN BARRON')
GO
INSERT [PERSONA].[DIRECCION_DISTRITO] ([id_ciudad], [id_distrito], [nom_distrito]) VALUES (27, 183, N'FIDEL OLIVAS ESCUDERO')
GO
INSERT [PERSONA].[DIRECCION_DISTRITO] ([id_ciudad], [id_distrito], [nom_distrito]) VALUES (27, 184, N'LLAMA')
GO
INSERT [PERSONA].[DIRECCION_DISTRITO] ([id_ciudad], [id_distrito], [nom_distrito]) VALUES (27, 185, N'LLUMPA')
GO
INSERT [PERSONA].[DIRECCION_DISTRITO] ([id_ciudad], [id_distrito], [nom_distrito]) VALUES (27, 186, N'LUCMA')
GO
INSERT [PERSONA].[DIRECCION_DISTRITO] ([id_ciudad], [id_distrito], [nom_distrito]) VALUES (27, 187, N'MUSGA')
GO
INSERT [PERSONA].[DIRECCION_DISTRITO] ([id_ciudad], [id_distrito], [nom_distrito]) VALUES (21, 188, N'OCROS')
GO
INSERT [PERSONA].[DIRECCION_DISTRITO] ([id_ciudad], [id_distrito], [nom_distrito]) VALUES (21, 189, N'ACAS')
GO
INSERT [PERSONA].[DIRECCION_DISTRITO] ([id_ciudad], [id_distrito], [nom_distrito]) VALUES (21, 190, N'CAJAMARQUILLA')
GO
INSERT [PERSONA].[DIRECCION_DISTRITO] ([id_ciudad], [id_distrito], [nom_distrito]) VALUES (21, 191, N'CARHUAPAMPA')
GO
INSERT [PERSONA].[DIRECCION_DISTRITO] ([id_ciudad], [id_distrito], [nom_distrito]) VALUES (21, 192, N'COCHAS')
GO
INSERT [PERSONA].[DIRECCION_DISTRITO] ([id_ciudad], [id_distrito], [nom_distrito]) VALUES (21, 193, N'CONGAS')
GO
INSERT [PERSONA].[DIRECCION_DISTRITO] ([id_ciudad], [id_distrito], [nom_distrito]) VALUES (21, 194, N'LLIPA')
GO
INSERT [PERSONA].[DIRECCION_DISTRITO] ([id_ciudad], [id_distrito], [nom_distrito]) VALUES (21, 195, N'SAN CRISTOBAL DE RAJAN')
GO
INSERT [PERSONA].[DIRECCION_DISTRITO] ([id_ciudad], [id_distrito], [nom_distrito]) VALUES (21, 196, N'SAN PEDRO')
GO
INSERT [PERSONA].[DIRECCION_DISTRITO] ([id_ciudad], [id_distrito], [nom_distrito]) VALUES (21, 197, N'SANTIAGO DE CHILCAS')
GO
INSERT [PERSONA].[DIRECCION_DISTRITO] ([id_ciudad], [id_distrito], [nom_distrito]) VALUES (22, 198, N'CABANA')
GO
INSERT [PERSONA].[DIRECCION_DISTRITO] ([id_ciudad], [id_distrito], [nom_distrito]) VALUES (22, 199, N'BOLOGNESI')
GO
INSERT [PERSONA].[DIRECCION_DISTRITO] ([id_ciudad], [id_distrito], [nom_distrito]) VALUES (22, 200, N'CONCHUCOS')
GO
INSERT [PERSONA].[DIRECCION_DISTRITO] ([id_ciudad], [id_distrito], [nom_distrito]) VALUES (22, 201, N'HUACASCHUQUE')
GO
INSERT [PERSONA].[DIRECCION_DISTRITO] ([id_ciudad], [id_distrito], [nom_distrito]) VALUES (22, 202, N'HUANDOVAL')
GO
INSERT [PERSONA].[DIRECCION_DISTRITO] ([id_ciudad], [id_distrito], [nom_distrito]) VALUES (22, 203, N'LACABAMBA')
GO
INSERT [PERSONA].[DIRECCION_DISTRITO] ([id_ciudad], [id_distrito], [nom_distrito]) VALUES (22, 204, N'LLAPO')
GO
INSERT [PERSONA].[DIRECCION_DISTRITO] ([id_ciudad], [id_distrito], [nom_distrito]) VALUES (22, 205, N'PALLASCA')
GO
INSERT [PERSONA].[DIRECCION_DISTRITO] ([id_ciudad], [id_distrito], [nom_distrito]) VALUES (22, 206, N'PAMPAS')
GO
INSERT [PERSONA].[DIRECCION_DISTRITO] ([id_ciudad], [id_distrito], [nom_distrito]) VALUES (22, 207, N'SANTA ROSA')
GO
INSERT [PERSONA].[DIRECCION_DISTRITO] ([id_ciudad], [id_distrito], [nom_distrito]) VALUES (22, 208, N'TAUCA')
GO
INSERT [PERSONA].[DIRECCION_DISTRITO] ([id_ciudad], [id_distrito], [nom_distrito]) VALUES (23, 209, N'POMABAMBA')
GO
INSERT [PERSONA].[DIRECCION_DISTRITO] ([id_ciudad], [id_distrito], [nom_distrito]) VALUES (23, 210, N'HUAYLLAN')
GO
INSERT [PERSONA].[DIRECCION_DISTRITO] ([id_ciudad], [id_distrito], [nom_distrito]) VALUES (23, 211, N'PAROBAMBA')
GO
INSERT [PERSONA].[DIRECCION_DISTRITO] ([id_ciudad], [id_distrito], [nom_distrito]) VALUES (23, 212, N'QUINUABAMBA')
GO
INSERT [PERSONA].[DIRECCION_DISTRITO] ([id_ciudad], [id_distrito], [nom_distrito]) VALUES (24, 213, N'RECUAY')
GO
INSERT [PERSONA].[DIRECCION_DISTRITO] ([id_ciudad], [id_distrito], [nom_distrito]) VALUES (24, 214, N'CATAC')
GO
INSERT [PERSONA].[DIRECCION_DISTRITO] ([id_ciudad], [id_distrito], [nom_distrito]) VALUES (24, 215, N'COTAPARACO')
GO
INSERT [PERSONA].[DIRECCION_DISTRITO] ([id_ciudad], [id_distrito], [nom_distrito]) VALUES (24, 216, N'HUAYLLAPAMPA')
GO
INSERT [PERSONA].[DIRECCION_DISTRITO] ([id_ciudad], [id_distrito], [nom_distrito]) VALUES (24, 217, N'LLACLLIN')
GO
INSERT [PERSONA].[DIRECCION_DISTRITO] ([id_ciudad], [id_distrito], [nom_distrito]) VALUES (24, 218, N'MARCA')
GO
INSERT [PERSONA].[DIRECCION_DISTRITO] ([id_ciudad], [id_distrito], [nom_distrito]) VALUES (24, 219, N'PAMPAS CHICO')
GO
INSERT [PERSONA].[DIRECCION_DISTRITO] ([id_ciudad], [id_distrito], [nom_distrito]) VALUES (24, 220, N'PARARIN')
GO
INSERT [PERSONA].[DIRECCION_DISTRITO] ([id_ciudad], [id_distrito], [nom_distrito]) VALUES (24, 221, N'TAPACOCHA')
GO
INSERT [PERSONA].[DIRECCION_DISTRITO] ([id_ciudad], [id_distrito], [nom_distrito]) VALUES (24, 222, N'TICAPAMPA')
GO
INSERT [PERSONA].[DIRECCION_DISTRITO] ([id_ciudad], [id_distrito], [nom_distrito]) VALUES (25, 223, N'CHIMBOTE')
GO
INSERT [PERSONA].[DIRECCION_DISTRITO] ([id_ciudad], [id_distrito], [nom_distrito]) VALUES (25, 224, N'CACERES DEL PERU')
GO
INSERT [PERSONA].[DIRECCION_DISTRITO] ([id_ciudad], [id_distrito], [nom_distrito]) VALUES (25, 225, N'COISHCO')
GO
INSERT [PERSONA].[DIRECCION_DISTRITO] ([id_ciudad], [id_distrito], [nom_distrito]) VALUES (25, 226, N'MACATE')
GO
INSERT [PERSONA].[DIRECCION_DISTRITO] ([id_ciudad], [id_distrito], [nom_distrito]) VALUES (25, 227, N'MORO')
GO
INSERT [PERSONA].[DIRECCION_DISTRITO] ([id_ciudad], [id_distrito], [nom_distrito]) VALUES (25, 228, N'NEPE&Ntilde;A')
GO
INSERT [PERSONA].[DIRECCION_DISTRITO] ([id_ciudad], [id_distrito], [nom_distrito]) VALUES (25, 229, N'SAMANCO')
GO
INSERT [PERSONA].[DIRECCION_DISTRITO] ([id_ciudad], [id_distrito], [nom_distrito]) VALUES (25, 230, N'SANTA')
GO
INSERT [PERSONA].[DIRECCION_DISTRITO] ([id_ciudad], [id_distrito], [nom_distrito]) VALUES (25, 231, N'NUEVO CHIMBOTE')
GO
INSERT [PERSONA].[DIRECCION_DISTRITO] ([id_ciudad], [id_distrito], [nom_distrito]) VALUES (26, 232, N'SIHUAS')
GO
INSERT [PERSONA].[DIRECCION_DISTRITO] ([id_ciudad], [id_distrito], [nom_distrito]) VALUES (26, 233, N'ACOBAMBA')
GO
INSERT [PERSONA].[DIRECCION_DISTRITO] ([id_ciudad], [id_distrito], [nom_distrito]) VALUES (26, 234, N'ALFONSO UGARTE')
GO
INSERT [PERSONA].[DIRECCION_DISTRITO] ([id_ciudad], [id_distrito], [nom_distrito]) VALUES (26, 235, N'CASHAPAMPA')
GO
INSERT [PERSONA].[DIRECCION_DISTRITO] ([id_ciudad], [id_distrito], [nom_distrito]) VALUES (26, 236, N'CHINGALPO')
GO
INSERT [PERSONA].[DIRECCION_DISTRITO] ([id_ciudad], [id_distrito], [nom_distrito]) VALUES (26, 237, N'HUAYLLABAMBA')
GO
INSERT [PERSONA].[DIRECCION_DISTRITO] ([id_ciudad], [id_distrito], [nom_distrito]) VALUES (26, 238, N'QUICHES')
GO
INSERT [PERSONA].[DIRECCION_DISTRITO] ([id_ciudad], [id_distrito], [nom_distrito]) VALUES (26, 239, N'RAGASH')
GO
INSERT [PERSONA].[DIRECCION_DISTRITO] ([id_ciudad], [id_distrito], [nom_distrito]) VALUES (26, 240, N'SAN JUAN')
GO
INSERT [PERSONA].[DIRECCION_DISTRITO] ([id_ciudad], [id_distrito], [nom_distrito]) VALUES (26, 241, N'SICSIBAMBA')
GO
INSERT [PERSONA].[DIRECCION_DISTRITO] ([id_ciudad], [id_distrito], [nom_distrito]) VALUES (27, 242, N'YUNGAY')
GO
INSERT [PERSONA].[DIRECCION_DISTRITO] ([id_ciudad], [id_distrito], [nom_distrito]) VALUES (27, 243, N'CASCAPARA')
GO
INSERT [PERSONA].[DIRECCION_DISTRITO] ([id_ciudad], [id_distrito], [nom_distrito]) VALUES (27, 244, N'MANCOS')
GO
INSERT [PERSONA].[DIRECCION_DISTRITO] ([id_ciudad], [id_distrito], [nom_distrito]) VALUES (27, 245, N'MATACOTO')
GO
INSERT [PERSONA].[DIRECCION_DISTRITO] ([id_ciudad], [id_distrito], [nom_distrito]) VALUES (27, 246, N'QUILLO')
GO
INSERT [PERSONA].[DIRECCION_DISTRITO] ([id_ciudad], [id_distrito], [nom_distrito]) VALUES (27, 247, N'RANRAHIRCA')
GO
INSERT [PERSONA].[DIRECCION_DISTRITO] ([id_ciudad], [id_distrito], [nom_distrito]) VALUES (27, 248, N'SHUPLUY')
GO
INSERT [PERSONA].[DIRECCION_DISTRITO] ([id_ciudad], [id_distrito], [nom_distrito]) VALUES (27, 249, N'YANAMA')
GO
INSERT [PERSONA].[DIRECCION_DISTRITO] ([id_ciudad], [id_distrito], [nom_distrito]) VALUES (28, 250, N'ABANCAY')
GO
INSERT [PERSONA].[DIRECCION_DISTRITO] ([id_ciudad], [id_distrito], [nom_distrito]) VALUES (28, 251, N'CHACOCHE')
GO
INSERT [PERSONA].[DIRECCION_DISTRITO] ([id_ciudad], [id_distrito], [nom_distrito]) VALUES (28, 252, N'CIRCA')
GO
INSERT [PERSONA].[DIRECCION_DISTRITO] ([id_ciudad], [id_distrito], [nom_distrito]) VALUES (28, 253, N'CURAHUASI')
GO
INSERT [PERSONA].[DIRECCION_DISTRITO] ([id_ciudad], [id_distrito], [nom_distrito]) VALUES (28, 254, N'HUANIPACA')
GO
INSERT [PERSONA].[DIRECCION_DISTRITO] ([id_ciudad], [id_distrito], [nom_distrito]) VALUES (28, 255, N'LAMBRAMA')
GO
INSERT [PERSONA].[DIRECCION_DISTRITO] ([id_ciudad], [id_distrito], [nom_distrito]) VALUES (28, 256, N'PICHIRHUA')
GO
INSERT [PERSONA].[DIRECCION_DISTRITO] ([id_ciudad], [id_distrito], [nom_distrito]) VALUES (28, 257, N'SAN PEDRO DE CACHORA')
GO
INSERT [PERSONA].[DIRECCION_DISTRITO] ([id_ciudad], [id_distrito], [nom_distrito]) VALUES (28, 258, N'TAMBURCO')
GO
INSERT [PERSONA].[DIRECCION_DISTRITO] ([id_ciudad], [id_distrito], [nom_distrito]) VALUES (29, 259, N'ANDAHUAYLAS')
GO
INSERT [PERSONA].[DIRECCION_DISTRITO] ([id_ciudad], [id_distrito], [nom_distrito]) VALUES (29, 260, N'ANDARAPA')
GO
INSERT [PERSONA].[DIRECCION_DISTRITO] ([id_ciudad], [id_distrito], [nom_distrito]) VALUES (29, 261, N'CHIARA')
GO
INSERT [PERSONA].[DIRECCION_DISTRITO] ([id_ciudad], [id_distrito], [nom_distrito]) VALUES (29, 262, N'HUANCARAMA')
GO
INSERT [PERSONA].[DIRECCION_DISTRITO] ([id_ciudad], [id_distrito], [nom_distrito]) VALUES (29, 263, N'HUANCARAY')
GO
INSERT [PERSONA].[DIRECCION_DISTRITO] ([id_ciudad], [id_distrito], [nom_distrito]) VALUES (29, 264, N'HUAYANA')
GO
INSERT [PERSONA].[DIRECCION_DISTRITO] ([id_ciudad], [id_distrito], [nom_distrito]) VALUES (29, 265, N'KISHUARA')
GO
INSERT [PERSONA].[DIRECCION_DISTRITO] ([id_ciudad], [id_distrito], [nom_distrito]) VALUES (29, 266, N'PACOBAMBA')
GO
INSERT [PERSONA].[DIRECCION_DISTRITO] ([id_ciudad], [id_distrito], [nom_distrito]) VALUES (29, 267, N'PACUCHA')
GO
INSERT [PERSONA].[DIRECCION_DISTRITO] ([id_ciudad], [id_distrito], [nom_distrito]) VALUES (29, 268, N'PAMPACHIRI')
GO
INSERT [PERSONA].[DIRECCION_DISTRITO] ([id_ciudad], [id_distrito], [nom_distrito]) VALUES (29, 269, N'POMACOCHA')
GO
INSERT [PERSONA].[DIRECCION_DISTRITO] ([id_ciudad], [id_distrito], [nom_distrito]) VALUES (29, 270, N'SAN ANTONIO DE CACHI')
GO
INSERT [PERSONA].[DIRECCION_DISTRITO] ([id_ciudad], [id_distrito], [nom_distrito]) VALUES (29, 271, N'SAN JERONIMO')
GO
INSERT [PERSONA].[DIRECCION_DISTRITO] ([id_ciudad], [id_distrito], [nom_distrito]) VALUES (29, 272, N'SAN MIGUEL DE CHACCRAMPA')
GO
INSERT [PERSONA].[DIRECCION_DISTRITO] ([id_ciudad], [id_distrito], [nom_distrito]) VALUES (29, 273, N'SANTA MARIA DE CHICMO')
GO
INSERT [PERSONA].[DIRECCION_DISTRITO] ([id_ciudad], [id_distrito], [nom_distrito]) VALUES (29, 274, N'TALAVERA')
GO
INSERT [PERSONA].[DIRECCION_DISTRITO] ([id_ciudad], [id_distrito], [nom_distrito]) VALUES (29, 275, N'TUMAY HUARACA')
GO
INSERT [PERSONA].[DIRECCION_DISTRITO] ([id_ciudad], [id_distrito], [nom_distrito]) VALUES (29, 276, N'TURPO')
GO
INSERT [PERSONA].[DIRECCION_DISTRITO] ([id_ciudad], [id_distrito], [nom_distrito]) VALUES (29, 277, N'KAQUIABAMBA')
GO
INSERT [PERSONA].[DIRECCION_DISTRITO] ([id_ciudad], [id_distrito], [nom_distrito]) VALUES (30, 278, N'ANTABAMBA')
GO
INSERT [PERSONA].[DIRECCION_DISTRITO] ([id_ciudad], [id_distrito], [nom_distrito]) VALUES (30, 279, N'EL ORO')
GO
INSERT [PERSONA].[DIRECCION_DISTRITO] ([id_ciudad], [id_distrito], [nom_distrito]) VALUES (30, 280, N'HUAQUIRCA')
GO
INSERT [PERSONA].[DIRECCION_DISTRITO] ([id_ciudad], [id_distrito], [nom_distrito]) VALUES (30, 281, N'JUAN ESPINOZA MEDRANO')
GO
INSERT [PERSONA].[DIRECCION_DISTRITO] ([id_ciudad], [id_distrito], [nom_distrito]) VALUES (30, 282, N'OROPESA')
GO
INSERT [PERSONA].[DIRECCION_DISTRITO] ([id_ciudad], [id_distrito], [nom_distrito]) VALUES (30, 283, N'PACHACONAS')
GO
INSERT [PERSONA].[DIRECCION_DISTRITO] ([id_ciudad], [id_distrito], [nom_distrito]) VALUES (30, 284, N'SABAINO')
GO
INSERT [PERSONA].[DIRECCION_DISTRITO] ([id_ciudad], [id_distrito], [nom_distrito]) VALUES (31, 285, N'CHALHUANCA')
GO
INSERT [PERSONA].[DIRECCION_DISTRITO] ([id_ciudad], [id_distrito], [nom_distrito]) VALUES (31, 286, N'CAPAYA')
GO
INSERT [PERSONA].[DIRECCION_DISTRITO] ([id_ciudad], [id_distrito], [nom_distrito]) VALUES (31, 287, N'CARAYBAMBA')
GO
INSERT [PERSONA].[DIRECCION_DISTRITO] ([id_ciudad], [id_distrito], [nom_distrito]) VALUES (31, 288, N'CHAPIMARCA')
GO
INSERT [PERSONA].[DIRECCION_DISTRITO] ([id_ciudad], [id_distrito], [nom_distrito]) VALUES (31, 289, N'COLCABAMBA')
GO
INSERT [PERSONA].[DIRECCION_DISTRITO] ([id_ciudad], [id_distrito], [nom_distrito]) VALUES (31, 290, N'COTARUSE')
GO
INSERT [PERSONA].[DIRECCION_DISTRITO] ([id_ciudad], [id_distrito], [nom_distrito]) VALUES (31, 291, N'HUAYLLO')
GO
INSERT [PERSONA].[DIRECCION_DISTRITO] ([id_ciudad], [id_distrito], [nom_distrito]) VALUES (31, 292, N'JUSTO APU SAHUARAURA')
GO
INSERT [PERSONA].[DIRECCION_DISTRITO] ([id_ciudad], [id_distrito], [nom_distrito]) VALUES (31, 293, N'LUCRE')
GO
INSERT [PERSONA].[DIRECCION_DISTRITO] ([id_ciudad], [id_distrito], [nom_distrito]) VALUES (31, 294, N'POCOHUANCA')
GO
INSERT [PERSONA].[DIRECCION_DISTRITO] ([id_ciudad], [id_distrito], [nom_distrito]) VALUES (31, 295, N'SAN JUAN DE CHAC&Ntilde;A')
GO
INSERT [PERSONA].[DIRECCION_DISTRITO] ([id_ciudad], [id_distrito], [nom_distrito]) VALUES (31, 296, N'SA&Ntilde;AYCA')
GO
INSERT [PERSONA].[DIRECCION_DISTRITO] ([id_ciudad], [id_distrito], [nom_distrito]) VALUES (31, 297, N'SORAYA')
GO
INSERT [PERSONA].[DIRECCION_DISTRITO] ([id_ciudad], [id_distrito], [nom_distrito]) VALUES (31, 298, N'TAPAIRIHUA')
GO
INSERT [PERSONA].[DIRECCION_DISTRITO] ([id_ciudad], [id_distrito], [nom_distrito]) VALUES (31, 299, N'TINTAY')
GO
INSERT [PERSONA].[DIRECCION_DISTRITO] ([id_ciudad], [id_distrito], [nom_distrito]) VALUES (31, 300, N'TORAYA')
GO
INSERT [PERSONA].[DIRECCION_DISTRITO] ([id_ciudad], [id_distrito], [nom_distrito]) VALUES (31, 301, N'YANACA')
GO
INSERT [PERSONA].[DIRECCION_DISTRITO] ([id_ciudad], [id_distrito], [nom_distrito]) VALUES (32, 302, N'TAMBOBAMBA')
GO
INSERT [PERSONA].[DIRECCION_DISTRITO] ([id_ciudad], [id_distrito], [nom_distrito]) VALUES (32, 303, N'COTABAMBAS')
GO
INSERT [PERSONA].[DIRECCION_DISTRITO] ([id_ciudad], [id_distrito], [nom_distrito]) VALUES (32, 304, N'COYLLURQUI')
GO
INSERT [PERSONA].[DIRECCION_DISTRITO] ([id_ciudad], [id_distrito], [nom_distrito]) VALUES (32, 305, N'HAQUIRA')
GO
INSERT [PERSONA].[DIRECCION_DISTRITO] ([id_ciudad], [id_distrito], [nom_distrito]) VALUES (32, 306, N'MARA')
GO
INSERT [PERSONA].[DIRECCION_DISTRITO] ([id_ciudad], [id_distrito], [nom_distrito]) VALUES (32, 307, N'CHALLHUAHUACHO')
GO
INSERT [PERSONA].[DIRECCION_DISTRITO] ([id_ciudad], [id_distrito], [nom_distrito]) VALUES (33, 308, N'CHINCHEROS')
GO
INSERT [PERSONA].[DIRECCION_DISTRITO] ([id_ciudad], [id_distrito], [nom_distrito]) VALUES (33, 309, N'ANCO-HUALLO')
GO
INSERT [PERSONA].[DIRECCION_DISTRITO] ([id_ciudad], [id_distrito], [nom_distrito]) VALUES (33, 310, N'COCHARCAS')
GO
INSERT [PERSONA].[DIRECCION_DISTRITO] ([id_ciudad], [id_distrito], [nom_distrito]) VALUES (33, 311, N'HUACCANA')
GO
INSERT [PERSONA].[DIRECCION_DISTRITO] ([id_ciudad], [id_distrito], [nom_distrito]) VALUES (33, 312, N'OCOBAMBA')
GO
INSERT [PERSONA].[DIRECCION_DISTRITO] ([id_ciudad], [id_distrito], [nom_distrito]) VALUES (33, 313, N'ONGOY')
GO
INSERT [PERSONA].[DIRECCION_DISTRITO] ([id_ciudad], [id_distrito], [nom_distrito]) VALUES (33, 314, N'URANMARCA')
GO
INSERT [PERSONA].[DIRECCION_DISTRITO] ([id_ciudad], [id_distrito], [nom_distrito]) VALUES (33, 315, N'RANRACANCHA')
GO
INSERT [PERSONA].[DIRECCION_DISTRITO] ([id_ciudad], [id_distrito], [nom_distrito]) VALUES (34, 316, N'CHUQUIBAMBILLA')
GO
INSERT [PERSONA].[DIRECCION_DISTRITO] ([id_ciudad], [id_distrito], [nom_distrito]) VALUES (34, 317, N'CURPAHUASI')
GO
INSERT [PERSONA].[DIRECCION_DISTRITO] ([id_ciudad], [id_distrito], [nom_distrito]) VALUES (34, 318, N'GAMARRA')
GO
INSERT [PERSONA].[DIRECCION_DISTRITO] ([id_ciudad], [id_distrito], [nom_distrito]) VALUES (34, 319, N'HUAYLLATI')
GO
INSERT [PERSONA].[DIRECCION_DISTRITO] ([id_ciudad], [id_distrito], [nom_distrito]) VALUES (34, 320, N'MAMARA')
GO
INSERT [PERSONA].[DIRECCION_DISTRITO] ([id_ciudad], [id_distrito], [nom_distrito]) VALUES (34, 321, N'MICAELA BASTIDAS')
GO
INSERT [PERSONA].[DIRECCION_DISTRITO] ([id_ciudad], [id_distrito], [nom_distrito]) VALUES (34, 322, N'PATAYPAMPA')
GO
INSERT [PERSONA].[DIRECCION_DISTRITO] ([id_ciudad], [id_distrito], [nom_distrito]) VALUES (34, 323, N'PROGRESO')
GO
INSERT [PERSONA].[DIRECCION_DISTRITO] ([id_ciudad], [id_distrito], [nom_distrito]) VALUES (34, 324, N'SAN ANTONIO')
GO
INSERT [PERSONA].[DIRECCION_DISTRITO] ([id_ciudad], [id_distrito], [nom_distrito]) VALUES (34, 325, N'SANTA ROSA')
GO
INSERT [PERSONA].[DIRECCION_DISTRITO] ([id_ciudad], [id_distrito], [nom_distrito]) VALUES (34, 326, N'TURPAY')
GO
INSERT [PERSONA].[DIRECCION_DISTRITO] ([id_ciudad], [id_distrito], [nom_distrito]) VALUES (34, 327, N'VILCABAMBA')
GO
INSERT [PERSONA].[DIRECCION_DISTRITO] ([id_ciudad], [id_distrito], [nom_distrito]) VALUES (34, 328, N'VIRUNDO')
GO
INSERT [PERSONA].[DIRECCION_DISTRITO] ([id_ciudad], [id_distrito], [nom_distrito]) VALUES (34, 329, N'CURASCO')
GO
INSERT [PERSONA].[DIRECCION_DISTRITO] ([id_ciudad], [id_distrito], [nom_distrito]) VALUES (35, 330, N'AREQUIPA')
GO
INSERT [PERSONA].[DIRECCION_DISTRITO] ([id_ciudad], [id_distrito], [nom_distrito]) VALUES (35, 331, N'ALTO SELVA ALEGRE')
GO
INSERT [PERSONA].[DIRECCION_DISTRITO] ([id_ciudad], [id_distrito], [nom_distrito]) VALUES (35, 332, N'CAYMA')
GO
INSERT [PERSONA].[DIRECCION_DISTRITO] ([id_ciudad], [id_distrito], [nom_distrito]) VALUES (35, 333, N'CERRO COLORADO')
GO
INSERT [PERSONA].[DIRECCION_DISTRITO] ([id_ciudad], [id_distrito], [nom_distrito]) VALUES (35, 334, N'CHARACATO')
GO
INSERT [PERSONA].[DIRECCION_DISTRITO] ([id_ciudad], [id_distrito], [nom_distrito]) VALUES (35, 335, N'CHIGUATA')
GO
INSERT [PERSONA].[DIRECCION_DISTRITO] ([id_ciudad], [id_distrito], [nom_distrito]) VALUES (35, 336, N'JACOBO HUNTER')
GO
INSERT [PERSONA].[DIRECCION_DISTRITO] ([id_ciudad], [id_distrito], [nom_distrito]) VALUES (35, 337, N'LA JOYA')
GO
INSERT [PERSONA].[DIRECCION_DISTRITO] ([id_ciudad], [id_distrito], [nom_distrito]) VALUES (35, 338, N'MARIANO MELGAR')
GO
INSERT [PERSONA].[DIRECCION_DISTRITO] ([id_ciudad], [id_distrito], [nom_distrito]) VALUES (35, 339, N'MIRAFLORES')
GO
INSERT [PERSONA].[DIRECCION_DISTRITO] ([id_ciudad], [id_distrito], [nom_distrito]) VALUES (35, 340, N'MOLLEBAYA')
GO
INSERT [PERSONA].[DIRECCION_DISTRITO] ([id_ciudad], [id_distrito], [nom_distrito]) VALUES (35, 341, N'PAUCARPATA')
GO
INSERT [PERSONA].[DIRECCION_DISTRITO] ([id_ciudad], [id_distrito], [nom_distrito]) VALUES (35, 342, N'POCSI')
GO
INSERT [PERSONA].[DIRECCION_DISTRITO] ([id_ciudad], [id_distrito], [nom_distrito]) VALUES (35, 343, N'POLOBAYA')
GO
INSERT [PERSONA].[DIRECCION_DISTRITO] ([id_ciudad], [id_distrito], [nom_distrito]) VALUES (35, 344, N'QUEQUE&Ntilde;A')
GO
INSERT [PERSONA].[DIRECCION_DISTRITO] ([id_ciudad], [id_distrito], [nom_distrito]) VALUES (35, 345, N'SABANDIA')
GO
INSERT [PERSONA].[DIRECCION_DISTRITO] ([id_ciudad], [id_distrito], [nom_distrito]) VALUES (35, 346, N'SACHACA')
GO
INSERT [PERSONA].[DIRECCION_DISTRITO] ([id_ciudad], [id_distrito], [nom_distrito]) VALUES (35, 347, N'SAN JUAN DE SIGUAS')
GO
INSERT [PERSONA].[DIRECCION_DISTRITO] ([id_ciudad], [id_distrito], [nom_distrito]) VALUES (35, 348, N'SAN JUAN DE TARUCANI')
GO
INSERT [PERSONA].[DIRECCION_DISTRITO] ([id_ciudad], [id_distrito], [nom_distrito]) VALUES (35, 349, N'SANTA ISABEL DE SIGUAS')
GO
INSERT [PERSONA].[DIRECCION_DISTRITO] ([id_ciudad], [id_distrito], [nom_distrito]) VALUES (35, 350, N'SANTA RITA DE SIGUAS')
GO
INSERT [PERSONA].[DIRECCION_DISTRITO] ([id_ciudad], [id_distrito], [nom_distrito]) VALUES (35, 351, N'SOCABAYA')
GO
INSERT [PERSONA].[DIRECCION_DISTRITO] ([id_ciudad], [id_distrito], [nom_distrito]) VALUES (35, 352, N'TIABAYA')
GO
INSERT [PERSONA].[DIRECCION_DISTRITO] ([id_ciudad], [id_distrito], [nom_distrito]) VALUES (35, 353, N'UCHUMAYO')
GO
INSERT [PERSONA].[DIRECCION_DISTRITO] ([id_ciudad], [id_distrito], [nom_distrito]) VALUES (35, 354, N'VITOR')
GO
INSERT [PERSONA].[DIRECCION_DISTRITO] ([id_ciudad], [id_distrito], [nom_distrito]) VALUES (35, 355, N'YANAHUARA')
GO
INSERT [PERSONA].[DIRECCION_DISTRITO] ([id_ciudad], [id_distrito], [nom_distrito]) VALUES (35, 356, N'YARABAMBA')
GO
INSERT [PERSONA].[DIRECCION_DISTRITO] ([id_ciudad], [id_distrito], [nom_distrito]) VALUES (35, 357, N'YURA')
GO
INSERT [PERSONA].[DIRECCION_DISTRITO] ([id_ciudad], [id_distrito], [nom_distrito]) VALUES (35, 358, N'JOSE LUIS BUSTAMANTE Y RIVERO')
GO
INSERT [PERSONA].[DIRECCION_DISTRITO] ([id_ciudad], [id_distrito], [nom_distrito]) VALUES (36, 359, N'CAMANA')
GO
INSERT [PERSONA].[DIRECCION_DISTRITO] ([id_ciudad], [id_distrito], [nom_distrito]) VALUES (36, 360, N'JOSE MARIA QUIMPER')
GO
INSERT [PERSONA].[DIRECCION_DISTRITO] ([id_ciudad], [id_distrito], [nom_distrito]) VALUES (36, 361, N'MARIANO NICOLAS VALCARCEL')
GO
INSERT [PERSONA].[DIRECCION_DISTRITO] ([id_ciudad], [id_distrito], [nom_distrito]) VALUES (36, 362, N'MARISCAL CACERES')
GO
INSERT [PERSONA].[DIRECCION_DISTRITO] ([id_ciudad], [id_distrito], [nom_distrito]) VALUES (36, 363, N'NICOLAS DE PIEROLA')
GO
INSERT [PERSONA].[DIRECCION_DISTRITO] ([id_ciudad], [id_distrito], [nom_distrito]) VALUES (36, 364, N'OCO&Ntilde;A')
GO
INSERT [PERSONA].[DIRECCION_DISTRITO] ([id_ciudad], [id_distrito], [nom_distrito]) VALUES (36, 365, N'QUILCA')
GO
INSERT [PERSONA].[DIRECCION_DISTRITO] ([id_ciudad], [id_distrito], [nom_distrito]) VALUES (36, 366, N'SAMUEL PASTOR')
GO
INSERT [PERSONA].[DIRECCION_DISTRITO] ([id_ciudad], [id_distrito], [nom_distrito]) VALUES (37, 367, N'CARAVELI')
GO
INSERT [PERSONA].[DIRECCION_DISTRITO] ([id_ciudad], [id_distrito], [nom_distrito]) VALUES (37, 368, N'ACARI')
GO
INSERT [PERSONA].[DIRECCION_DISTRITO] ([id_ciudad], [id_distrito], [nom_distrito]) VALUES (37, 369, N'ATICO')
GO
INSERT [PERSONA].[DIRECCION_DISTRITO] ([id_ciudad], [id_distrito], [nom_distrito]) VALUES (37, 370, N'ATIQUIPA')
GO
INSERT [PERSONA].[DIRECCION_DISTRITO] ([id_ciudad], [id_distrito], [nom_distrito]) VALUES (37, 371, N'BELLA UNION')
GO
INSERT [PERSONA].[DIRECCION_DISTRITO] ([id_ciudad], [id_distrito], [nom_distrito]) VALUES (37, 372, N'CAHUACHO')
GO
INSERT [PERSONA].[DIRECCION_DISTRITO] ([id_ciudad], [id_distrito], [nom_distrito]) VALUES (37, 373, N'CHALA')
GO
INSERT [PERSONA].[DIRECCION_DISTRITO] ([id_ciudad], [id_distrito], [nom_distrito]) VALUES (37, 374, N'CHAPARRA')
GO
INSERT [PERSONA].[DIRECCION_DISTRITO] ([id_ciudad], [id_distrito], [nom_distrito]) VALUES (37, 375, N'HUANUHUANU')
GO
INSERT [PERSONA].[DIRECCION_DISTRITO] ([id_ciudad], [id_distrito], [nom_distrito]) VALUES (37, 376, N'JAQUI')
GO
INSERT [PERSONA].[DIRECCION_DISTRITO] ([id_ciudad], [id_distrito], [nom_distrito]) VALUES (37, 377, N'LOMAS')
GO
INSERT [PERSONA].[DIRECCION_DISTRITO] ([id_ciudad], [id_distrito], [nom_distrito]) VALUES (37, 378, N'QUICACHA')
GO
INSERT [PERSONA].[DIRECCION_DISTRITO] ([id_ciudad], [id_distrito], [nom_distrito]) VALUES (37, 379, N'YAUCA')
GO
INSERT [PERSONA].[DIRECCION_DISTRITO] ([id_ciudad], [id_distrito], [nom_distrito]) VALUES (38, 380, N'APLAO')
GO
INSERT [PERSONA].[DIRECCION_DISTRITO] ([id_ciudad], [id_distrito], [nom_distrito]) VALUES (38, 381, N'ANDAGUA')
GO
INSERT [PERSONA].[DIRECCION_DISTRITO] ([id_ciudad], [id_distrito], [nom_distrito]) VALUES (38, 382, N'AYO')
GO
INSERT [PERSONA].[DIRECCION_DISTRITO] ([id_ciudad], [id_distrito], [nom_distrito]) VALUES (38, 383, N'CHACHAS')
GO
INSERT [PERSONA].[DIRECCION_DISTRITO] ([id_ciudad], [id_distrito], [nom_distrito]) VALUES (38, 384, N'CHILCAYMARCA')
GO
INSERT [PERSONA].[DIRECCION_DISTRITO] ([id_ciudad], [id_distrito], [nom_distrito]) VALUES (38, 385, N'CHOCO')
GO
INSERT [PERSONA].[DIRECCION_DISTRITO] ([id_ciudad], [id_distrito], [nom_distrito]) VALUES (38, 386, N'HUANCARQUI')
GO
INSERT [PERSONA].[DIRECCION_DISTRITO] ([id_ciudad], [id_distrito], [nom_distrito]) VALUES (38, 387, N'MACHAGUAY')
GO
INSERT [PERSONA].[DIRECCION_DISTRITO] ([id_ciudad], [id_distrito], [nom_distrito]) VALUES (38, 388, N'ORCOPAMPA')
GO
INSERT [PERSONA].[DIRECCION_DISTRITO] ([id_ciudad], [id_distrito], [nom_distrito]) VALUES (38, 389, N'PAMPACOLCA')
GO
INSERT [PERSONA].[DIRECCION_DISTRITO] ([id_ciudad], [id_distrito], [nom_distrito]) VALUES (38, 390, N'TIPAN')
GO
INSERT [PERSONA].[DIRECCION_DISTRITO] ([id_ciudad], [id_distrito], [nom_distrito]) VALUES (38, 391, N'U&Ntilde;ON')
GO
INSERT [PERSONA].[DIRECCION_DISTRITO] ([id_ciudad], [id_distrito], [nom_distrito]) VALUES (38, 392, N'URACA')
GO
INSERT [PERSONA].[DIRECCION_DISTRITO] ([id_ciudad], [id_distrito], [nom_distrito]) VALUES (38, 393, N'VIRACO')
GO
INSERT [PERSONA].[DIRECCION_DISTRITO] ([id_ciudad], [id_distrito], [nom_distrito]) VALUES (39, 394, N'CHIVAY')
GO
INSERT [PERSONA].[DIRECCION_DISTRITO] ([id_ciudad], [id_distrito], [nom_distrito]) VALUES (39, 395, N'ACHOMA')
GO
INSERT [PERSONA].[DIRECCION_DISTRITO] ([id_ciudad], [id_distrito], [nom_distrito]) VALUES (39, 396, N'CABANACONDE')
GO
INSERT [PERSONA].[DIRECCION_DISTRITO] ([id_ciudad], [id_distrito], [nom_distrito]) VALUES (39, 397, N'CALLALLI')
GO
INSERT [PERSONA].[DIRECCION_DISTRITO] ([id_ciudad], [id_distrito], [nom_distrito]) VALUES (39, 398, N'CAYLLOMA')
GO
INSERT [PERSONA].[DIRECCION_DISTRITO] ([id_ciudad], [id_distrito], [nom_distrito]) VALUES (39, 399, N'COPORAQUE')
GO
INSERT [PERSONA].[DIRECCION_DISTRITO] ([id_ciudad], [id_distrito], [nom_distrito]) VALUES (39, 400, N'HUAMBO')
GO
INSERT [PERSONA].[DIRECCION_DISTRITO] ([id_ciudad], [id_distrito], [nom_distrito]) VALUES (39, 401, N'HUANCA')
GO
INSERT [PERSONA].[DIRECCION_DISTRITO] ([id_ciudad], [id_distrito], [nom_distrito]) VALUES (39, 402, N'ICHUPAMPA')
GO
INSERT [PERSONA].[DIRECCION_DISTRITO] ([id_ciudad], [id_distrito], [nom_distrito]) VALUES (39, 403, N'LARI')
GO
INSERT [PERSONA].[DIRECCION_DISTRITO] ([id_ciudad], [id_distrito], [nom_distrito]) VALUES (39, 404, N'LLUTA')
GO
INSERT [PERSONA].[DIRECCION_DISTRITO] ([id_ciudad], [id_distrito], [nom_distrito]) VALUES (39, 405, N'MACA')
GO
INSERT [PERSONA].[DIRECCION_DISTRITO] ([id_ciudad], [id_distrito], [nom_distrito]) VALUES (39, 406, N'MADRIGAL')
GO
INSERT [PERSONA].[DIRECCION_DISTRITO] ([id_ciudad], [id_distrito], [nom_distrito]) VALUES (39, 407, N'SAN ANTONIO DE CHUCA')
GO
INSERT [PERSONA].[DIRECCION_DISTRITO] ([id_ciudad], [id_distrito], [nom_distrito]) VALUES (39, 408, N'SIBAYO')
GO
INSERT [PERSONA].[DIRECCION_DISTRITO] ([id_ciudad], [id_distrito], [nom_distrito]) VALUES (39, 409, N'TAPAY')
GO
INSERT [PERSONA].[DIRECCION_DISTRITO] ([id_ciudad], [id_distrito], [nom_distrito]) VALUES (39, 410, N'TISCO')
GO
INSERT [PERSONA].[DIRECCION_DISTRITO] ([id_ciudad], [id_distrito], [nom_distrito]) VALUES (39, 411, N'TUTI')
GO
INSERT [PERSONA].[DIRECCION_DISTRITO] ([id_ciudad], [id_distrito], [nom_distrito]) VALUES (39, 412, N'YANQUE')
GO
INSERT [PERSONA].[DIRECCION_DISTRITO] ([id_ciudad], [id_distrito], [nom_distrito]) VALUES (39, 413, N'MAJES')
GO
INSERT [PERSONA].[DIRECCION_DISTRITO] ([id_ciudad], [id_distrito], [nom_distrito]) VALUES (40, 414, N'CHUQUIBAMBA')
GO
INSERT [PERSONA].[DIRECCION_DISTRITO] ([id_ciudad], [id_distrito], [nom_distrito]) VALUES (40, 415, N'ANDARAY')
GO
INSERT [PERSONA].[DIRECCION_DISTRITO] ([id_ciudad], [id_distrito], [nom_distrito]) VALUES (40, 416, N'CAYARANI')
GO
INSERT [PERSONA].[DIRECCION_DISTRITO] ([id_ciudad], [id_distrito], [nom_distrito]) VALUES (40, 417, N'CHICHAS')
GO
INSERT [PERSONA].[DIRECCION_DISTRITO] ([id_ciudad], [id_distrito], [nom_distrito]) VALUES (40, 418, N'IRAY')
GO
INSERT [PERSONA].[DIRECCION_DISTRITO] ([id_ciudad], [id_distrito], [nom_distrito]) VALUES (40, 419, N'RIO GRANDE')
GO
INSERT [PERSONA].[DIRECCION_DISTRITO] ([id_ciudad], [id_distrito], [nom_distrito]) VALUES (40, 420, N'SALAMANCA')
GO
INSERT [PERSONA].[DIRECCION_DISTRITO] ([id_ciudad], [id_distrito], [nom_distrito]) VALUES (40, 421, N'YANAQUIHUA')
GO
INSERT [PERSONA].[DIRECCION_DISTRITO] ([id_ciudad], [id_distrito], [nom_distrito]) VALUES (41, 422, N'MOLLENDO')
GO
INSERT [PERSONA].[DIRECCION_DISTRITO] ([id_ciudad], [id_distrito], [nom_distrito]) VALUES (41, 423, N'COCACHACRA')
GO
INSERT [PERSONA].[DIRECCION_DISTRITO] ([id_ciudad], [id_distrito], [nom_distrito]) VALUES (41, 424, N'DEAN VALDIVIA')
GO
INSERT [PERSONA].[DIRECCION_DISTRITO] ([id_ciudad], [id_distrito], [nom_distrito]) VALUES (41, 425, N'ISLAY')
GO
INSERT [PERSONA].[DIRECCION_DISTRITO] ([id_ciudad], [id_distrito], [nom_distrito]) VALUES (41, 426, N'MEJIA')
GO
INSERT [PERSONA].[DIRECCION_DISTRITO] ([id_ciudad], [id_distrito], [nom_distrito]) VALUES (41, 427, N'PUNTA DE BOMBON')
GO
INSERT [PERSONA].[DIRECCION_DISTRITO] ([id_ciudad], [id_distrito], [nom_distrito]) VALUES (42, 428, N'COTAHUASI')
GO
INSERT [PERSONA].[DIRECCION_DISTRITO] ([id_ciudad], [id_distrito], [nom_distrito]) VALUES (42, 429, N'ALCA')
GO
INSERT [PERSONA].[DIRECCION_DISTRITO] ([id_ciudad], [id_distrito], [nom_distrito]) VALUES (42, 430, N'CHARCANA')
GO
INSERT [PERSONA].[DIRECCION_DISTRITO] ([id_ciudad], [id_distrito], [nom_distrito]) VALUES (42, 431, N'HUAYNACOTAS')
GO
INSERT [PERSONA].[DIRECCION_DISTRITO] ([id_ciudad], [id_distrito], [nom_distrito]) VALUES (42, 432, N'PAMPAMARCA')
GO
INSERT [PERSONA].[DIRECCION_DISTRITO] ([id_ciudad], [id_distrito], [nom_distrito]) VALUES (42, 433, N'PUYCA')
GO
INSERT [PERSONA].[DIRECCION_DISTRITO] ([id_ciudad], [id_distrito], [nom_distrito]) VALUES (42, 434, N'QUECHUALLA')
GO
INSERT [PERSONA].[DIRECCION_DISTRITO] ([id_ciudad], [id_distrito], [nom_distrito]) VALUES (42, 435, N'SAYLA')
GO
INSERT [PERSONA].[DIRECCION_DISTRITO] ([id_ciudad], [id_distrito], [nom_distrito]) VALUES (42, 436, N'TAURIA')
GO
INSERT [PERSONA].[DIRECCION_DISTRITO] ([id_ciudad], [id_distrito], [nom_distrito]) VALUES (42, 437, N'TOMEPAMPA')
GO
INSERT [PERSONA].[DIRECCION_DISTRITO] ([id_ciudad], [id_distrito], [nom_distrito]) VALUES (42, 438, N'TORO')
GO
INSERT [PERSONA].[DIRECCION_DISTRITO] ([id_ciudad], [id_distrito], [nom_distrito]) VALUES (43, 439, N'AYACUCHO')
GO
INSERT [PERSONA].[DIRECCION_DISTRITO] ([id_ciudad], [id_distrito], [nom_distrito]) VALUES (43, 440, N'ACOCRO')
GO
INSERT [PERSONA].[DIRECCION_DISTRITO] ([id_ciudad], [id_distrito], [nom_distrito]) VALUES (43, 441, N'ACOS VINCHOS')
GO
INSERT [PERSONA].[DIRECCION_DISTRITO] ([id_ciudad], [id_distrito], [nom_distrito]) VALUES (43, 442, N'CARMEN ALTO')
GO
INSERT [PERSONA].[DIRECCION_DISTRITO] ([id_ciudad], [id_distrito], [nom_distrito]) VALUES (43, 443, N'CHIARA')
GO
INSERT [PERSONA].[DIRECCION_DISTRITO] ([id_ciudad], [id_distrito], [nom_distrito]) VALUES (43, 444, N'OCROS')
GO
INSERT [PERSONA].[DIRECCION_DISTRITO] ([id_ciudad], [id_distrito], [nom_distrito]) VALUES (43, 445, N'PACAYCASA')
GO
INSERT [PERSONA].[DIRECCION_DISTRITO] ([id_ciudad], [id_distrito], [nom_distrito]) VALUES (43, 446, N'QUINUA')
GO
INSERT [PERSONA].[DIRECCION_DISTRITO] ([id_ciudad], [id_distrito], [nom_distrito]) VALUES (43, 447, N'SAN JOSE DE TICLLAS')
GO
INSERT [PERSONA].[DIRECCION_DISTRITO] ([id_ciudad], [id_distrito], [nom_distrito]) VALUES (43, 448, N'SAN JUAN BAUTISTA')
GO
INSERT [PERSONA].[DIRECCION_DISTRITO] ([id_ciudad], [id_distrito], [nom_distrito]) VALUES (43, 449, N'SANTIAGO DE PISCHA')
GO
INSERT [PERSONA].[DIRECCION_DISTRITO] ([id_ciudad], [id_distrito], [nom_distrito]) VALUES (43, 450, N'SOCOS')
GO
INSERT [PERSONA].[DIRECCION_DISTRITO] ([id_ciudad], [id_distrito], [nom_distrito]) VALUES (43, 451, N'TAMBILLO')
GO
INSERT [PERSONA].[DIRECCION_DISTRITO] ([id_ciudad], [id_distrito], [nom_distrito]) VALUES (43, 452, N'VINCHOS')
GO
INSERT [PERSONA].[DIRECCION_DISTRITO] ([id_ciudad], [id_distrito], [nom_distrito]) VALUES (43, 453, N'JESUS NAZARENO')
GO
INSERT [PERSONA].[DIRECCION_DISTRITO] ([id_ciudad], [id_distrito], [nom_distrito]) VALUES (44, 454, N'CANGALLO')
GO
INSERT [PERSONA].[DIRECCION_DISTRITO] ([id_ciudad], [id_distrito], [nom_distrito]) VALUES (44, 455, N'CHUSCHI')
GO
INSERT [PERSONA].[DIRECCION_DISTRITO] ([id_ciudad], [id_distrito], [nom_distrito]) VALUES (44, 456, N'LOS MOROCHUCOS')
GO
INSERT [PERSONA].[DIRECCION_DISTRITO] ([id_ciudad], [id_distrito], [nom_distrito]) VALUES (44, 457, N'MARIA PARADO DE BELLIDO')
GO
INSERT [PERSONA].[DIRECCION_DISTRITO] ([id_ciudad], [id_distrito], [nom_distrito]) VALUES (44, 458, N'PARAS')
GO
INSERT [PERSONA].[DIRECCION_DISTRITO] ([id_ciudad], [id_distrito], [nom_distrito]) VALUES (44, 459, N'TOTOS')
GO
INSERT [PERSONA].[DIRECCION_DISTRITO] ([id_ciudad], [id_distrito], [nom_distrito]) VALUES (45, 460, N'SANCOS')
GO
INSERT [PERSONA].[DIRECCION_DISTRITO] ([id_ciudad], [id_distrito], [nom_distrito]) VALUES (45, 461, N'CARAPO')
GO
INSERT [PERSONA].[DIRECCION_DISTRITO] ([id_ciudad], [id_distrito], [nom_distrito]) VALUES (45, 462, N'SACSAMARCA')
GO
INSERT [PERSONA].[DIRECCION_DISTRITO] ([id_ciudad], [id_distrito], [nom_distrito]) VALUES (45, 463, N'SANTIAGO DE LUCANAMARCA')
GO
INSERT [PERSONA].[DIRECCION_DISTRITO] ([id_ciudad], [id_distrito], [nom_distrito]) VALUES (46, 464, N'HUANTA')
GO
INSERT [PERSONA].[DIRECCION_DISTRITO] ([id_ciudad], [id_distrito], [nom_distrito]) VALUES (46, 465, N'AYAHUANCO')
GO
INSERT [PERSONA].[DIRECCION_DISTRITO] ([id_ciudad], [id_distrito], [nom_distrito]) VALUES (46, 466, N'HUAMANGUILLA')
GO
INSERT [PERSONA].[DIRECCION_DISTRITO] ([id_ciudad], [id_distrito], [nom_distrito]) VALUES (46, 467, N'IGUAIN')
GO
INSERT [PERSONA].[DIRECCION_DISTRITO] ([id_ciudad], [id_distrito], [nom_distrito]) VALUES (46, 468, N'LURICOCHA')
GO
INSERT [PERSONA].[DIRECCION_DISTRITO] ([id_ciudad], [id_distrito], [nom_distrito]) VALUES (46, 469, N'SANTILLANA')
GO
INSERT [PERSONA].[DIRECCION_DISTRITO] ([id_ciudad], [id_distrito], [nom_distrito]) VALUES (46, 470, N'SIVIA')
GO
INSERT [PERSONA].[DIRECCION_DISTRITO] ([id_ciudad], [id_distrito], [nom_distrito]) VALUES (46, 471, N'LLOCHEGUA')
GO
INSERT [PERSONA].[DIRECCION_DISTRITO] ([id_ciudad], [id_distrito], [nom_distrito]) VALUES (47, 472, N'SAN MIGUEL')
GO
INSERT [PERSONA].[DIRECCION_DISTRITO] ([id_ciudad], [id_distrito], [nom_distrito]) VALUES (47, 473, N'ANCO')
GO
INSERT [PERSONA].[DIRECCION_DISTRITO] ([id_ciudad], [id_distrito], [nom_distrito]) VALUES (47, 474, N'AYNA')
GO
INSERT [PERSONA].[DIRECCION_DISTRITO] ([id_ciudad], [id_distrito], [nom_distrito]) VALUES (47, 475, N'CHILCAS')
GO
INSERT [PERSONA].[DIRECCION_DISTRITO] ([id_ciudad], [id_distrito], [nom_distrito]) VALUES (47, 476, N'CHUNGUI')
GO
INSERT [PERSONA].[DIRECCION_DISTRITO] ([id_ciudad], [id_distrito], [nom_distrito]) VALUES (47, 477, N'LUIS CARRANZA')
GO
INSERT [PERSONA].[DIRECCION_DISTRITO] ([id_ciudad], [id_distrito], [nom_distrito]) VALUES (47, 478, N'SANTA ROSA')
GO
INSERT [PERSONA].[DIRECCION_DISTRITO] ([id_ciudad], [id_distrito], [nom_distrito]) VALUES (47, 479, N'TAMBO')
GO
INSERT [PERSONA].[DIRECCION_DISTRITO] ([id_ciudad], [id_distrito], [nom_distrito]) VALUES (48, 480, N'PUQUIO')
GO
INSERT [PERSONA].[DIRECCION_DISTRITO] ([id_ciudad], [id_distrito], [nom_distrito]) VALUES (48, 481, N'AUCARA')
GO
INSERT [PERSONA].[DIRECCION_DISTRITO] ([id_ciudad], [id_distrito], [nom_distrito]) VALUES (48, 482, N'CABANA')
GO
INSERT [PERSONA].[DIRECCION_DISTRITO] ([id_ciudad], [id_distrito], [nom_distrito]) VALUES (48, 483, N'CARMEN SALCEDO')
GO
INSERT [PERSONA].[DIRECCION_DISTRITO] ([id_ciudad], [id_distrito], [nom_distrito]) VALUES (48, 484, N'CHAVI&Ntilde;A')
GO
INSERT [PERSONA].[DIRECCION_DISTRITO] ([id_ciudad], [id_distrito], [nom_distrito]) VALUES (48, 485, N'CHIPAO')
GO
INSERT [PERSONA].[DIRECCION_DISTRITO] ([id_ciudad], [id_distrito], [nom_distrito]) VALUES (48, 486, N'HUAC-HUAS')
GO
INSERT [PERSONA].[DIRECCION_DISTRITO] ([id_ciudad], [id_distrito], [nom_distrito]) VALUES (48, 487, N'LARAMATE')
GO
INSERT [PERSONA].[DIRECCION_DISTRITO] ([id_ciudad], [id_distrito], [nom_distrito]) VALUES (48, 488, N'LEONCIO PRADO')
GO
INSERT [PERSONA].[DIRECCION_DISTRITO] ([id_ciudad], [id_distrito], [nom_distrito]) VALUES (48, 489, N'LLAUTA')
GO
INSERT [PERSONA].[DIRECCION_DISTRITO] ([id_ciudad], [id_distrito], [nom_distrito]) VALUES (48, 490, N'LUCANAS')
GO
INSERT [PERSONA].[DIRECCION_DISTRITO] ([id_ciudad], [id_distrito], [nom_distrito]) VALUES (48, 491, N'OCA&Ntilde;A')
GO
INSERT [PERSONA].[DIRECCION_DISTRITO] ([id_ciudad], [id_distrito], [nom_distrito]) VALUES (48, 492, N'OTOCA')
GO
INSERT [PERSONA].[DIRECCION_DISTRITO] ([id_ciudad], [id_distrito], [nom_distrito]) VALUES (48, 493, N'SAISA')
GO
INSERT [PERSONA].[DIRECCION_DISTRITO] ([id_ciudad], [id_distrito], [nom_distrito]) VALUES (48, 494, N'SAN CRISTOBAL')
GO
INSERT [PERSONA].[DIRECCION_DISTRITO] ([id_ciudad], [id_distrito], [nom_distrito]) VALUES (48, 495, N'SAN JUAN')
GO
INSERT [PERSONA].[DIRECCION_DISTRITO] ([id_ciudad], [id_distrito], [nom_distrito]) VALUES (48, 496, N'SAN PEDRO')
GO
INSERT [PERSONA].[DIRECCION_DISTRITO] ([id_ciudad], [id_distrito], [nom_distrito]) VALUES (48, 497, N'SAN PEDRO DE PALCO')
GO
INSERT [PERSONA].[DIRECCION_DISTRITO] ([id_ciudad], [id_distrito], [nom_distrito]) VALUES (48, 498, N'SANCOS')
GO
INSERT [PERSONA].[DIRECCION_DISTRITO] ([id_ciudad], [id_distrito], [nom_distrito]) VALUES (48, 499, N'SANTA ANA DE HUAYCAHUACHO')
GO
INSERT [PERSONA].[DIRECCION_DISTRITO] ([id_ciudad], [id_distrito], [nom_distrito]) VALUES (48, 500, N'SANTA LUCIA')
GO
INSERT [PERSONA].[DIRECCION_DISTRITO] ([id_ciudad], [id_distrito], [nom_distrito]) VALUES (49, 501, N'CORACORA')
GO
INSERT [PERSONA].[DIRECCION_DISTRITO] ([id_ciudad], [id_distrito], [nom_distrito]) VALUES (49, 502, N'CHUMPI')
GO
INSERT [PERSONA].[DIRECCION_DISTRITO] ([id_ciudad], [id_distrito], [nom_distrito]) VALUES (49, 503, N'CORONEL CASTA&Ntilde;EDA')
GO
INSERT [PERSONA].[DIRECCION_DISTRITO] ([id_ciudad], [id_distrito], [nom_distrito]) VALUES (49, 504, N'PACAPAUSA')
GO
INSERT [PERSONA].[DIRECCION_DISTRITO] ([id_ciudad], [id_distrito], [nom_distrito]) VALUES (49, 505, N'PULLO')
GO
INSERT [PERSONA].[DIRECCION_DISTRITO] ([id_ciudad], [id_distrito], [nom_distrito]) VALUES (49, 506, N'PUYUSCA')
GO
INSERT [PERSONA].[DIRECCION_DISTRITO] ([id_ciudad], [id_distrito], [nom_distrito]) VALUES (49, 507, N'SAN FRANCISCO DE RAVACAYCO')
GO
INSERT [PERSONA].[DIRECCION_DISTRITO] ([id_ciudad], [id_distrito], [nom_distrito]) VALUES (49, 508, N'UPAHUACHO')
GO
INSERT [PERSONA].[DIRECCION_DISTRITO] ([id_ciudad], [id_distrito], [nom_distrito]) VALUES (50, 509, N'PAUSA')
GO
INSERT [PERSONA].[DIRECCION_DISTRITO] ([id_ciudad], [id_distrito], [nom_distrito]) VALUES (50, 510, N'COLTA')
GO
INSERT [PERSONA].[DIRECCION_DISTRITO] ([id_ciudad], [id_distrito], [nom_distrito]) VALUES (50, 511, N'CORCULLA')
GO
INSERT [PERSONA].[DIRECCION_DISTRITO] ([id_ciudad], [id_distrito], [nom_distrito]) VALUES (50, 512, N'LAMPA')
GO
INSERT [PERSONA].[DIRECCION_DISTRITO] ([id_ciudad], [id_distrito], [nom_distrito]) VALUES (50, 513, N'MARCABAMBA')
GO
INSERT [PERSONA].[DIRECCION_DISTRITO] ([id_ciudad], [id_distrito], [nom_distrito]) VALUES (50, 514, N'OYOLO')
GO
INSERT [PERSONA].[DIRECCION_DISTRITO] ([id_ciudad], [id_distrito], [nom_distrito]) VALUES (50, 515, N'PARARCA')
GO
INSERT [PERSONA].[DIRECCION_DISTRITO] ([id_ciudad], [id_distrito], [nom_distrito]) VALUES (50, 516, N'SAN JAVIER DE ALPABAMBA')
GO
INSERT [PERSONA].[DIRECCION_DISTRITO] ([id_ciudad], [id_distrito], [nom_distrito]) VALUES (50, 517, N'SAN JOSE DE USHUA')
GO
INSERT [PERSONA].[DIRECCION_DISTRITO] ([id_ciudad], [id_distrito], [nom_distrito]) VALUES (50, 518, N'SARA SARA')
GO
INSERT [PERSONA].[DIRECCION_DISTRITO] ([id_ciudad], [id_distrito], [nom_distrito]) VALUES (51, 519, N'QUEROBAMBA')
GO
INSERT [PERSONA].[DIRECCION_DISTRITO] ([id_ciudad], [id_distrito], [nom_distrito]) VALUES (51, 520, N'BELEN')
GO
INSERT [PERSONA].[DIRECCION_DISTRITO] ([id_ciudad], [id_distrito], [nom_distrito]) VALUES (51, 521, N'CHALCOS')
GO
INSERT [PERSONA].[DIRECCION_DISTRITO] ([id_ciudad], [id_distrito], [nom_distrito]) VALUES (51, 522, N'CHILCAYOC')
GO
INSERT [PERSONA].[DIRECCION_DISTRITO] ([id_ciudad], [id_distrito], [nom_distrito]) VALUES (51, 523, N'HUACA&Ntilde;A')
GO
INSERT [PERSONA].[DIRECCION_DISTRITO] ([id_ciudad], [id_distrito], [nom_distrito]) VALUES (51, 524, N'MORCOLLA')
GO
INSERT [PERSONA].[DIRECCION_DISTRITO] ([id_ciudad], [id_distrito], [nom_distrito]) VALUES (51, 525, N'PAICO')
GO
INSERT [PERSONA].[DIRECCION_DISTRITO] ([id_ciudad], [id_distrito], [nom_distrito]) VALUES (51, 526, N'SAN PEDRO DE LARCAY')
GO
INSERT [PERSONA].[DIRECCION_DISTRITO] ([id_ciudad], [id_distrito], [nom_distrito]) VALUES (51, 527, N'SAN SALVADOR DE QUIJE')
GO
INSERT [PERSONA].[DIRECCION_DISTRITO] ([id_ciudad], [id_distrito], [nom_distrito]) VALUES (51, 528, N'SANTIAGO DE PAUCARAY')
GO
INSERT [PERSONA].[DIRECCION_DISTRITO] ([id_ciudad], [id_distrito], [nom_distrito]) VALUES (51, 529, N'SORAS')
GO
INSERT [PERSONA].[DIRECCION_DISTRITO] ([id_ciudad], [id_distrito], [nom_distrito]) VALUES (52, 530, N'HUANCAPI')
GO
INSERT [PERSONA].[DIRECCION_DISTRITO] ([id_ciudad], [id_distrito], [nom_distrito]) VALUES (52, 531, N'ALCAMENCA')
GO
INSERT [PERSONA].[DIRECCION_DISTRITO] ([id_ciudad], [id_distrito], [nom_distrito]) VALUES (52, 532, N'APONGO')
GO
INSERT [PERSONA].[DIRECCION_DISTRITO] ([id_ciudad], [id_distrito], [nom_distrito]) VALUES (52, 533, N'ASQUIPATA')
GO
INSERT [PERSONA].[DIRECCION_DISTRITO] ([id_ciudad], [id_distrito], [nom_distrito]) VALUES (52, 534, N'CANARIA')
GO
INSERT [PERSONA].[DIRECCION_DISTRITO] ([id_ciudad], [id_distrito], [nom_distrito]) VALUES (52, 535, N'CAYARA')
GO
INSERT [PERSONA].[DIRECCION_DISTRITO] ([id_ciudad], [id_distrito], [nom_distrito]) VALUES (52, 536, N'COLCA')
GO
INSERT [PERSONA].[DIRECCION_DISTRITO] ([id_ciudad], [id_distrito], [nom_distrito]) VALUES (52, 537, N'HUAMANQUIQUIA')
GO
INSERT [PERSONA].[DIRECCION_DISTRITO] ([id_ciudad], [id_distrito], [nom_distrito]) VALUES (52, 538, N'HUANCARAYLLA')
GO
INSERT [PERSONA].[DIRECCION_DISTRITO] ([id_ciudad], [id_distrito], [nom_distrito]) VALUES (52, 539, N'HUAYA')
GO
INSERT [PERSONA].[DIRECCION_DISTRITO] ([id_ciudad], [id_distrito], [nom_distrito]) VALUES (52, 540, N'SARHUA')
GO
INSERT [PERSONA].[DIRECCION_DISTRITO] ([id_ciudad], [id_distrito], [nom_distrito]) VALUES (52, 541, N'VILCANCHOS')
GO
INSERT [PERSONA].[DIRECCION_DISTRITO] ([id_ciudad], [id_distrito], [nom_distrito]) VALUES (53, 542, N'VILCAS HUAMAN')
GO
INSERT [PERSONA].[DIRECCION_DISTRITO] ([id_ciudad], [id_distrito], [nom_distrito]) VALUES (53, 543, N'ACCOMARCA')
GO
INSERT [PERSONA].[DIRECCION_DISTRITO] ([id_ciudad], [id_distrito], [nom_distrito]) VALUES (53, 544, N'CARHUANCA')
GO
INSERT [PERSONA].[DIRECCION_DISTRITO] ([id_ciudad], [id_distrito], [nom_distrito]) VALUES (53, 545, N'CONCEPCION')
GO
INSERT [PERSONA].[DIRECCION_DISTRITO] ([id_ciudad], [id_distrito], [nom_distrito]) VALUES (53, 546, N'HUAMBALPA')
GO
INSERT [PERSONA].[DIRECCION_DISTRITO] ([id_ciudad], [id_distrito], [nom_distrito]) VALUES (53, 547, N'INDEPENDENCIA')
GO
INSERT [PERSONA].[DIRECCION_DISTRITO] ([id_ciudad], [id_distrito], [nom_distrito]) VALUES (53, 548, N'SAURAMA')
GO
INSERT [PERSONA].[DIRECCION_DISTRITO] ([id_ciudad], [id_distrito], [nom_distrito]) VALUES (53, 549, N'VISCHONGO')
GO
INSERT [PERSONA].[DIRECCION_DISTRITO] ([id_ciudad], [id_distrito], [nom_distrito]) VALUES (54, 550, N'CAJAMARCA')
GO
INSERT [PERSONA].[DIRECCION_DISTRITO] ([id_ciudad], [id_distrito], [nom_distrito]) VALUES (54, 551, N'CAJAMARCA')
GO
INSERT [PERSONA].[DIRECCION_DISTRITO] ([id_ciudad], [id_distrito], [nom_distrito]) VALUES (54, 552, N'ASUNCION')
GO
INSERT [PERSONA].[DIRECCION_DISTRITO] ([id_ciudad], [id_distrito], [nom_distrito]) VALUES (54, 553, N'CHETILLA')
GO
INSERT [PERSONA].[DIRECCION_DISTRITO] ([id_ciudad], [id_distrito], [nom_distrito]) VALUES (54, 554, N'COSPAN')
GO
INSERT [PERSONA].[DIRECCION_DISTRITO] ([id_ciudad], [id_distrito], [nom_distrito]) VALUES (54, 555, N'ENCA&Ntilde;ADA')
GO
INSERT [PERSONA].[DIRECCION_DISTRITO] ([id_ciudad], [id_distrito], [nom_distrito]) VALUES (54, 556, N'JESUS')
GO
INSERT [PERSONA].[DIRECCION_DISTRITO] ([id_ciudad], [id_distrito], [nom_distrito]) VALUES (54, 557, N'LLACANORA')
GO
INSERT [PERSONA].[DIRECCION_DISTRITO] ([id_ciudad], [id_distrito], [nom_distrito]) VALUES (54, 558, N'LOS BA&Ntilde;OS DEL INCA')
GO
INSERT [PERSONA].[DIRECCION_DISTRITO] ([id_ciudad], [id_distrito], [nom_distrito]) VALUES (54, 559, N'MAGDALENA')
GO
INSERT [PERSONA].[DIRECCION_DISTRITO] ([id_ciudad], [id_distrito], [nom_distrito]) VALUES (54, 560, N'MATARA')
GO
INSERT [PERSONA].[DIRECCION_DISTRITO] ([id_ciudad], [id_distrito], [nom_distrito]) VALUES (54, 561, N'NAMORA')
GO
INSERT [PERSONA].[DIRECCION_DISTRITO] ([id_ciudad], [id_distrito], [nom_distrito]) VALUES (54, 562, N'SAN JUAN')
GO
INSERT [PERSONA].[DIRECCION_DISTRITO] ([id_ciudad], [id_distrito], [nom_distrito]) VALUES (55, 563, N'CAJABAMBA')
GO
INSERT [PERSONA].[DIRECCION_DISTRITO] ([id_ciudad], [id_distrito], [nom_distrito]) VALUES (55, 564, N'CACHACHI')
GO
INSERT [PERSONA].[DIRECCION_DISTRITO] ([id_ciudad], [id_distrito], [nom_distrito]) VALUES (55, 565, N'CONDEBAMBA')
GO
INSERT [PERSONA].[DIRECCION_DISTRITO] ([id_ciudad], [id_distrito], [nom_distrito]) VALUES (55, 566, N'SITACOCHA')
GO
INSERT [PERSONA].[DIRECCION_DISTRITO] ([id_ciudad], [id_distrito], [nom_distrito]) VALUES (56, 567, N'CELENDIN')
GO
INSERT [PERSONA].[DIRECCION_DISTRITO] ([id_ciudad], [id_distrito], [nom_distrito]) VALUES (56, 568, N'CHUMUCH')
GO
INSERT [PERSONA].[DIRECCION_DISTRITO] ([id_ciudad], [id_distrito], [nom_distrito]) VALUES (56, 569, N'CORTEGANA')
GO
INSERT [PERSONA].[DIRECCION_DISTRITO] ([id_ciudad], [id_distrito], [nom_distrito]) VALUES (56, 570, N'HUASMIN')
GO
INSERT [PERSONA].[DIRECCION_DISTRITO] ([id_ciudad], [id_distrito], [nom_distrito]) VALUES (56, 571, N'JORGE CHAVEZ')
GO
INSERT [PERSONA].[DIRECCION_DISTRITO] ([id_ciudad], [id_distrito], [nom_distrito]) VALUES (56, 572, N'JOSE GALVEZ')
GO
INSERT [PERSONA].[DIRECCION_DISTRITO] ([id_ciudad], [id_distrito], [nom_distrito]) VALUES (56, 573, N'MIGUEL IGLESIAS')
GO
INSERT [PERSONA].[DIRECCION_DISTRITO] ([id_ciudad], [id_distrito], [nom_distrito]) VALUES (56, 574, N'OXAMARCA')
GO
INSERT [PERSONA].[DIRECCION_DISTRITO] ([id_ciudad], [id_distrito], [nom_distrito]) VALUES (56, 575, N'SOROCHUCO')
GO
INSERT [PERSONA].[DIRECCION_DISTRITO] ([id_ciudad], [id_distrito], [nom_distrito]) VALUES (56, 576, N'SUCRE')
GO
INSERT [PERSONA].[DIRECCION_DISTRITO] ([id_ciudad], [id_distrito], [nom_distrito]) VALUES (56, 577, N'UTCO')
GO
INSERT [PERSONA].[DIRECCION_DISTRITO] ([id_ciudad], [id_distrito], [nom_distrito]) VALUES (56, 578, N'LA LIBERTAD DE PALLAN')
GO
INSERT [PERSONA].[DIRECCION_DISTRITO] ([id_ciudad], [id_distrito], [nom_distrito]) VALUES (57, 579, N'CHOTA')
GO
INSERT [PERSONA].[DIRECCION_DISTRITO] ([id_ciudad], [id_distrito], [nom_distrito]) VALUES (57, 580, N'ANGUIA')
GO
INSERT [PERSONA].[DIRECCION_DISTRITO] ([id_ciudad], [id_distrito], [nom_distrito]) VALUES (57, 581, N'CHADIN')
GO
INSERT [PERSONA].[DIRECCION_DISTRITO] ([id_ciudad], [id_distrito], [nom_distrito]) VALUES (57, 582, N'CHIGUIRIP')
GO
INSERT [PERSONA].[DIRECCION_DISTRITO] ([id_ciudad], [id_distrito], [nom_distrito]) VALUES (57, 583, N'CHIMBAN')
GO
INSERT [PERSONA].[DIRECCION_DISTRITO] ([id_ciudad], [id_distrito], [nom_distrito]) VALUES (57, 584, N'CHOROPAMPA')
GO
INSERT [PERSONA].[DIRECCION_DISTRITO] ([id_ciudad], [id_distrito], [nom_distrito]) VALUES (57, 585, N'COCHABAMBA')
GO
INSERT [PERSONA].[DIRECCION_DISTRITO] ([id_ciudad], [id_distrito], [nom_distrito]) VALUES (57, 586, N'CONCHAN')
GO
INSERT [PERSONA].[DIRECCION_DISTRITO] ([id_ciudad], [id_distrito], [nom_distrito]) VALUES (57, 587, N'HUAMBOS')
GO
INSERT [PERSONA].[DIRECCION_DISTRITO] ([id_ciudad], [id_distrito], [nom_distrito]) VALUES (57, 588, N'LAJAS')
GO
INSERT [PERSONA].[DIRECCION_DISTRITO] ([id_ciudad], [id_distrito], [nom_distrito]) VALUES (57, 589, N'LLAMA')
GO
INSERT [PERSONA].[DIRECCION_DISTRITO] ([id_ciudad], [id_distrito], [nom_distrito]) VALUES (57, 590, N'MIRACOSTA')
GO
INSERT [PERSONA].[DIRECCION_DISTRITO] ([id_ciudad], [id_distrito], [nom_distrito]) VALUES (57, 591, N'PACCHA')
GO
INSERT [PERSONA].[DIRECCION_DISTRITO] ([id_ciudad], [id_distrito], [nom_distrito]) VALUES (57, 592, N'PION')
GO
INSERT [PERSONA].[DIRECCION_DISTRITO] ([id_ciudad], [id_distrito], [nom_distrito]) VALUES (57, 593, N'QUEROCOTO')
GO
INSERT [PERSONA].[DIRECCION_DISTRITO] ([id_ciudad], [id_distrito], [nom_distrito]) VALUES (57, 594, N'SAN JUAN DE LICUPIS')
GO
INSERT [PERSONA].[DIRECCION_DISTRITO] ([id_ciudad], [id_distrito], [nom_distrito]) VALUES (57, 595, N'TACABAMBA')
GO
INSERT [PERSONA].[DIRECCION_DISTRITO] ([id_ciudad], [id_distrito], [nom_distrito]) VALUES (57, 596, N'TOCMOCHE')
GO
INSERT [PERSONA].[DIRECCION_DISTRITO] ([id_ciudad], [id_distrito], [nom_distrito]) VALUES (57, 597, N'CHALAMARCA')
GO
INSERT [PERSONA].[DIRECCION_DISTRITO] ([id_ciudad], [id_distrito], [nom_distrito]) VALUES (58, 598, N'CONTUMAZA')
GO
INSERT [PERSONA].[DIRECCION_DISTRITO] ([id_ciudad], [id_distrito], [nom_distrito]) VALUES (58, 599, N'CHILETE')
GO
INSERT [PERSONA].[DIRECCION_DISTRITO] ([id_ciudad], [id_distrito], [nom_distrito]) VALUES (58, 600, N'CUPISNIQUE')
GO
INSERT [PERSONA].[DIRECCION_DISTRITO] ([id_ciudad], [id_distrito], [nom_distrito]) VALUES (58, 601, N'GUZMANGO')
GO
INSERT [PERSONA].[DIRECCION_DISTRITO] ([id_ciudad], [id_distrito], [nom_distrito]) VALUES (58, 602, N'SAN BENITO')
GO
INSERT [PERSONA].[DIRECCION_DISTRITO] ([id_ciudad], [id_distrito], [nom_distrito]) VALUES (58, 603, N'SANTA CRUZ DE TOLED')
GO
INSERT [PERSONA].[DIRECCION_DISTRITO] ([id_ciudad], [id_distrito], [nom_distrito]) VALUES (58, 604, N'TANTARICA')
GO
INSERT [PERSONA].[DIRECCION_DISTRITO] ([id_ciudad], [id_distrito], [nom_distrito]) VALUES (58, 605, N'YONAN')
GO
INSERT [PERSONA].[DIRECCION_DISTRITO] ([id_ciudad], [id_distrito], [nom_distrito]) VALUES (59, 606, N'CUTERVO')
GO
INSERT [PERSONA].[DIRECCION_DISTRITO] ([id_ciudad], [id_distrito], [nom_distrito]) VALUES (59, 607, N'CALLAYUC')
GO
INSERT [PERSONA].[DIRECCION_DISTRITO] ([id_ciudad], [id_distrito], [nom_distrito]) VALUES (59, 608, N'CHOROS')
GO
INSERT [PERSONA].[DIRECCION_DISTRITO] ([id_ciudad], [id_distrito], [nom_distrito]) VALUES (59, 609, N'CUJILLO')
GO
INSERT [PERSONA].[DIRECCION_DISTRITO] ([id_ciudad], [id_distrito], [nom_distrito]) VALUES (59, 610, N'LA RAMADA')
GO
INSERT [PERSONA].[DIRECCION_DISTRITO] ([id_ciudad], [id_distrito], [nom_distrito]) VALUES (59, 611, N'PIMPINGOS')
GO
INSERT [PERSONA].[DIRECCION_DISTRITO] ([id_ciudad], [id_distrito], [nom_distrito]) VALUES (59, 612, N'QUEROCOTILLO')
GO
INSERT [PERSONA].[DIRECCION_DISTRITO] ([id_ciudad], [id_distrito], [nom_distrito]) VALUES (59, 613, N'SAN ANDRES DE CUTERVO')
GO
INSERT [PERSONA].[DIRECCION_DISTRITO] ([id_ciudad], [id_distrito], [nom_distrito]) VALUES (59, 614, N'SAN JUAN DE CUTERVO')
GO
INSERT [PERSONA].[DIRECCION_DISTRITO] ([id_ciudad], [id_distrito], [nom_distrito]) VALUES (59, 615, N'SAN LUIS DE LUCMA')
GO
INSERT [PERSONA].[DIRECCION_DISTRITO] ([id_ciudad], [id_distrito], [nom_distrito]) VALUES (59, 616, N'SANTA CRUZ')
GO
INSERT [PERSONA].[DIRECCION_DISTRITO] ([id_ciudad], [id_distrito], [nom_distrito]) VALUES (59, 617, N'SANTO DOMINGO DE LA CAPILLA')
GO
INSERT [PERSONA].[DIRECCION_DISTRITO] ([id_ciudad], [id_distrito], [nom_distrito]) VALUES (59, 618, N'SANTO TOMAS')
GO
INSERT [PERSONA].[DIRECCION_DISTRITO] ([id_ciudad], [id_distrito], [nom_distrito]) VALUES (59, 619, N'SOCOTA')
GO
INSERT [PERSONA].[DIRECCION_DISTRITO] ([id_ciudad], [id_distrito], [nom_distrito]) VALUES (59, 620, N'TORIBIO CASANOVA')
GO
INSERT [PERSONA].[DIRECCION_DISTRITO] ([id_ciudad], [id_distrito], [nom_distrito]) VALUES (60, 621, N'BAMBAMARCA')
GO
INSERT [PERSONA].[DIRECCION_DISTRITO] ([id_ciudad], [id_distrito], [nom_distrito]) VALUES (60, 622, N'CHUGUR')
GO
INSERT [PERSONA].[DIRECCION_DISTRITO] ([id_ciudad], [id_distrito], [nom_distrito]) VALUES (60, 623, N'HUALGAYOC')
GO
INSERT [PERSONA].[DIRECCION_DISTRITO] ([id_ciudad], [id_distrito], [nom_distrito]) VALUES (61, 624, N'JAEN')
GO
INSERT [PERSONA].[DIRECCION_DISTRITO] ([id_ciudad], [id_distrito], [nom_distrito]) VALUES (61, 625, N'BELLAVISTA')
GO
INSERT [PERSONA].[DIRECCION_DISTRITO] ([id_ciudad], [id_distrito], [nom_distrito]) VALUES (61, 626, N'CHONTALI')
GO
INSERT [PERSONA].[DIRECCION_DISTRITO] ([id_ciudad], [id_distrito], [nom_distrito]) VALUES (61, 627, N'COLASAY')
GO
INSERT [PERSONA].[DIRECCION_DISTRITO] ([id_ciudad], [id_distrito], [nom_distrito]) VALUES (61, 628, N'HUABAL')
GO
INSERT [PERSONA].[DIRECCION_DISTRITO] ([id_ciudad], [id_distrito], [nom_distrito]) VALUES (61, 629, N'LAS PIRIAS')
GO
INSERT [PERSONA].[DIRECCION_DISTRITO] ([id_ciudad], [id_distrito], [nom_distrito]) VALUES (61, 630, N'POMAHUACA')
GO
INSERT [PERSONA].[DIRECCION_DISTRITO] ([id_ciudad], [id_distrito], [nom_distrito]) VALUES (61, 631, N'PUCARA')
GO
INSERT [PERSONA].[DIRECCION_DISTRITO] ([id_ciudad], [id_distrito], [nom_distrito]) VALUES (61, 632, N'SALLIQUE')
GO
INSERT [PERSONA].[DIRECCION_DISTRITO] ([id_ciudad], [id_distrito], [nom_distrito]) VALUES (61, 633, N'SAN FELIPE')
GO
INSERT [PERSONA].[DIRECCION_DISTRITO] ([id_ciudad], [id_distrito], [nom_distrito]) VALUES (61, 634, N'SAN JOSE DEL ALTO')
GO
INSERT [PERSONA].[DIRECCION_DISTRITO] ([id_ciudad], [id_distrito], [nom_distrito]) VALUES (61, 635, N'SANTA ROSA')
GO
INSERT [PERSONA].[DIRECCION_DISTRITO] ([id_ciudad], [id_distrito], [nom_distrito]) VALUES (62, 636, N'SAN IGNACIO')
GO
INSERT [PERSONA].[DIRECCION_DISTRITO] ([id_ciudad], [id_distrito], [nom_distrito]) VALUES (62, 637, N'CHIRINOS')
GO
INSERT [PERSONA].[DIRECCION_DISTRITO] ([id_ciudad], [id_distrito], [nom_distrito]) VALUES (62, 638, N'HUARANGO')
GO
INSERT [PERSONA].[DIRECCION_DISTRITO] ([id_ciudad], [id_distrito], [nom_distrito]) VALUES (62, 639, N'LA COIPA')
GO
INSERT [PERSONA].[DIRECCION_DISTRITO] ([id_ciudad], [id_distrito], [nom_distrito]) VALUES (62, 640, N'NAMBALLE')
GO
INSERT [PERSONA].[DIRECCION_DISTRITO] ([id_ciudad], [id_distrito], [nom_distrito]) VALUES (62, 641, N'SAN JOSE DE LOURDES')
GO
INSERT [PERSONA].[DIRECCION_DISTRITO] ([id_ciudad], [id_distrito], [nom_distrito]) VALUES (62, 642, N'TABACONAS')
GO
INSERT [PERSONA].[DIRECCION_DISTRITO] ([id_ciudad], [id_distrito], [nom_distrito]) VALUES (63, 643, N'PEDRO GALVEZ')
GO
INSERT [PERSONA].[DIRECCION_DISTRITO] ([id_ciudad], [id_distrito], [nom_distrito]) VALUES (63, 644, N'CHANCAY')
GO
INSERT [PERSONA].[DIRECCION_DISTRITO] ([id_ciudad], [id_distrito], [nom_distrito]) VALUES (63, 645, N'EDUARDO VILLANUEVA')
GO
INSERT [PERSONA].[DIRECCION_DISTRITO] ([id_ciudad], [id_distrito], [nom_distrito]) VALUES (63, 646, N'GREGORIO PITA')
GO
INSERT [PERSONA].[DIRECCION_DISTRITO] ([id_ciudad], [id_distrito], [nom_distrito]) VALUES (63, 647, N'ICHOCAN')
GO
INSERT [PERSONA].[DIRECCION_DISTRITO] ([id_ciudad], [id_distrito], [nom_distrito]) VALUES (63, 648, N'JOSE MANUEL QUIROZ')
GO
INSERT [PERSONA].[DIRECCION_DISTRITO] ([id_ciudad], [id_distrito], [nom_distrito]) VALUES (63, 649, N'JOSE SABOGAL')
GO
INSERT [PERSONA].[DIRECCION_DISTRITO] ([id_ciudad], [id_distrito], [nom_distrito]) VALUES (64, 650, N'SAN MIGUEL')
GO
INSERT [PERSONA].[DIRECCION_DISTRITO] ([id_ciudad], [id_distrito], [nom_distrito]) VALUES (64, 651, N'SAN MIGUEL')
GO
INSERT [PERSONA].[DIRECCION_DISTRITO] ([id_ciudad], [id_distrito], [nom_distrito]) VALUES (64, 652, N'BOLIVAR')
GO
INSERT [PERSONA].[DIRECCION_DISTRITO] ([id_ciudad], [id_distrito], [nom_distrito]) VALUES (64, 653, N'CALQUIS')
GO
INSERT [PERSONA].[DIRECCION_DISTRITO] ([id_ciudad], [id_distrito], [nom_distrito]) VALUES (64, 654, N'CATILLUC')
GO
INSERT [PERSONA].[DIRECCION_DISTRITO] ([id_ciudad], [id_distrito], [nom_distrito]) VALUES (64, 655, N'EL PRADO')
GO
INSERT [PERSONA].[DIRECCION_DISTRITO] ([id_ciudad], [id_distrito], [nom_distrito]) VALUES (64, 656, N'LA FLORIDA')
GO
INSERT [PERSONA].[DIRECCION_DISTRITO] ([id_ciudad], [id_distrito], [nom_distrito]) VALUES (64, 657, N'LLAPA')
GO
INSERT [PERSONA].[DIRECCION_DISTRITO] ([id_ciudad], [id_distrito], [nom_distrito]) VALUES (64, 658, N'NANCHOC')
GO
INSERT [PERSONA].[DIRECCION_DISTRITO] ([id_ciudad], [id_distrito], [nom_distrito]) VALUES (64, 659, N'NIEPOS')
GO
INSERT [PERSONA].[DIRECCION_DISTRITO] ([id_ciudad], [id_distrito], [nom_distrito]) VALUES (64, 660, N'SAN GREGORIO')
GO
INSERT [PERSONA].[DIRECCION_DISTRITO] ([id_ciudad], [id_distrito], [nom_distrito]) VALUES (64, 661, N'SAN SILVESTRE DE COCHAN')
GO
INSERT [PERSONA].[DIRECCION_DISTRITO] ([id_ciudad], [id_distrito], [nom_distrito]) VALUES (64, 662, N'TONGOD')
GO
INSERT [PERSONA].[DIRECCION_DISTRITO] ([id_ciudad], [id_distrito], [nom_distrito]) VALUES (64, 663, N'UNION AGUA BLANCA')
GO
INSERT [PERSONA].[DIRECCION_DISTRITO] ([id_ciudad], [id_distrito], [nom_distrito]) VALUES (65, 664, N'SAN PABLO')
GO
INSERT [PERSONA].[DIRECCION_DISTRITO] ([id_ciudad], [id_distrito], [nom_distrito]) VALUES (65, 665, N'SAN BERNARDINO')
GO
INSERT [PERSONA].[DIRECCION_DISTRITO] ([id_ciudad], [id_distrito], [nom_distrito]) VALUES (65, 666, N'SAN LUIS')
GO
INSERT [PERSONA].[DIRECCION_DISTRITO] ([id_ciudad], [id_distrito], [nom_distrito]) VALUES (65, 667, N'TUMBADEN')
GO
INSERT [PERSONA].[DIRECCION_DISTRITO] ([id_ciudad], [id_distrito], [nom_distrito]) VALUES (66, 668, N'SANTA CRUZ')
GO
INSERT [PERSONA].[DIRECCION_DISTRITO] ([id_ciudad], [id_distrito], [nom_distrito]) VALUES (66, 669, N'ANDABAMBA')
GO
INSERT [PERSONA].[DIRECCION_DISTRITO] ([id_ciudad], [id_distrito], [nom_distrito]) VALUES (66, 670, N'CATACHE')
GO
INSERT [PERSONA].[DIRECCION_DISTRITO] ([id_ciudad], [id_distrito], [nom_distrito]) VALUES (66, 671, N'CHANCAYBA&Ntilde;OS')
GO
INSERT [PERSONA].[DIRECCION_DISTRITO] ([id_ciudad], [id_distrito], [nom_distrito]) VALUES (66, 672, N'LA ESPERANZA')
GO
INSERT [PERSONA].[DIRECCION_DISTRITO] ([id_ciudad], [id_distrito], [nom_distrito]) VALUES (66, 673, N'NINABAMBA')
GO
INSERT [PERSONA].[DIRECCION_DISTRITO] ([id_ciudad], [id_distrito], [nom_distrito]) VALUES (66, 674, N'PULAN')
GO
INSERT [PERSONA].[DIRECCION_DISTRITO] ([id_ciudad], [id_distrito], [nom_distrito]) VALUES (66, 675, N'SAUCEPAMPA')
GO
INSERT [PERSONA].[DIRECCION_DISTRITO] ([id_ciudad], [id_distrito], [nom_distrito]) VALUES (66, 676, N'SEXI')
GO
INSERT [PERSONA].[DIRECCION_DISTRITO] ([id_ciudad], [id_distrito], [nom_distrito]) VALUES (66, 677, N'UTICYACU')
GO
INSERT [PERSONA].[DIRECCION_DISTRITO] ([id_ciudad], [id_distrito], [nom_distrito]) VALUES (66, 678, N'YAUYUCAN')
GO
INSERT [PERSONA].[DIRECCION_DISTRITO] ([id_ciudad], [id_distrito], [nom_distrito]) VALUES (67, 679, N'CALLAO')
GO
INSERT [PERSONA].[DIRECCION_DISTRITO] ([id_ciudad], [id_distrito], [nom_distrito]) VALUES (67, 680, N'BELLAVISTA')
GO
INSERT [PERSONA].[DIRECCION_DISTRITO] ([id_ciudad], [id_distrito], [nom_distrito]) VALUES (67, 681, N'CARMEN DE LA LEGUA REYNOSO')
GO
INSERT [PERSONA].[DIRECCION_DISTRITO] ([id_ciudad], [id_distrito], [nom_distrito]) VALUES (67, 682, N'LA PERLA')
GO
INSERT [PERSONA].[DIRECCION_DISTRITO] ([id_ciudad], [id_distrito], [nom_distrito]) VALUES (67, 683, N'LA PUNTA')
GO
INSERT [PERSONA].[DIRECCION_DISTRITO] ([id_ciudad], [id_distrito], [nom_distrito]) VALUES (67, 684, N'VENTANILLA')
GO
INSERT [PERSONA].[DIRECCION_DISTRITO] ([id_ciudad], [id_distrito], [nom_distrito]) VALUES (67, 685, N'CUSCO')
GO
INSERT [PERSONA].[DIRECCION_DISTRITO] ([id_ciudad], [id_distrito], [nom_distrito]) VALUES (67, 686, N'CCORCA')
GO
INSERT [PERSONA].[DIRECCION_DISTRITO] ([id_ciudad], [id_distrito], [nom_distrito]) VALUES (67, 687, N'POROY')
GO
INSERT [PERSONA].[DIRECCION_DISTRITO] ([id_ciudad], [id_distrito], [nom_distrito]) VALUES (67, 688, N'SAN JERONIMO')
GO
INSERT [PERSONA].[DIRECCION_DISTRITO] ([id_ciudad], [id_distrito], [nom_distrito]) VALUES (67, 689, N'SAN SEBASTIAN')
GO
INSERT [PERSONA].[DIRECCION_DISTRITO] ([id_ciudad], [id_distrito], [nom_distrito]) VALUES (67, 690, N'SANTIAGO')
GO
INSERT [PERSONA].[DIRECCION_DISTRITO] ([id_ciudad], [id_distrito], [nom_distrito]) VALUES (67, 691, N'SAYLLA')
GO
INSERT [PERSONA].[DIRECCION_DISTRITO] ([id_ciudad], [id_distrito], [nom_distrito]) VALUES (67, 692, N'WANCHAQ')
GO
INSERT [PERSONA].[DIRECCION_DISTRITO] ([id_ciudad], [id_distrito], [nom_distrito]) VALUES (68, 693, N'ACOMAYO')
GO
INSERT [PERSONA].[DIRECCION_DISTRITO] ([id_ciudad], [id_distrito], [nom_distrito]) VALUES (68, 694, N'ACOPIA')
GO
INSERT [PERSONA].[DIRECCION_DISTRITO] ([id_ciudad], [id_distrito], [nom_distrito]) VALUES (68, 695, N'ACOS')
GO
INSERT [PERSONA].[DIRECCION_DISTRITO] ([id_ciudad], [id_distrito], [nom_distrito]) VALUES (68, 696, N'MOSOC LLACTA')
GO
INSERT [PERSONA].[DIRECCION_DISTRITO] ([id_ciudad], [id_distrito], [nom_distrito]) VALUES (68, 697, N'POMACANCHI')
GO
INSERT [PERSONA].[DIRECCION_DISTRITO] ([id_ciudad], [id_distrito], [nom_distrito]) VALUES (68, 698, N'RONDOCAN')
GO
INSERT [PERSONA].[DIRECCION_DISTRITO] ([id_ciudad], [id_distrito], [nom_distrito]) VALUES (68, 699, N'SANGARARA')
GO
INSERT [PERSONA].[DIRECCION_DISTRITO] ([id_ciudad], [id_distrito], [nom_distrito]) VALUES (69, 700, N'ANTA')
GO
INSERT [PERSONA].[DIRECCION_DISTRITO] ([id_ciudad], [id_distrito], [nom_distrito]) VALUES (69, 701, N'ANCAHUASI')
GO
INSERT [PERSONA].[DIRECCION_DISTRITO] ([id_ciudad], [id_distrito], [nom_distrito]) VALUES (69, 702, N'CACHIMAYO')
GO
INSERT [PERSONA].[DIRECCION_DISTRITO] ([id_ciudad], [id_distrito], [nom_distrito]) VALUES (69, 703, N'CHINCHAYPUJIO')
GO
INSERT [PERSONA].[DIRECCION_DISTRITO] ([id_ciudad], [id_distrito], [nom_distrito]) VALUES (69, 704, N'HUAROCONDO')
GO
INSERT [PERSONA].[DIRECCION_DISTRITO] ([id_ciudad], [id_distrito], [nom_distrito]) VALUES (69, 705, N'LIMATAMBO')
GO
INSERT [PERSONA].[DIRECCION_DISTRITO] ([id_ciudad], [id_distrito], [nom_distrito]) VALUES (69, 706, N'MOLLEPATA')
GO
INSERT [PERSONA].[DIRECCION_DISTRITO] ([id_ciudad], [id_distrito], [nom_distrito]) VALUES (69, 707, N'PUCYURA')
GO
INSERT [PERSONA].[DIRECCION_DISTRITO] ([id_ciudad], [id_distrito], [nom_distrito]) VALUES (69, 708, N'ZURITE')
GO
INSERT [PERSONA].[DIRECCION_DISTRITO] ([id_ciudad], [id_distrito], [nom_distrito]) VALUES (70, 709, N'CALCA')
GO
INSERT [PERSONA].[DIRECCION_DISTRITO] ([id_ciudad], [id_distrito], [nom_distrito]) VALUES (70, 710, N'COYA')
GO
INSERT [PERSONA].[DIRECCION_DISTRITO] ([id_ciudad], [id_distrito], [nom_distrito]) VALUES (70, 711, N'LAMAY')
GO
INSERT [PERSONA].[DIRECCION_DISTRITO] ([id_ciudad], [id_distrito], [nom_distrito]) VALUES (70, 712, N'LARES')
GO
INSERT [PERSONA].[DIRECCION_DISTRITO] ([id_ciudad], [id_distrito], [nom_distrito]) VALUES (70, 713, N'PISAC')
GO
INSERT [PERSONA].[DIRECCION_DISTRITO] ([id_ciudad], [id_distrito], [nom_distrito]) VALUES (70, 714, N'SAN SALVADOR')
GO
INSERT [PERSONA].[DIRECCION_DISTRITO] ([id_ciudad], [id_distrito], [nom_distrito]) VALUES (70, 715, N'TARAY')
GO
INSERT [PERSONA].[DIRECCION_DISTRITO] ([id_ciudad], [id_distrito], [nom_distrito]) VALUES (70, 716, N'YANATILE')
GO
INSERT [PERSONA].[DIRECCION_DISTRITO] ([id_ciudad], [id_distrito], [nom_distrito]) VALUES (71, 717, N'YANAOCA')
GO
INSERT [PERSONA].[DIRECCION_DISTRITO] ([id_ciudad], [id_distrito], [nom_distrito]) VALUES (71, 718, N'CHECCA')
GO
INSERT [PERSONA].[DIRECCION_DISTRITO] ([id_ciudad], [id_distrito], [nom_distrito]) VALUES (71, 719, N'KUNTURKANKI')
GO
INSERT [PERSONA].[DIRECCION_DISTRITO] ([id_ciudad], [id_distrito], [nom_distrito]) VALUES (71, 720, N'LANGUI')
GO
INSERT [PERSONA].[DIRECCION_DISTRITO] ([id_ciudad], [id_distrito], [nom_distrito]) VALUES (71, 721, N'LAYO')
GO
INSERT [PERSONA].[DIRECCION_DISTRITO] ([id_ciudad], [id_distrito], [nom_distrito]) VALUES (71, 722, N'PAMPAMARCA')
GO
INSERT [PERSONA].[DIRECCION_DISTRITO] ([id_ciudad], [id_distrito], [nom_distrito]) VALUES (71, 723, N'QUEHUE')
GO
INSERT [PERSONA].[DIRECCION_DISTRITO] ([id_ciudad], [id_distrito], [nom_distrito]) VALUES (71, 724, N'TUPAC AMARU')
GO
INSERT [PERSONA].[DIRECCION_DISTRITO] ([id_ciudad], [id_distrito], [nom_distrito]) VALUES (72, 725, N'SICUANI')
GO
INSERT [PERSONA].[DIRECCION_DISTRITO] ([id_ciudad], [id_distrito], [nom_distrito]) VALUES (72, 726, N'CHECACUPE')
GO
INSERT [PERSONA].[DIRECCION_DISTRITO] ([id_ciudad], [id_distrito], [nom_distrito]) VALUES (72, 727, N'COMBAPATA')
GO
INSERT [PERSONA].[DIRECCION_DISTRITO] ([id_ciudad], [id_distrito], [nom_distrito]) VALUES (72, 728, N'MARANGANI')
GO
INSERT [PERSONA].[DIRECCION_DISTRITO] ([id_ciudad], [id_distrito], [nom_distrito]) VALUES (72, 729, N'PITUMARCA')
GO
INSERT [PERSONA].[DIRECCION_DISTRITO] ([id_ciudad], [id_distrito], [nom_distrito]) VALUES (72, 730, N'SAN PABLO')
GO
INSERT [PERSONA].[DIRECCION_DISTRITO] ([id_ciudad], [id_distrito], [nom_distrito]) VALUES (72, 731, N'SAN PEDRO')
GO
INSERT [PERSONA].[DIRECCION_DISTRITO] ([id_ciudad], [id_distrito], [nom_distrito]) VALUES (72, 732, N'TINTA')
GO
INSERT [PERSONA].[DIRECCION_DISTRITO] ([id_ciudad], [id_distrito], [nom_distrito]) VALUES (73, 733, N'SANTO TOMAS')
GO
INSERT [PERSONA].[DIRECCION_DISTRITO] ([id_ciudad], [id_distrito], [nom_distrito]) VALUES (73, 734, N'CAPACMARCA')
GO
INSERT [PERSONA].[DIRECCION_DISTRITO] ([id_ciudad], [id_distrito], [nom_distrito]) VALUES (73, 735, N'CHAMACA')
GO
INSERT [PERSONA].[DIRECCION_DISTRITO] ([id_ciudad], [id_distrito], [nom_distrito]) VALUES (73, 736, N'COLQUEMARCA')
GO
INSERT [PERSONA].[DIRECCION_DISTRITO] ([id_ciudad], [id_distrito], [nom_distrito]) VALUES (73, 737, N'LIVITACA')
GO
INSERT [PERSONA].[DIRECCION_DISTRITO] ([id_ciudad], [id_distrito], [nom_distrito]) VALUES (73, 738, N'LLUSCO')
GO
INSERT [PERSONA].[DIRECCION_DISTRITO] ([id_ciudad], [id_distrito], [nom_distrito]) VALUES (73, 739, N'QUI&Ntilde;OTA')
GO
INSERT [PERSONA].[DIRECCION_DISTRITO] ([id_ciudad], [id_distrito], [nom_distrito]) VALUES (73, 740, N'VELILLE')
GO
INSERT [PERSONA].[DIRECCION_DISTRITO] ([id_ciudad], [id_distrito], [nom_distrito]) VALUES (74, 741, N'ESPINAR')
GO
INSERT [PERSONA].[DIRECCION_DISTRITO] ([id_ciudad], [id_distrito], [nom_distrito]) VALUES (74, 742, N'CONDOROMA')
GO
INSERT [PERSONA].[DIRECCION_DISTRITO] ([id_ciudad], [id_distrito], [nom_distrito]) VALUES (74, 743, N'COPORAQUE')
GO
INSERT [PERSONA].[DIRECCION_DISTRITO] ([id_ciudad], [id_distrito], [nom_distrito]) VALUES (74, 744, N'OCORURO')
GO
INSERT [PERSONA].[DIRECCION_DISTRITO] ([id_ciudad], [id_distrito], [nom_distrito]) VALUES (74, 745, N'PALLPATA')
GO
INSERT [PERSONA].[DIRECCION_DISTRITO] ([id_ciudad], [id_distrito], [nom_distrito]) VALUES (74, 746, N'PICHIGUA')
GO
INSERT [PERSONA].[DIRECCION_DISTRITO] ([id_ciudad], [id_distrito], [nom_distrito]) VALUES (74, 747, N'SUYCKUTAMBO')
GO
INSERT [PERSONA].[DIRECCION_DISTRITO] ([id_ciudad], [id_distrito], [nom_distrito]) VALUES (74, 748, N'ALTO PICHIGUA')
GO
INSERT [PERSONA].[DIRECCION_DISTRITO] ([id_ciudad], [id_distrito], [nom_distrito]) VALUES (75, 749, N'SANTA ANA')
GO
INSERT [PERSONA].[DIRECCION_DISTRITO] ([id_ciudad], [id_distrito], [nom_distrito]) VALUES (75, 750, N'ECHARATE')
GO
INSERT [PERSONA].[DIRECCION_DISTRITO] ([id_ciudad], [id_distrito], [nom_distrito]) VALUES (75, 751, N'HUAYOPATA')
GO
INSERT [PERSONA].[DIRECCION_DISTRITO] ([id_ciudad], [id_distrito], [nom_distrito]) VALUES (75, 752, N'MARANURA')
GO
INSERT [PERSONA].[DIRECCION_DISTRITO] ([id_ciudad], [id_distrito], [nom_distrito]) VALUES (75, 753, N'OCOBAMBA')
GO
INSERT [PERSONA].[DIRECCION_DISTRITO] ([id_ciudad], [id_distrito], [nom_distrito]) VALUES (75, 754, N'QUELLOUNO')
GO
INSERT [PERSONA].[DIRECCION_DISTRITO] ([id_ciudad], [id_distrito], [nom_distrito]) VALUES (75, 755, N'KIMBIRI')
GO
INSERT [PERSONA].[DIRECCION_DISTRITO] ([id_ciudad], [id_distrito], [nom_distrito]) VALUES (75, 756, N'SANTA TERESA')
GO
INSERT [PERSONA].[DIRECCION_DISTRITO] ([id_ciudad], [id_distrito], [nom_distrito]) VALUES (75, 757, N'VILCABAMBA')
GO
INSERT [PERSONA].[DIRECCION_DISTRITO] ([id_ciudad], [id_distrito], [nom_distrito]) VALUES (75, 758, N'PICHARI')
GO
INSERT [PERSONA].[DIRECCION_DISTRITO] ([id_ciudad], [id_distrito], [nom_distrito]) VALUES (76, 759, N'PARURO')
GO
INSERT [PERSONA].[DIRECCION_DISTRITO] ([id_ciudad], [id_distrito], [nom_distrito]) VALUES (76, 760, N'ACCHA')
GO
INSERT [PERSONA].[DIRECCION_DISTRITO] ([id_ciudad], [id_distrito], [nom_distrito]) VALUES (76, 761, N'CCAPI')
GO
INSERT [PERSONA].[DIRECCION_DISTRITO] ([id_ciudad], [id_distrito], [nom_distrito]) VALUES (76, 762, N'COLCHA')
GO
INSERT [PERSONA].[DIRECCION_DISTRITO] ([id_ciudad], [id_distrito], [nom_distrito]) VALUES (76, 763, N'HUANOQUITE')
GO
INSERT [PERSONA].[DIRECCION_DISTRITO] ([id_ciudad], [id_distrito], [nom_distrito]) VALUES (76, 764, N'OMACHA')
GO
INSERT [PERSONA].[DIRECCION_DISTRITO] ([id_ciudad], [id_distrito], [nom_distrito]) VALUES (76, 765, N'PACCARITAMBO')
GO
INSERT [PERSONA].[DIRECCION_DISTRITO] ([id_ciudad], [id_distrito], [nom_distrito]) VALUES (76, 766, N'PILLPINTO')
GO
INSERT [PERSONA].[DIRECCION_DISTRITO] ([id_ciudad], [id_distrito], [nom_distrito]) VALUES (76, 767, N'YAURISQUE')
GO
INSERT [PERSONA].[DIRECCION_DISTRITO] ([id_ciudad], [id_distrito], [nom_distrito]) VALUES (77, 768, N'PAUCARTAMBO')
GO
INSERT [PERSONA].[DIRECCION_DISTRITO] ([id_ciudad], [id_distrito], [nom_distrito]) VALUES (77, 769, N'CAICAY')
GO
INSERT [PERSONA].[DIRECCION_DISTRITO] ([id_ciudad], [id_distrito], [nom_distrito]) VALUES (77, 770, N'CHALLABAMBA')
GO
INSERT [PERSONA].[DIRECCION_DISTRITO] ([id_ciudad], [id_distrito], [nom_distrito]) VALUES (77, 771, N'COLQUEPATA')
GO
INSERT [PERSONA].[DIRECCION_DISTRITO] ([id_ciudad], [id_distrito], [nom_distrito]) VALUES (77, 772, N'HUANCARANI')
GO
INSERT [PERSONA].[DIRECCION_DISTRITO] ([id_ciudad], [id_distrito], [nom_distrito]) VALUES (77, 773, N'KOS&Ntilde;IPATA')
GO
INSERT [PERSONA].[DIRECCION_DISTRITO] ([id_ciudad], [id_distrito], [nom_distrito]) VALUES (78, 774, N'URCOS')
GO
INSERT [PERSONA].[DIRECCION_DISTRITO] ([id_ciudad], [id_distrito], [nom_distrito]) VALUES (78, 775, N'ANDAHUAYLILLAS')
GO
INSERT [PERSONA].[DIRECCION_DISTRITO] ([id_ciudad], [id_distrito], [nom_distrito]) VALUES (78, 776, N'CAMANTI')
GO
INSERT [PERSONA].[DIRECCION_DISTRITO] ([id_ciudad], [id_distrito], [nom_distrito]) VALUES (78, 777, N'CCARHUAYO')
GO
INSERT [PERSONA].[DIRECCION_DISTRITO] ([id_ciudad], [id_distrito], [nom_distrito]) VALUES (78, 778, N'CCATCA')
GO
INSERT [PERSONA].[DIRECCION_DISTRITO] ([id_ciudad], [id_distrito], [nom_distrito]) VALUES (78, 779, N'CUSIPATA')
GO
INSERT [PERSONA].[DIRECCION_DISTRITO] ([id_ciudad], [id_distrito], [nom_distrito]) VALUES (78, 780, N'HUARO')
GO
INSERT [PERSONA].[DIRECCION_DISTRITO] ([id_ciudad], [id_distrito], [nom_distrito]) VALUES (78, 781, N'LUCRE')
GO
INSERT [PERSONA].[DIRECCION_DISTRITO] ([id_ciudad], [id_distrito], [nom_distrito]) VALUES (78, 782, N'MARCAPATA')
GO
INSERT [PERSONA].[DIRECCION_DISTRITO] ([id_ciudad], [id_distrito], [nom_distrito]) VALUES (78, 783, N'OCONGATE')
GO
INSERT [PERSONA].[DIRECCION_DISTRITO] ([id_ciudad], [id_distrito], [nom_distrito]) VALUES (78, 784, N'OROPESA')
GO
INSERT [PERSONA].[DIRECCION_DISTRITO] ([id_ciudad], [id_distrito], [nom_distrito]) VALUES (78, 785, N'QUIQUIJANA')
GO
INSERT [PERSONA].[DIRECCION_DISTRITO] ([id_ciudad], [id_distrito], [nom_distrito]) VALUES (79, 786, N'URUBAMBA')
GO
INSERT [PERSONA].[DIRECCION_DISTRITO] ([id_ciudad], [id_distrito], [nom_distrito]) VALUES (79, 787, N'CHINCHERO')
GO
INSERT [PERSONA].[DIRECCION_DISTRITO] ([id_ciudad], [id_distrito], [nom_distrito]) VALUES (79, 788, N'HUAYLLABAMBA')
GO
INSERT [PERSONA].[DIRECCION_DISTRITO] ([id_ciudad], [id_distrito], [nom_distrito]) VALUES (79, 789, N'MACHUPICCHU')
GO
INSERT [PERSONA].[DIRECCION_DISTRITO] ([id_ciudad], [id_distrito], [nom_distrito]) VALUES (79, 790, N'MARAS')
GO
INSERT [PERSONA].[DIRECCION_DISTRITO] ([id_ciudad], [id_distrito], [nom_distrito]) VALUES (79, 791, N'OLLANTAYTAMBO')
GO
INSERT [PERSONA].[DIRECCION_DISTRITO] ([id_ciudad], [id_distrito], [nom_distrito]) VALUES (79, 792, N'YUCAY')
GO
INSERT [PERSONA].[DIRECCION_DISTRITO] ([id_ciudad], [id_distrito], [nom_distrito]) VALUES (80, 793, N'HUANCAVELICA')
GO
INSERT [PERSONA].[DIRECCION_DISTRITO] ([id_ciudad], [id_distrito], [nom_distrito]) VALUES (80, 794, N'ACOBAMBILLA')
GO
INSERT [PERSONA].[DIRECCION_DISTRITO] ([id_ciudad], [id_distrito], [nom_distrito]) VALUES (80, 795, N'ACORIA')
GO
INSERT [PERSONA].[DIRECCION_DISTRITO] ([id_ciudad], [id_distrito], [nom_distrito]) VALUES (80, 796, N'CONAYCA')
GO
INSERT [PERSONA].[DIRECCION_DISTRITO] ([id_ciudad], [id_distrito], [nom_distrito]) VALUES (80, 797, N'CUENCA')
GO
INSERT [PERSONA].[DIRECCION_DISTRITO] ([id_ciudad], [id_distrito], [nom_distrito]) VALUES (80, 798, N'HUACHOCOLPA')
GO
INSERT [PERSONA].[DIRECCION_DISTRITO] ([id_ciudad], [id_distrito], [nom_distrito]) VALUES (80, 799, N'HUAYLLAHUARA')
GO
INSERT [PERSONA].[DIRECCION_DISTRITO] ([id_ciudad], [id_distrito], [nom_distrito]) VALUES (80, 800, N'IZCUCHACA')
GO
INSERT [PERSONA].[DIRECCION_DISTRITO] ([id_ciudad], [id_distrito], [nom_distrito]) VALUES (80, 801, N'LARIA')
GO
INSERT [PERSONA].[DIRECCION_DISTRITO] ([id_ciudad], [id_distrito], [nom_distrito]) VALUES (80, 802, N'MANTA')
GO
INSERT [PERSONA].[DIRECCION_DISTRITO] ([id_ciudad], [id_distrito], [nom_distrito]) VALUES (80, 803, N'MARISCAL CACERES')
GO
INSERT [PERSONA].[DIRECCION_DISTRITO] ([id_ciudad], [id_distrito], [nom_distrito]) VALUES (80, 804, N'MOYA')
GO
INSERT [PERSONA].[DIRECCION_DISTRITO] ([id_ciudad], [id_distrito], [nom_distrito]) VALUES (80, 805, N'NUEVO OCCORO')
GO
INSERT [PERSONA].[DIRECCION_DISTRITO] ([id_ciudad], [id_distrito], [nom_distrito]) VALUES (80, 806, N'PALCA')
GO
INSERT [PERSONA].[DIRECCION_DISTRITO] ([id_ciudad], [id_distrito], [nom_distrito]) VALUES (80, 807, N'PILCHACA')
GO
INSERT [PERSONA].[DIRECCION_DISTRITO] ([id_ciudad], [id_distrito], [nom_distrito]) VALUES (80, 808, N'VILCA')
GO
INSERT [PERSONA].[DIRECCION_DISTRITO] ([id_ciudad], [id_distrito], [nom_distrito]) VALUES (80, 809, N'YAULI')
GO
INSERT [PERSONA].[DIRECCION_DISTRITO] ([id_ciudad], [id_distrito], [nom_distrito]) VALUES (80, 810, N'ASCENSION')
GO
INSERT [PERSONA].[DIRECCION_DISTRITO] ([id_ciudad], [id_distrito], [nom_distrito]) VALUES (80, 811, N'HUANDO')
GO
INSERT [PERSONA].[DIRECCION_DISTRITO] ([id_ciudad], [id_distrito], [nom_distrito]) VALUES (81, 812, N'ACOBAMBA')
GO
INSERT [PERSONA].[DIRECCION_DISTRITO] ([id_ciudad], [id_distrito], [nom_distrito]) VALUES (81, 813, N'ANDABAMBA')
GO
INSERT [PERSONA].[DIRECCION_DISTRITO] ([id_ciudad], [id_distrito], [nom_distrito]) VALUES (81, 814, N'ANTA')
GO
INSERT [PERSONA].[DIRECCION_DISTRITO] ([id_ciudad], [id_distrito], [nom_distrito]) VALUES (81, 815, N'CAJA')
GO
INSERT [PERSONA].[DIRECCION_DISTRITO] ([id_ciudad], [id_distrito], [nom_distrito]) VALUES (81, 816, N'MARCAS')
GO
INSERT [PERSONA].[DIRECCION_DISTRITO] ([id_ciudad], [id_distrito], [nom_distrito]) VALUES (81, 817, N'PAUCARA')
GO
INSERT [PERSONA].[DIRECCION_DISTRITO] ([id_ciudad], [id_distrito], [nom_distrito]) VALUES (81, 818, N'POMACOCHA')
GO
INSERT [PERSONA].[DIRECCION_DISTRITO] ([id_ciudad], [id_distrito], [nom_distrito]) VALUES (81, 819, N'ROSARIO')
GO
INSERT [PERSONA].[DIRECCION_DISTRITO] ([id_ciudad], [id_distrito], [nom_distrito]) VALUES (82, 820, N'LIRCAY')
GO
INSERT [PERSONA].[DIRECCION_DISTRITO] ([id_ciudad], [id_distrito], [nom_distrito]) VALUES (82, 821, N'ANCHONGA')
GO
INSERT [PERSONA].[DIRECCION_DISTRITO] ([id_ciudad], [id_distrito], [nom_distrito]) VALUES (82, 822, N'CALLANMARCA')
GO
INSERT [PERSONA].[DIRECCION_DISTRITO] ([id_ciudad], [id_distrito], [nom_distrito]) VALUES (82, 823, N'CCOCHACCASA')
GO
INSERT [PERSONA].[DIRECCION_DISTRITO] ([id_ciudad], [id_distrito], [nom_distrito]) VALUES (82, 824, N'CHINCHO')
GO
INSERT [PERSONA].[DIRECCION_DISTRITO] ([id_ciudad], [id_distrito], [nom_distrito]) VALUES (82, 825, N'CONGALLA')
GO
INSERT [PERSONA].[DIRECCION_DISTRITO] ([id_ciudad], [id_distrito], [nom_distrito]) VALUES (82, 826, N'HUANCA-HUANCA')
GO
INSERT [PERSONA].[DIRECCION_DISTRITO] ([id_ciudad], [id_distrito], [nom_distrito]) VALUES (82, 827, N'HUAYLLAY GRANDE')
GO
INSERT [PERSONA].[DIRECCION_DISTRITO] ([id_ciudad], [id_distrito], [nom_distrito]) VALUES (82, 828, N'JULCAMARCA')
GO
INSERT [PERSONA].[DIRECCION_DISTRITO] ([id_ciudad], [id_distrito], [nom_distrito]) VALUES (82, 829, N'SAN ANTONIO DE ANTAPARCO')
GO
INSERT [PERSONA].[DIRECCION_DISTRITO] ([id_ciudad], [id_distrito], [nom_distrito]) VALUES (82, 830, N'SANTO TOMAS DE PATA')
GO
INSERT [PERSONA].[DIRECCION_DISTRITO] ([id_ciudad], [id_distrito], [nom_distrito]) VALUES (82, 831, N'SECCLLA')
GO
INSERT [PERSONA].[DIRECCION_DISTRITO] ([id_ciudad], [id_distrito], [nom_distrito]) VALUES (83, 832, N'CASTROVIRREYNA')
GO
INSERT [PERSONA].[DIRECCION_DISTRITO] ([id_ciudad], [id_distrito], [nom_distrito]) VALUES (83, 833, N'ARMA')
GO
INSERT [PERSONA].[DIRECCION_DISTRITO] ([id_ciudad], [id_distrito], [nom_distrito]) VALUES (83, 834, N'AURAHUA')
GO
INSERT [PERSONA].[DIRECCION_DISTRITO] ([id_ciudad], [id_distrito], [nom_distrito]) VALUES (83, 835, N'CAPILLAS')
GO
INSERT [PERSONA].[DIRECCION_DISTRITO] ([id_ciudad], [id_distrito], [nom_distrito]) VALUES (83, 836, N'CHUPAMARCA')
GO
INSERT [PERSONA].[DIRECCION_DISTRITO] ([id_ciudad], [id_distrito], [nom_distrito]) VALUES (83, 837, N'COCAS')
GO
INSERT [PERSONA].[DIRECCION_DISTRITO] ([id_ciudad], [id_distrito], [nom_distrito]) VALUES (83, 838, N'HUACHOS')
GO
INSERT [PERSONA].[DIRECCION_DISTRITO] ([id_ciudad], [id_distrito], [nom_distrito]) VALUES (83, 839, N'HUAMATAMBO')
GO
INSERT [PERSONA].[DIRECCION_DISTRITO] ([id_ciudad], [id_distrito], [nom_distrito]) VALUES (83, 840, N'MOLLEPAMPA')
GO
INSERT [PERSONA].[DIRECCION_DISTRITO] ([id_ciudad], [id_distrito], [nom_distrito]) VALUES (83, 841, N'SAN JUAN')
GO
INSERT [PERSONA].[DIRECCION_DISTRITO] ([id_ciudad], [id_distrito], [nom_distrito]) VALUES (83, 842, N'SANTA ANA')
GO
INSERT [PERSONA].[DIRECCION_DISTRITO] ([id_ciudad], [id_distrito], [nom_distrito]) VALUES (83, 843, N'TANTARA')
GO
INSERT [PERSONA].[DIRECCION_DISTRITO] ([id_ciudad], [id_distrito], [nom_distrito]) VALUES (83, 844, N'TICRAPO')
GO
INSERT [PERSONA].[DIRECCION_DISTRITO] ([id_ciudad], [id_distrito], [nom_distrito]) VALUES (84, 845, N'CHURCAMPA')
GO
INSERT [PERSONA].[DIRECCION_DISTRITO] ([id_ciudad], [id_distrito], [nom_distrito]) VALUES (84, 846, N'ANCO')
GO
INSERT [PERSONA].[DIRECCION_DISTRITO] ([id_ciudad], [id_distrito], [nom_distrito]) VALUES (84, 847, N'CHINCHIHUASI')
GO
INSERT [PERSONA].[DIRECCION_DISTRITO] ([id_ciudad], [id_distrito], [nom_distrito]) VALUES (84, 848, N'EL CARMEN')
GO
INSERT [PERSONA].[DIRECCION_DISTRITO] ([id_ciudad], [id_distrito], [nom_distrito]) VALUES (84, 849, N'LA MERCED')
GO
INSERT [PERSONA].[DIRECCION_DISTRITO] ([id_ciudad], [id_distrito], [nom_distrito]) VALUES (84, 850, N'LOCROJA')
GO
INSERT [PERSONA].[DIRECCION_DISTRITO] ([id_ciudad], [id_distrito], [nom_distrito]) VALUES (84, 851, N'PAUCARBAMBA')
GO
INSERT [PERSONA].[DIRECCION_DISTRITO] ([id_ciudad], [id_distrito], [nom_distrito]) VALUES (84, 852, N'SAN MIGUEL DE MAYOCC')
GO
INSERT [PERSONA].[DIRECCION_DISTRITO] ([id_ciudad], [id_distrito], [nom_distrito]) VALUES (84, 853, N'SAN PEDRO DE CORIS')
GO
INSERT [PERSONA].[DIRECCION_DISTRITO] ([id_ciudad], [id_distrito], [nom_distrito]) VALUES (84, 854, N'PACHAMARCA')
GO
INSERT [PERSONA].[DIRECCION_DISTRITO] ([id_ciudad], [id_distrito], [nom_distrito]) VALUES (85, 855, N'HUAYTARA')
GO
INSERT [PERSONA].[DIRECCION_DISTRITO] ([id_ciudad], [id_distrito], [nom_distrito]) VALUES (85, 856, N'AYAVI')
GO
INSERT [PERSONA].[DIRECCION_DISTRITO] ([id_ciudad], [id_distrito], [nom_distrito]) VALUES (85, 857, N'CORDOVA')
GO
INSERT [PERSONA].[DIRECCION_DISTRITO] ([id_ciudad], [id_distrito], [nom_distrito]) VALUES (85, 858, N'HUAYACUNDO ARMA')
GO
INSERT [PERSONA].[DIRECCION_DISTRITO] ([id_ciudad], [id_distrito], [nom_distrito]) VALUES (85, 859, N'LARAMARCA')
GO
INSERT [PERSONA].[DIRECCION_DISTRITO] ([id_ciudad], [id_distrito], [nom_distrito]) VALUES (85, 860, N'OCOYO')
GO
INSERT [PERSONA].[DIRECCION_DISTRITO] ([id_ciudad], [id_distrito], [nom_distrito]) VALUES (85, 861, N'PILPICHACA')
GO
INSERT [PERSONA].[DIRECCION_DISTRITO] ([id_ciudad], [id_distrito], [nom_distrito]) VALUES (85, 862, N'QUERCO')
GO
INSERT [PERSONA].[DIRECCION_DISTRITO] ([id_ciudad], [id_distrito], [nom_distrito]) VALUES (85, 863, N'QUITO-ARMA')
GO
INSERT [PERSONA].[DIRECCION_DISTRITO] ([id_ciudad], [id_distrito], [nom_distrito]) VALUES (85, 864, N'SAN ANTONIO DE CUSICANCHA')
GO
INSERT [PERSONA].[DIRECCION_DISTRITO] ([id_ciudad], [id_distrito], [nom_distrito]) VALUES (85, 865, N'SAN FRANCISCO DE SANGAYAICO')
GO
INSERT [PERSONA].[DIRECCION_DISTRITO] ([id_ciudad], [id_distrito], [nom_distrito]) VALUES (85, 866, N'SAN ISIDRO')
GO
INSERT [PERSONA].[DIRECCION_DISTRITO] ([id_ciudad], [id_distrito], [nom_distrito]) VALUES (85, 867, N'SANTIAGO DE CHOCORVOS')
GO
INSERT [PERSONA].[DIRECCION_DISTRITO] ([id_ciudad], [id_distrito], [nom_distrito]) VALUES (85, 868, N'SANTIAGO DE QUIRAHUARA')
GO
INSERT [PERSONA].[DIRECCION_DISTRITO] ([id_ciudad], [id_distrito], [nom_distrito]) VALUES (85, 869, N'SANTO DOMINGO DE CAPILLAS')
GO
INSERT [PERSONA].[DIRECCION_DISTRITO] ([id_ciudad], [id_distrito], [nom_distrito]) VALUES (85, 870, N'TAMBO')
GO
INSERT [PERSONA].[DIRECCION_DISTRITO] ([id_ciudad], [id_distrito], [nom_distrito]) VALUES (86, 871, N'PAMPAS')
GO
INSERT [PERSONA].[DIRECCION_DISTRITO] ([id_ciudad], [id_distrito], [nom_distrito]) VALUES (86, 872, N'ACOSTAMBO')
GO
INSERT [PERSONA].[DIRECCION_DISTRITO] ([id_ciudad], [id_distrito], [nom_distrito]) VALUES (86, 873, N'ACRAQUIA')
GO
INSERT [PERSONA].[DIRECCION_DISTRITO] ([id_ciudad], [id_distrito], [nom_distrito]) VALUES (86, 874, N'AHUAYCHA')
GO
INSERT [PERSONA].[DIRECCION_DISTRITO] ([id_ciudad], [id_distrito], [nom_distrito]) VALUES (86, 875, N'COLCABAMBA')
GO
INSERT [PERSONA].[DIRECCION_DISTRITO] ([id_ciudad], [id_distrito], [nom_distrito]) VALUES (86, 876, N'DANIEL HERNANDEZ')
GO
INSERT [PERSONA].[DIRECCION_DISTRITO] ([id_ciudad], [id_distrito], [nom_distrito]) VALUES (86, 877, N'HUACHOCOLPA')
GO
INSERT [PERSONA].[DIRECCION_DISTRITO] ([id_ciudad], [id_distrito], [nom_distrito]) VALUES (86, 878, N'HUARIBAMBA')
GO
INSERT [PERSONA].[DIRECCION_DISTRITO] ([id_ciudad], [id_distrito], [nom_distrito]) VALUES (86, 879, N'&Ntilde;AHUIMPUQUIO')
GO
INSERT [PERSONA].[DIRECCION_DISTRITO] ([id_ciudad], [id_distrito], [nom_distrito]) VALUES (86, 880, N'PAZOS')
GO
INSERT [PERSONA].[DIRECCION_DISTRITO] ([id_ciudad], [id_distrito], [nom_distrito]) VALUES (86, 881, N'QUISHUAR')
GO
INSERT [PERSONA].[DIRECCION_DISTRITO] ([id_ciudad], [id_distrito], [nom_distrito]) VALUES (86, 882, N'SALCABAMBA')
GO
INSERT [PERSONA].[DIRECCION_DISTRITO] ([id_ciudad], [id_distrito], [nom_distrito]) VALUES (86, 883, N'SALCAHUASI')
GO
INSERT [PERSONA].[DIRECCION_DISTRITO] ([id_ciudad], [id_distrito], [nom_distrito]) VALUES (86, 884, N'SAN MARCOS DE ROCCHAC')
GO
INSERT [PERSONA].[DIRECCION_DISTRITO] ([id_ciudad], [id_distrito], [nom_distrito]) VALUES (86, 885, N'SURCUBAMBA')
GO
INSERT [PERSONA].[DIRECCION_DISTRITO] ([id_ciudad], [id_distrito], [nom_distrito]) VALUES (86, 886, N'TINTAY PUNCU')
GO
INSERT [PERSONA].[DIRECCION_DISTRITO] ([id_ciudad], [id_distrito], [nom_distrito]) VALUES (87, 887, N'HUANUCO')
GO
INSERT [PERSONA].[DIRECCION_DISTRITO] ([id_ciudad], [id_distrito], [nom_distrito]) VALUES (87, 888, N'AMARILIS')
GO
INSERT [PERSONA].[DIRECCION_DISTRITO] ([id_ciudad], [id_distrito], [nom_distrito]) VALUES (87, 889, N'CHINCHAO')
GO
INSERT [PERSONA].[DIRECCION_DISTRITO] ([id_ciudad], [id_distrito], [nom_distrito]) VALUES (87, 890, N'CHURUBAMBA')
GO
INSERT [PERSONA].[DIRECCION_DISTRITO] ([id_ciudad], [id_distrito], [nom_distrito]) VALUES (87, 891, N'MARGOS')
GO
INSERT [PERSONA].[DIRECCION_DISTRITO] ([id_ciudad], [id_distrito], [nom_distrito]) VALUES (87, 892, N'QUISQUI')
GO
INSERT [PERSONA].[DIRECCION_DISTRITO] ([id_ciudad], [id_distrito], [nom_distrito]) VALUES (87, 893, N'SAN FRANCISCO DE CAYRAN')
GO
INSERT [PERSONA].[DIRECCION_DISTRITO] ([id_ciudad], [id_distrito], [nom_distrito]) VALUES (87, 894, N'SAN PEDRO DE CHAULAN')
GO
INSERT [PERSONA].[DIRECCION_DISTRITO] ([id_ciudad], [id_distrito], [nom_distrito]) VALUES (87, 895, N'SANTA MARIA DEL VALLE')
GO
INSERT [PERSONA].[DIRECCION_DISTRITO] ([id_ciudad], [id_distrito], [nom_distrito]) VALUES (87, 896, N'YARUMAYO')
GO
INSERT [PERSONA].[DIRECCION_DISTRITO] ([id_ciudad], [id_distrito], [nom_distrito]) VALUES (87, 897, N'PILLCO MARCA')
GO
INSERT [PERSONA].[DIRECCION_DISTRITO] ([id_ciudad], [id_distrito], [nom_distrito]) VALUES (88, 898, N'AMBO')
GO
INSERT [PERSONA].[DIRECCION_DISTRITO] ([id_ciudad], [id_distrito], [nom_distrito]) VALUES (88, 899, N'CAYNA')
GO
INSERT [PERSONA].[DIRECCION_DISTRITO] ([id_ciudad], [id_distrito], [nom_distrito]) VALUES (88, 900, N'COLPAS')
GO
INSERT [PERSONA].[DIRECCION_DISTRITO] ([id_ciudad], [id_distrito], [nom_distrito]) VALUES (88, 901, N'CONCHAMARCA')
GO
INSERT [PERSONA].[DIRECCION_DISTRITO] ([id_ciudad], [id_distrito], [nom_distrito]) VALUES (88, 902, N'HUACAR')
GO
INSERT [PERSONA].[DIRECCION_DISTRITO] ([id_ciudad], [id_distrito], [nom_distrito]) VALUES (88, 903, N'SAN FRANCISCO')
GO
INSERT [PERSONA].[DIRECCION_DISTRITO] ([id_ciudad], [id_distrito], [nom_distrito]) VALUES (88, 904, N'SAN RAFAEL')
GO
INSERT [PERSONA].[DIRECCION_DISTRITO] ([id_ciudad], [id_distrito], [nom_distrito]) VALUES (88, 905, N'TOMAY KICHWA')
GO
INSERT [PERSONA].[DIRECCION_DISTRITO] ([id_ciudad], [id_distrito], [nom_distrito]) VALUES (89, 906, N'LA UNION')
GO
INSERT [PERSONA].[DIRECCION_DISTRITO] ([id_ciudad], [id_distrito], [nom_distrito]) VALUES (89, 907, N'CHUQUIS')
GO
INSERT [PERSONA].[DIRECCION_DISTRITO] ([id_ciudad], [id_distrito], [nom_distrito]) VALUES (89, 908, N'MARIAS')
GO
INSERT [PERSONA].[DIRECCION_DISTRITO] ([id_ciudad], [id_distrito], [nom_distrito]) VALUES (89, 909, N'PACHAS')
GO
INSERT [PERSONA].[DIRECCION_DISTRITO] ([id_ciudad], [id_distrito], [nom_distrito]) VALUES (89, 910, N'QUIVILLA')
GO
INSERT [PERSONA].[DIRECCION_DISTRITO] ([id_ciudad], [id_distrito], [nom_distrito]) VALUES (89, 911, N'RIPAN')
GO
INSERT [PERSONA].[DIRECCION_DISTRITO] ([id_ciudad], [id_distrito], [nom_distrito]) VALUES (89, 912, N'SHUNQUI')
GO
INSERT [PERSONA].[DIRECCION_DISTRITO] ([id_ciudad], [id_distrito], [nom_distrito]) VALUES (89, 913, N'SILLAPATA')
GO
INSERT [PERSONA].[DIRECCION_DISTRITO] ([id_ciudad], [id_distrito], [nom_distrito]) VALUES (89, 914, N'YANAS')
GO
INSERT [PERSONA].[DIRECCION_DISTRITO] ([id_ciudad], [id_distrito], [nom_distrito]) VALUES (90, 915, N'HUACAYBAMBA')
GO
INSERT [PERSONA].[DIRECCION_DISTRITO] ([id_ciudad], [id_distrito], [nom_distrito]) VALUES (90, 916, N'CANCHABAMBA')
GO
INSERT [PERSONA].[DIRECCION_DISTRITO] ([id_ciudad], [id_distrito], [nom_distrito]) VALUES (90, 917, N'COCHABAMBA')
GO
INSERT [PERSONA].[DIRECCION_DISTRITO] ([id_ciudad], [id_distrito], [nom_distrito]) VALUES (90, 918, N'PINRA')
GO
INSERT [PERSONA].[DIRECCION_DISTRITO] ([id_ciudad], [id_distrito], [nom_distrito]) VALUES (91, 919, N'LLATA')
GO
INSERT [PERSONA].[DIRECCION_DISTRITO] ([id_ciudad], [id_distrito], [nom_distrito]) VALUES (91, 920, N'ARANCAY')
GO
INSERT [PERSONA].[DIRECCION_DISTRITO] ([id_ciudad], [id_distrito], [nom_distrito]) VALUES (91, 921, N'CHAVIN DE PARIARCA')
GO
INSERT [PERSONA].[DIRECCION_DISTRITO] ([id_ciudad], [id_distrito], [nom_distrito]) VALUES (91, 922, N'JACAS GRANDE')
GO
INSERT [PERSONA].[DIRECCION_DISTRITO] ([id_ciudad], [id_distrito], [nom_distrito]) VALUES (91, 923, N'JIRCAN')
GO
INSERT [PERSONA].[DIRECCION_DISTRITO] ([id_ciudad], [id_distrito], [nom_distrito]) VALUES (91, 924, N'MIRAFLORES')
GO
INSERT [PERSONA].[DIRECCION_DISTRITO] ([id_ciudad], [id_distrito], [nom_distrito]) VALUES (91, 925, N'MONZON')
GO
INSERT [PERSONA].[DIRECCION_DISTRITO] ([id_ciudad], [id_distrito], [nom_distrito]) VALUES (91, 926, N'PUNCHAO')
GO
INSERT [PERSONA].[DIRECCION_DISTRITO] ([id_ciudad], [id_distrito], [nom_distrito]) VALUES (91, 927, N'PU&Ntilde;OS')
GO
INSERT [PERSONA].[DIRECCION_DISTRITO] ([id_ciudad], [id_distrito], [nom_distrito]) VALUES (91, 928, N'SINGA')
GO
INSERT [PERSONA].[DIRECCION_DISTRITO] ([id_ciudad], [id_distrito], [nom_distrito]) VALUES (91, 929, N'TANTAMAYO')
GO
INSERT [PERSONA].[DIRECCION_DISTRITO] ([id_ciudad], [id_distrito], [nom_distrito]) VALUES (92, 930, N'RUPA-RUPA')
GO
INSERT [PERSONA].[DIRECCION_DISTRITO] ([id_ciudad], [id_distrito], [nom_distrito]) VALUES (92, 931, N'DANIEL ALOMIA ROBLES')
GO
INSERT [PERSONA].[DIRECCION_DISTRITO] ([id_ciudad], [id_distrito], [nom_distrito]) VALUES (92, 932, N'HERMILIO VALDIZAN')
GO
INSERT [PERSONA].[DIRECCION_DISTRITO] ([id_ciudad], [id_distrito], [nom_distrito]) VALUES (92, 933, N'JOSE CRESPO Y CASTILLO')
GO
INSERT [PERSONA].[DIRECCION_DISTRITO] ([id_ciudad], [id_distrito], [nom_distrito]) VALUES (92, 934, N'LUYANDO')
GO
INSERT [PERSONA].[DIRECCION_DISTRITO] ([id_ciudad], [id_distrito], [nom_distrito]) VALUES (92, 935, N'MARIANO DAMASO BERAUN')
GO
INSERT [PERSONA].[DIRECCION_DISTRITO] ([id_ciudad], [id_distrito], [nom_distrito]) VALUES (93, 936, N'HUACRACHUCO')
GO
INSERT [PERSONA].[DIRECCION_DISTRITO] ([id_ciudad], [id_distrito], [nom_distrito]) VALUES (93, 937, N'CHOLON')
GO
INSERT [PERSONA].[DIRECCION_DISTRITO] ([id_ciudad], [id_distrito], [nom_distrito]) VALUES (93, 938, N'SAN BUENAVENTURA')
GO
INSERT [PERSONA].[DIRECCION_DISTRITO] ([id_ciudad], [id_distrito], [nom_distrito]) VALUES (94, 939, N'PANAO')
GO
INSERT [PERSONA].[DIRECCION_DISTRITO] ([id_ciudad], [id_distrito], [nom_distrito]) VALUES (94, 940, N'CHAGLLA')
GO
INSERT [PERSONA].[DIRECCION_DISTRITO] ([id_ciudad], [id_distrito], [nom_distrito]) VALUES (94, 941, N'MOLINO')
GO
INSERT [PERSONA].[DIRECCION_DISTRITO] ([id_ciudad], [id_distrito], [nom_distrito]) VALUES (94, 942, N'UMARI')
GO
INSERT [PERSONA].[DIRECCION_DISTRITO] ([id_ciudad], [id_distrito], [nom_distrito]) VALUES (95, 943, N'PUERTO INCA')
GO
INSERT [PERSONA].[DIRECCION_DISTRITO] ([id_ciudad], [id_distrito], [nom_distrito]) VALUES (95, 944, N'CODO DEL POZUZO')
GO
INSERT [PERSONA].[DIRECCION_DISTRITO] ([id_ciudad], [id_distrito], [nom_distrito]) VALUES (95, 945, N'HONORIA')
GO
INSERT [PERSONA].[DIRECCION_DISTRITO] ([id_ciudad], [id_distrito], [nom_distrito]) VALUES (95, 946, N'TOURNAVISTA')
GO
INSERT [PERSONA].[DIRECCION_DISTRITO] ([id_ciudad], [id_distrito], [nom_distrito]) VALUES (95, 947, N'YUYAPICHIS')
GO
INSERT [PERSONA].[DIRECCION_DISTRITO] ([id_ciudad], [id_distrito], [nom_distrito]) VALUES (96, 948, N'JESUS')
GO
INSERT [PERSONA].[DIRECCION_DISTRITO] ([id_ciudad], [id_distrito], [nom_distrito]) VALUES (96, 949, N'BA&Ntilde;OS')
GO
INSERT [PERSONA].[DIRECCION_DISTRITO] ([id_ciudad], [id_distrito], [nom_distrito]) VALUES (96, 950, N'JIVIA')
GO
INSERT [PERSONA].[DIRECCION_DISTRITO] ([id_ciudad], [id_distrito], [nom_distrito]) VALUES (96, 951, N'QUEROPALCA')
GO
INSERT [PERSONA].[DIRECCION_DISTRITO] ([id_ciudad], [id_distrito], [nom_distrito]) VALUES (96, 952, N'RONDOS')
GO
INSERT [PERSONA].[DIRECCION_DISTRITO] ([id_ciudad], [id_distrito], [nom_distrito]) VALUES (96, 953, N'SAN FRANCISCO DE ASIS')
GO
INSERT [PERSONA].[DIRECCION_DISTRITO] ([id_ciudad], [id_distrito], [nom_distrito]) VALUES (96, 954, N'SAN MIGUEL DE CAURI')
GO
INSERT [PERSONA].[DIRECCION_DISTRITO] ([id_ciudad], [id_distrito], [nom_distrito]) VALUES (97, 955, N'CHAVINILLO')
GO
INSERT [PERSONA].[DIRECCION_DISTRITO] ([id_ciudad], [id_distrito], [nom_distrito]) VALUES (97, 956, N'CAHUAC')
GO
INSERT [PERSONA].[DIRECCION_DISTRITO] ([id_ciudad], [id_distrito], [nom_distrito]) VALUES (97, 957, N'CHACABAMBA')
GO
INSERT [PERSONA].[DIRECCION_DISTRITO] ([id_ciudad], [id_distrito], [nom_distrito]) VALUES (97, 958, N'APARICIO POMARES')
GO
INSERT [PERSONA].[DIRECCION_DISTRITO] ([id_ciudad], [id_distrito], [nom_distrito]) VALUES (97, 959, N'JACAS CHICO')
GO
INSERT [PERSONA].[DIRECCION_DISTRITO] ([id_ciudad], [id_distrito], [nom_distrito]) VALUES (97, 960, N'OBAS')
GO
INSERT [PERSONA].[DIRECCION_DISTRITO] ([id_ciudad], [id_distrito], [nom_distrito]) VALUES (97, 961, N'PAMPAMARCA')
GO
INSERT [PERSONA].[DIRECCION_DISTRITO] ([id_ciudad], [id_distrito], [nom_distrito]) VALUES (97, 962, N'CHORAS')
GO
INSERT [PERSONA].[DIRECCION_DISTRITO] ([id_ciudad], [id_distrito], [nom_distrito]) VALUES (98, 963, N'ICA')
GO
INSERT [PERSONA].[DIRECCION_DISTRITO] ([id_ciudad], [id_distrito], [nom_distrito]) VALUES (98, 964, N'LA TINGUI&Ntilde;A')
GO
INSERT [PERSONA].[DIRECCION_DISTRITO] ([id_ciudad], [id_distrito], [nom_distrito]) VALUES (98, 965, N'LOS AQUIJES')
GO
INSERT [PERSONA].[DIRECCION_DISTRITO] ([id_ciudad], [id_distrito], [nom_distrito]) VALUES (98, 966, N'OCUCAJE')
GO
INSERT [PERSONA].[DIRECCION_DISTRITO] ([id_ciudad], [id_distrito], [nom_distrito]) VALUES (98, 967, N'PACHACUTEC')
GO
INSERT [PERSONA].[DIRECCION_DISTRITO] ([id_ciudad], [id_distrito], [nom_distrito]) VALUES (98, 968, N'PARCONA')
GO
INSERT [PERSONA].[DIRECCION_DISTRITO] ([id_ciudad], [id_distrito], [nom_distrito]) VALUES (98, 969, N'PUEBLO NUEVO')
GO
INSERT [PERSONA].[DIRECCION_DISTRITO] ([id_ciudad], [id_distrito], [nom_distrito]) VALUES (98, 970, N'SALAS')
GO
INSERT [PERSONA].[DIRECCION_DISTRITO] ([id_ciudad], [id_distrito], [nom_distrito]) VALUES (98, 971, N'SAN JOSE DE LOS MOLINOS')
GO
INSERT [PERSONA].[DIRECCION_DISTRITO] ([id_ciudad], [id_distrito], [nom_distrito]) VALUES (98, 972, N'SAN JUAN BAUTISTA')
GO
INSERT [PERSONA].[DIRECCION_DISTRITO] ([id_ciudad], [id_distrito], [nom_distrito]) VALUES (98, 973, N'SANTIAGO')
GO
INSERT [PERSONA].[DIRECCION_DISTRITO] ([id_ciudad], [id_distrito], [nom_distrito]) VALUES (98, 974, N'SUBTANJALLA')
GO
INSERT [PERSONA].[DIRECCION_DISTRITO] ([id_ciudad], [id_distrito], [nom_distrito]) VALUES (98, 975, N'TATE')
GO
INSERT [PERSONA].[DIRECCION_DISTRITO] ([id_ciudad], [id_distrito], [nom_distrito]) VALUES (98, 976, N'YAUCA DEL ROSARIO')
GO
INSERT [PERSONA].[DIRECCION_DISTRITO] ([id_ciudad], [id_distrito], [nom_distrito]) VALUES (99, 977, N'CHINCHA ALTA')
GO
INSERT [PERSONA].[DIRECCION_DISTRITO] ([id_ciudad], [id_distrito], [nom_distrito]) VALUES (99, 978, N'ALTO LARAN')
GO
INSERT [PERSONA].[DIRECCION_DISTRITO] ([id_ciudad], [id_distrito], [nom_distrito]) VALUES (99, 979, N'CHAVIN')
GO
INSERT [PERSONA].[DIRECCION_DISTRITO] ([id_ciudad], [id_distrito], [nom_distrito]) VALUES (99, 980, N'CHINCHA BAJA')
GO
INSERT [PERSONA].[DIRECCION_DISTRITO] ([id_ciudad], [id_distrito], [nom_distrito]) VALUES (99, 981, N'EL CARMEN')
GO
INSERT [PERSONA].[DIRECCION_DISTRITO] ([id_ciudad], [id_distrito], [nom_distrito]) VALUES (99, 982, N'GROCIO PRADO')
GO
INSERT [PERSONA].[DIRECCION_DISTRITO] ([id_ciudad], [id_distrito], [nom_distrito]) VALUES (99, 983, N'PUEBLO NUEVO')
GO
INSERT [PERSONA].[DIRECCION_DISTRITO] ([id_ciudad], [id_distrito], [nom_distrito]) VALUES (99, 984, N'SAN JUAN DE YANAC')
GO
INSERT [PERSONA].[DIRECCION_DISTRITO] ([id_ciudad], [id_distrito], [nom_distrito]) VALUES (99, 985, N'SAN PEDRO DE HUACARPANA')
GO
INSERT [PERSONA].[DIRECCION_DISTRITO] ([id_ciudad], [id_distrito], [nom_distrito]) VALUES (99, 986, N'SUNAMPE')
GO
INSERT [PERSONA].[DIRECCION_DISTRITO] ([id_ciudad], [id_distrito], [nom_distrito]) VALUES (99, 987, N'TAMBO DE MORA')
GO
INSERT [PERSONA].[DIRECCION_DISTRITO] ([id_ciudad], [id_distrito], [nom_distrito]) VALUES (100, 988, N'NAZCA')
GO
INSERT [PERSONA].[DIRECCION_DISTRITO] ([id_ciudad], [id_distrito], [nom_distrito]) VALUES (100, 989, N'CHANGUILLO')
GO
INSERT [PERSONA].[DIRECCION_DISTRITO] ([id_ciudad], [id_distrito], [nom_distrito]) VALUES (100, 990, N'EL INGENIO')
GO
INSERT [PERSONA].[DIRECCION_DISTRITO] ([id_ciudad], [id_distrito], [nom_distrito]) VALUES (100, 991, N'MARCONA')
GO
INSERT [PERSONA].[DIRECCION_DISTRITO] ([id_ciudad], [id_distrito], [nom_distrito]) VALUES (100, 992, N'VISTA ALEGRE')
GO
INSERT [PERSONA].[DIRECCION_DISTRITO] ([id_ciudad], [id_distrito], [nom_distrito]) VALUES (101, 993, N'PALPA')
GO
INSERT [PERSONA].[DIRECCION_DISTRITO] ([id_ciudad], [id_distrito], [nom_distrito]) VALUES (101, 994, N'LLIPATA')
GO
INSERT [PERSONA].[DIRECCION_DISTRITO] ([id_ciudad], [id_distrito], [nom_distrito]) VALUES (101, 995, N'RIO GRANDE')
GO
INSERT [PERSONA].[DIRECCION_DISTRITO] ([id_ciudad], [id_distrito], [nom_distrito]) VALUES (101, 996, N'SANTA CRUZ')
GO
INSERT [PERSONA].[DIRECCION_DISTRITO] ([id_ciudad], [id_distrito], [nom_distrito]) VALUES (101, 997, N'TIBILLO')
GO
INSERT [PERSONA].[DIRECCION_DISTRITO] ([id_ciudad], [id_distrito], [nom_distrito]) VALUES (102, 998, N'PISCO')
GO
INSERT [PERSONA].[DIRECCION_DISTRITO] ([id_ciudad], [id_distrito], [nom_distrito]) VALUES (102, 999, N'HUANCANO')
GO
INSERT [PERSONA].[DIRECCION_DISTRITO] ([id_ciudad], [id_distrito], [nom_distrito]) VALUES (102, 1000, N'HUMAY')
GO
INSERT [PERSONA].[DIRECCION_DISTRITO] ([id_ciudad], [id_distrito], [nom_distrito]) VALUES (102, 1001, N'INDEPENDENCIA')
GO
INSERT [PERSONA].[DIRECCION_DISTRITO] ([id_ciudad], [id_distrito], [nom_distrito]) VALUES (102, 1002, N'PARACAS')
GO
INSERT [PERSONA].[DIRECCION_DISTRITO] ([id_ciudad], [id_distrito], [nom_distrito]) VALUES (102, 1003, N'SAN ANDRES')
GO
INSERT [PERSONA].[DIRECCION_DISTRITO] ([id_ciudad], [id_distrito], [nom_distrito]) VALUES (102, 1004, N'SAN CLEMENTE')
GO
INSERT [PERSONA].[DIRECCION_DISTRITO] ([id_ciudad], [id_distrito], [nom_distrito]) VALUES (102, 1005, N'TUPAC AMARU INCA')
GO
INSERT [PERSONA].[DIRECCION_DISTRITO] ([id_ciudad], [id_distrito], [nom_distrito]) VALUES (103, 1006, N'HUANCAYO')
GO
INSERT [PERSONA].[DIRECCION_DISTRITO] ([id_ciudad], [id_distrito], [nom_distrito]) VALUES (103, 1007, N'CARHUACALLANGA')
GO
INSERT [PERSONA].[DIRECCION_DISTRITO] ([id_ciudad], [id_distrito], [nom_distrito]) VALUES (103, 1008, N'CHACAPAMPA')
GO
INSERT [PERSONA].[DIRECCION_DISTRITO] ([id_ciudad], [id_distrito], [nom_distrito]) VALUES (103, 1009, N'CHICCHE')
GO
INSERT [PERSONA].[DIRECCION_DISTRITO] ([id_ciudad], [id_distrito], [nom_distrito]) VALUES (103, 1010, N'CHILCA')
GO
INSERT [PERSONA].[DIRECCION_DISTRITO] ([id_ciudad], [id_distrito], [nom_distrito]) VALUES (103, 1011, N'CHONGOS ALTO')
GO
INSERT [PERSONA].[DIRECCION_DISTRITO] ([id_ciudad], [id_distrito], [nom_distrito]) VALUES (103, 1012, N'CHUPURO')
GO
INSERT [PERSONA].[DIRECCION_DISTRITO] ([id_ciudad], [id_distrito], [nom_distrito]) VALUES (103, 1013, N'COLCA')
GO
INSERT [PERSONA].[DIRECCION_DISTRITO] ([id_ciudad], [id_distrito], [nom_distrito]) VALUES (103, 1014, N'CULLHUAS')
GO
INSERT [PERSONA].[DIRECCION_DISTRITO] ([id_ciudad], [id_distrito], [nom_distrito]) VALUES (103, 1015, N'EL TAMBO')
GO
INSERT [PERSONA].[DIRECCION_DISTRITO] ([id_ciudad], [id_distrito], [nom_distrito]) VALUES (103, 1016, N'HUACRAPUQUIO')
GO
INSERT [PERSONA].[DIRECCION_DISTRITO] ([id_ciudad], [id_distrito], [nom_distrito]) VALUES (103, 1017, N'HUALHUAS')
GO
INSERT [PERSONA].[DIRECCION_DISTRITO] ([id_ciudad], [id_distrito], [nom_distrito]) VALUES (103, 1018, N'HUANCAN')
GO
INSERT [PERSONA].[DIRECCION_DISTRITO] ([id_ciudad], [id_distrito], [nom_distrito]) VALUES (103, 1019, N'HUASICANCHA')
GO
INSERT [PERSONA].[DIRECCION_DISTRITO] ([id_ciudad], [id_distrito], [nom_distrito]) VALUES (103, 1020, N'HUAYUCACHI')
GO
INSERT [PERSONA].[DIRECCION_DISTRITO] ([id_ciudad], [id_distrito], [nom_distrito]) VALUES (103, 1021, N'INGENIO')
GO
INSERT [PERSONA].[DIRECCION_DISTRITO] ([id_ciudad], [id_distrito], [nom_distrito]) VALUES (103, 1022, N'PARIAHUANCA')
GO
INSERT [PERSONA].[DIRECCION_DISTRITO] ([id_ciudad], [id_distrito], [nom_distrito]) VALUES (103, 1023, N'PILCOMAYO')
GO
INSERT [PERSONA].[DIRECCION_DISTRITO] ([id_ciudad], [id_distrito], [nom_distrito]) VALUES (103, 1024, N'PUCARA')
GO
INSERT [PERSONA].[DIRECCION_DISTRITO] ([id_ciudad], [id_distrito], [nom_distrito]) VALUES (103, 1025, N'QUICHUAY')
GO
INSERT [PERSONA].[DIRECCION_DISTRITO] ([id_ciudad], [id_distrito], [nom_distrito]) VALUES (103, 1026, N'QUILCAS')
GO
INSERT [PERSONA].[DIRECCION_DISTRITO] ([id_ciudad], [id_distrito], [nom_distrito]) VALUES (103, 1027, N'SAN AGUSTIN')
GO
INSERT [PERSONA].[DIRECCION_DISTRITO] ([id_ciudad], [id_distrito], [nom_distrito]) VALUES (103, 1028, N'SAN JERONIMO DE TUNAN')
GO
INSERT [PERSONA].[DIRECCION_DISTRITO] ([id_ciudad], [id_distrito], [nom_distrito]) VALUES (103, 1029, N'SA&Ntilde;O')
GO
INSERT [PERSONA].[DIRECCION_DISTRITO] ([id_ciudad], [id_distrito], [nom_distrito]) VALUES (103, 1030, N'SAPALLANGA')
GO
INSERT [PERSONA].[DIRECCION_DISTRITO] ([id_ciudad], [id_distrito], [nom_distrito]) VALUES (103, 1031, N'SICAYA')
GO
INSERT [PERSONA].[DIRECCION_DISTRITO] ([id_ciudad], [id_distrito], [nom_distrito]) VALUES (103, 1032, N'SANTO DOMINGO DE ACOBAMBA')
GO
INSERT [PERSONA].[DIRECCION_DISTRITO] ([id_ciudad], [id_distrito], [nom_distrito]) VALUES (103, 1033, N'VIQUES')
GO
INSERT [PERSONA].[DIRECCION_DISTRITO] ([id_ciudad], [id_distrito], [nom_distrito]) VALUES (104, 1034, N'CONCEPCION')
GO
INSERT [PERSONA].[DIRECCION_DISTRITO] ([id_ciudad], [id_distrito], [nom_distrito]) VALUES (104, 1035, N'ACO')
GO
INSERT [PERSONA].[DIRECCION_DISTRITO] ([id_ciudad], [id_distrito], [nom_distrito]) VALUES (104, 1036, N'ANDAMARCA')
GO
INSERT [PERSONA].[DIRECCION_DISTRITO] ([id_ciudad], [id_distrito], [nom_distrito]) VALUES (104, 1037, N'CHAMBARA')
GO
INSERT [PERSONA].[DIRECCION_DISTRITO] ([id_ciudad], [id_distrito], [nom_distrito]) VALUES (104, 1038, N'COCHAS')
GO
INSERT [PERSONA].[DIRECCION_DISTRITO] ([id_ciudad], [id_distrito], [nom_distrito]) VALUES (104, 1039, N'COMAS')
GO
INSERT [PERSONA].[DIRECCION_DISTRITO] ([id_ciudad], [id_distrito], [nom_distrito]) VALUES (104, 1040, N'HEROINAS TOLEDO')
GO
INSERT [PERSONA].[DIRECCION_DISTRITO] ([id_ciudad], [id_distrito], [nom_distrito]) VALUES (104, 1041, N'MANZANARES')
GO
INSERT [PERSONA].[DIRECCION_DISTRITO] ([id_ciudad], [id_distrito], [nom_distrito]) VALUES (104, 1042, N'MARISCAL CASTILLA')
GO
INSERT [PERSONA].[DIRECCION_DISTRITO] ([id_ciudad], [id_distrito], [nom_distrito]) VALUES (104, 1043, N'MATAHUASI')
GO
INSERT [PERSONA].[DIRECCION_DISTRITO] ([id_ciudad], [id_distrito], [nom_distrito]) VALUES (104, 1044, N'MITO')
GO
INSERT [PERSONA].[DIRECCION_DISTRITO] ([id_ciudad], [id_distrito], [nom_distrito]) VALUES (104, 1045, N'NUEVE DE JULIO')
GO
INSERT [PERSONA].[DIRECCION_DISTRITO] ([id_ciudad], [id_distrito], [nom_distrito]) VALUES (104, 1046, N'ORCOTUNA')
GO
INSERT [PERSONA].[DIRECCION_DISTRITO] ([id_ciudad], [id_distrito], [nom_distrito]) VALUES (104, 1047, N'SAN JOSE DE QUERO')
GO
INSERT [PERSONA].[DIRECCION_DISTRITO] ([id_ciudad], [id_distrito], [nom_distrito]) VALUES (104, 1048, N'SANTA ROSA DE OCOPA')
GO
INSERT [PERSONA].[DIRECCION_DISTRITO] ([id_ciudad], [id_distrito], [nom_distrito]) VALUES (105, 1049, N'CHANCHAMAYO')
GO
INSERT [PERSONA].[DIRECCION_DISTRITO] ([id_ciudad], [id_distrito], [nom_distrito]) VALUES (105, 1050, N'PERENE')
GO
INSERT [PERSONA].[DIRECCION_DISTRITO] ([id_ciudad], [id_distrito], [nom_distrito]) VALUES (105, 1051, N'PICHANAQUI')
GO
INSERT [PERSONA].[DIRECCION_DISTRITO] ([id_ciudad], [id_distrito], [nom_distrito]) VALUES (105, 1052, N'SAN LUIS DE SHUARO')
GO
INSERT [PERSONA].[DIRECCION_DISTRITO] ([id_ciudad], [id_distrito], [nom_distrito]) VALUES (105, 1053, N'SAN RAMON')
GO
INSERT [PERSONA].[DIRECCION_DISTRITO] ([id_ciudad], [id_distrito], [nom_distrito]) VALUES (105, 1054, N'VITOC')
GO
INSERT [PERSONA].[DIRECCION_DISTRITO] ([id_ciudad], [id_distrito], [nom_distrito]) VALUES (106, 1055, N'JAUJA')
GO
INSERT [PERSONA].[DIRECCION_DISTRITO] ([id_ciudad], [id_distrito], [nom_distrito]) VALUES (106, 1056, N'ACOLLA')
GO
INSERT [PERSONA].[DIRECCION_DISTRITO] ([id_ciudad], [id_distrito], [nom_distrito]) VALUES (106, 1057, N'APATA')
GO
INSERT [PERSONA].[DIRECCION_DISTRITO] ([id_ciudad], [id_distrito], [nom_distrito]) VALUES (106, 1058, N'ATAURA')
GO
INSERT [PERSONA].[DIRECCION_DISTRITO] ([id_ciudad], [id_distrito], [nom_distrito]) VALUES (106, 1059, N'CANCHAYLLO')
GO
INSERT [PERSONA].[DIRECCION_DISTRITO] ([id_ciudad], [id_distrito], [nom_distrito]) VALUES (106, 1060, N'CURICACA')
GO
INSERT [PERSONA].[DIRECCION_DISTRITO] ([id_ciudad], [id_distrito], [nom_distrito]) VALUES (106, 1061, N'EL MANTARO')
GO
INSERT [PERSONA].[DIRECCION_DISTRITO] ([id_ciudad], [id_distrito], [nom_distrito]) VALUES (106, 1062, N'HUAMALI')
GO
INSERT [PERSONA].[DIRECCION_DISTRITO] ([id_ciudad], [id_distrito], [nom_distrito]) VALUES (106, 1063, N'HUARIPAMPA')
GO
INSERT [PERSONA].[DIRECCION_DISTRITO] ([id_ciudad], [id_distrito], [nom_distrito]) VALUES (106, 1064, N'HUERTAS')
GO
INSERT [PERSONA].[DIRECCION_DISTRITO] ([id_ciudad], [id_distrito], [nom_distrito]) VALUES (106, 1065, N'JANJAILLO')
GO
INSERT [PERSONA].[DIRECCION_DISTRITO] ([id_ciudad], [id_distrito], [nom_distrito]) VALUES (106, 1066, N'JULCAN')
GO
INSERT [PERSONA].[DIRECCION_DISTRITO] ([id_ciudad], [id_distrito], [nom_distrito]) VALUES (106, 1067, N'LEONOR ORDO&Ntilde;EZ')
GO
INSERT [PERSONA].[DIRECCION_DISTRITO] ([id_ciudad], [id_distrito], [nom_distrito]) VALUES (106, 1068, N'LLOCLLAPAMPA')
GO
INSERT [PERSONA].[DIRECCION_DISTRITO] ([id_ciudad], [id_distrito], [nom_distrito]) VALUES (106, 1069, N'MARCO')
GO
INSERT [PERSONA].[DIRECCION_DISTRITO] ([id_ciudad], [id_distrito], [nom_distrito]) VALUES (106, 1070, N'MASMA')
GO
INSERT [PERSONA].[DIRECCION_DISTRITO] ([id_ciudad], [id_distrito], [nom_distrito]) VALUES (106, 1071, N'MASMA CHICCHE')
GO
INSERT [PERSONA].[DIRECCION_DISTRITO] ([id_ciudad], [id_distrito], [nom_distrito]) VALUES (106, 1072, N'MOLINOS')
GO
INSERT [PERSONA].[DIRECCION_DISTRITO] ([id_ciudad], [id_distrito], [nom_distrito]) VALUES (106, 1073, N'MONOBAMBA')
GO
INSERT [PERSONA].[DIRECCION_DISTRITO] ([id_ciudad], [id_distrito], [nom_distrito]) VALUES (106, 1074, N'MUQUI')
GO
INSERT [PERSONA].[DIRECCION_DISTRITO] ([id_ciudad], [id_distrito], [nom_distrito]) VALUES (106, 1075, N'MUQUIYAUYO')
GO
INSERT [PERSONA].[DIRECCION_DISTRITO] ([id_ciudad], [id_distrito], [nom_distrito]) VALUES (106, 1076, N'PACA')
GO
INSERT [PERSONA].[DIRECCION_DISTRITO] ([id_ciudad], [id_distrito], [nom_distrito]) VALUES (106, 1077, N'PACCHA')
GO
INSERT [PERSONA].[DIRECCION_DISTRITO] ([id_ciudad], [id_distrito], [nom_distrito]) VALUES (106, 1078, N'PANCAN')
GO
INSERT [PERSONA].[DIRECCION_DISTRITO] ([id_ciudad], [id_distrito], [nom_distrito]) VALUES (106, 1079, N'PARCO')
GO
INSERT [PERSONA].[DIRECCION_DISTRITO] ([id_ciudad], [id_distrito], [nom_distrito]) VALUES (106, 1080, N'POMACANCHA')
GO
INSERT [PERSONA].[DIRECCION_DISTRITO] ([id_ciudad], [id_distrito], [nom_distrito]) VALUES (106, 1081, N'RICRAN')
GO
INSERT [PERSONA].[DIRECCION_DISTRITO] ([id_ciudad], [id_distrito], [nom_distrito]) VALUES (106, 1082, N'SAN LORENZO')
GO
INSERT [PERSONA].[DIRECCION_DISTRITO] ([id_ciudad], [id_distrito], [nom_distrito]) VALUES (106, 1083, N'SAN PEDRO DE CHUNAN')
GO
INSERT [PERSONA].[DIRECCION_DISTRITO] ([id_ciudad], [id_distrito], [nom_distrito]) VALUES (106, 1084, N'SAUSA')
GO
INSERT [PERSONA].[DIRECCION_DISTRITO] ([id_ciudad], [id_distrito], [nom_distrito]) VALUES (106, 1085, N'SINCOS')
GO
INSERT [PERSONA].[DIRECCION_DISTRITO] ([id_ciudad], [id_distrito], [nom_distrito]) VALUES (106, 1086, N'TUNAN MARCA')
GO
INSERT [PERSONA].[DIRECCION_DISTRITO] ([id_ciudad], [id_distrito], [nom_distrito]) VALUES (106, 1087, N'YAULI')
GO
INSERT [PERSONA].[DIRECCION_DISTRITO] ([id_ciudad], [id_distrito], [nom_distrito]) VALUES (106, 1088, N'YAUYOS')
GO
INSERT [PERSONA].[DIRECCION_DISTRITO] ([id_ciudad], [id_distrito], [nom_distrito]) VALUES (107, 1089, N'JUNIN')
GO
INSERT [PERSONA].[DIRECCION_DISTRITO] ([id_ciudad], [id_distrito], [nom_distrito]) VALUES (107, 1090, N'CARHUAMAYO')
GO
INSERT [PERSONA].[DIRECCION_DISTRITO] ([id_ciudad], [id_distrito], [nom_distrito]) VALUES (107, 1091, N'ONDORES')
GO
INSERT [PERSONA].[DIRECCION_DISTRITO] ([id_ciudad], [id_distrito], [nom_distrito]) VALUES (107, 1092, N'ULCUMAYO')
GO
INSERT [PERSONA].[DIRECCION_DISTRITO] ([id_ciudad], [id_distrito], [nom_distrito]) VALUES (108, 1093, N'SATIPO')
GO
INSERT [PERSONA].[DIRECCION_DISTRITO] ([id_ciudad], [id_distrito], [nom_distrito]) VALUES (108, 1094, N'COVIRIALI')
GO
INSERT [PERSONA].[DIRECCION_DISTRITO] ([id_ciudad], [id_distrito], [nom_distrito]) VALUES (108, 1095, N'LLAYLLA')
GO
INSERT [PERSONA].[DIRECCION_DISTRITO] ([id_ciudad], [id_distrito], [nom_distrito]) VALUES (108, 1096, N'MAZAMARI')
GO
INSERT [PERSONA].[DIRECCION_DISTRITO] ([id_ciudad], [id_distrito], [nom_distrito]) VALUES (108, 1097, N'PAMPA HERMOSA')
GO
INSERT [PERSONA].[DIRECCION_DISTRITO] ([id_ciudad], [id_distrito], [nom_distrito]) VALUES (108, 1098, N'PANGOA')
GO
INSERT [PERSONA].[DIRECCION_DISTRITO] ([id_ciudad], [id_distrito], [nom_distrito]) VALUES (108, 1099, N'RIO NEGRO')
GO
INSERT [PERSONA].[DIRECCION_DISTRITO] ([id_ciudad], [id_distrito], [nom_distrito]) VALUES (108, 1100, N'RIO TAMBO')
GO
INSERT [PERSONA].[DIRECCION_DISTRITO] ([id_ciudad], [id_distrito], [nom_distrito]) VALUES (109, 1101, N'TARMA')
GO
INSERT [PERSONA].[DIRECCION_DISTRITO] ([id_ciudad], [id_distrito], [nom_distrito]) VALUES (109, 1102, N'ACOBAMBA')
GO
INSERT [PERSONA].[DIRECCION_DISTRITO] ([id_ciudad], [id_distrito], [nom_distrito]) VALUES (109, 1103, N'HUARICOLCA')
GO
INSERT [PERSONA].[DIRECCION_DISTRITO] ([id_ciudad], [id_distrito], [nom_distrito]) VALUES (109, 1104, N'HUASAHUASI')
GO
INSERT [PERSONA].[DIRECCION_DISTRITO] ([id_ciudad], [id_distrito], [nom_distrito]) VALUES (109, 1105, N'LA UNION')
GO
INSERT [PERSONA].[DIRECCION_DISTRITO] ([id_ciudad], [id_distrito], [nom_distrito]) VALUES (109, 1106, N'PALCA')
GO
INSERT [PERSONA].[DIRECCION_DISTRITO] ([id_ciudad], [id_distrito], [nom_distrito]) VALUES (109, 1107, N'PALCAMAYO')
GO
INSERT [PERSONA].[DIRECCION_DISTRITO] ([id_ciudad], [id_distrito], [nom_distrito]) VALUES (109, 1108, N'SAN PEDRO DE CAJAS')
GO
INSERT [PERSONA].[DIRECCION_DISTRITO] ([id_ciudad], [id_distrito], [nom_distrito]) VALUES (109, 1109, N'TAPO')
GO
INSERT [PERSONA].[DIRECCION_DISTRITO] ([id_ciudad], [id_distrito], [nom_distrito]) VALUES (110, 1110, N'LA OROYA')
GO
INSERT [PERSONA].[DIRECCION_DISTRITO] ([id_ciudad], [id_distrito], [nom_distrito]) VALUES (110, 1111, N'CHACAPALPA')
GO
INSERT [PERSONA].[DIRECCION_DISTRITO] ([id_ciudad], [id_distrito], [nom_distrito]) VALUES (110, 1112, N'HUAY-HUAY')
GO
INSERT [PERSONA].[DIRECCION_DISTRITO] ([id_ciudad], [id_distrito], [nom_distrito]) VALUES (110, 1113, N'MARCAPOMACOCHA')
GO
INSERT [PERSONA].[DIRECCION_DISTRITO] ([id_ciudad], [id_distrito], [nom_distrito]) VALUES (110, 1114, N'MOROCOCHA')
GO
INSERT [PERSONA].[DIRECCION_DISTRITO] ([id_ciudad], [id_distrito], [nom_distrito]) VALUES (110, 1115, N'PACCHA')
GO
INSERT [PERSONA].[DIRECCION_DISTRITO] ([id_ciudad], [id_distrito], [nom_distrito]) VALUES (110, 1116, N'SANTA BARBARA DE CARHUACAYAN')
GO
INSERT [PERSONA].[DIRECCION_DISTRITO] ([id_ciudad], [id_distrito], [nom_distrito]) VALUES (110, 1117, N'SANTA ROSA DE SACCO')
GO
INSERT [PERSONA].[DIRECCION_DISTRITO] ([id_ciudad], [id_distrito], [nom_distrito]) VALUES (110, 1118, N'SUITUCANCHA')
GO
INSERT [PERSONA].[DIRECCION_DISTRITO] ([id_ciudad], [id_distrito], [nom_distrito]) VALUES (110, 1119, N'YAULI')
GO
INSERT [PERSONA].[DIRECCION_DISTRITO] ([id_ciudad], [id_distrito], [nom_distrito]) VALUES (111, 1120, N'CHUPACA')
GO
INSERT [PERSONA].[DIRECCION_DISTRITO] ([id_ciudad], [id_distrito], [nom_distrito]) VALUES (111, 1121, N'AHUAC')
GO
INSERT [PERSONA].[DIRECCION_DISTRITO] ([id_ciudad], [id_distrito], [nom_distrito]) VALUES (111, 1122, N'CHONGOS BAJO')
GO
INSERT [PERSONA].[DIRECCION_DISTRITO] ([id_ciudad], [id_distrito], [nom_distrito]) VALUES (111, 1123, N'HUACHAC')
GO
INSERT [PERSONA].[DIRECCION_DISTRITO] ([id_ciudad], [id_distrito], [nom_distrito]) VALUES (111, 1124, N'HUAMANCACA CHICO')
GO
INSERT [PERSONA].[DIRECCION_DISTRITO] ([id_ciudad], [id_distrito], [nom_distrito]) VALUES (111, 1125, N'SAN JUAN DE ISCOS')
GO
INSERT [PERSONA].[DIRECCION_DISTRITO] ([id_ciudad], [id_distrito], [nom_distrito]) VALUES (111, 1126, N'SAN JUAN DE JARPA')
GO
INSERT [PERSONA].[DIRECCION_DISTRITO] ([id_ciudad], [id_distrito], [nom_distrito]) VALUES (111, 1127, N'TRES DE DICIEMBRE')
GO
INSERT [PERSONA].[DIRECCION_DISTRITO] ([id_ciudad], [id_distrito], [nom_distrito]) VALUES (111, 1128, N'YANACANCHA')
GO
INSERT [PERSONA].[DIRECCION_DISTRITO] ([id_ciudad], [id_distrito], [nom_distrito]) VALUES (112, 1129, N'TRUJILLO')
GO
INSERT [PERSONA].[DIRECCION_DISTRITO] ([id_ciudad], [id_distrito], [nom_distrito]) VALUES (112, 1130, N'EL PORVENIR')
GO
INSERT [PERSONA].[DIRECCION_DISTRITO] ([id_ciudad], [id_distrito], [nom_distrito]) VALUES (112, 1131, N'FLORENCIA DE MORA')
GO
INSERT [PERSONA].[DIRECCION_DISTRITO] ([id_ciudad], [id_distrito], [nom_distrito]) VALUES (112, 1132, N'HUANCHACO')
GO
INSERT [PERSONA].[DIRECCION_DISTRITO] ([id_ciudad], [id_distrito], [nom_distrito]) VALUES (112, 1133, N'LA ESPERANZA')
GO
INSERT [PERSONA].[DIRECCION_DISTRITO] ([id_ciudad], [id_distrito], [nom_distrito]) VALUES (112, 1134, N'LAREDO')
GO
INSERT [PERSONA].[DIRECCION_DISTRITO] ([id_ciudad], [id_distrito], [nom_distrito]) VALUES (112, 1135, N'MOCHE')
GO
INSERT [PERSONA].[DIRECCION_DISTRITO] ([id_ciudad], [id_distrito], [nom_distrito]) VALUES (112, 1136, N'POROTO')
GO
INSERT [PERSONA].[DIRECCION_DISTRITO] ([id_ciudad], [id_distrito], [nom_distrito]) VALUES (112, 1137, N'SALAVERRY')
GO
INSERT [PERSONA].[DIRECCION_DISTRITO] ([id_ciudad], [id_distrito], [nom_distrito]) VALUES (112, 1138, N'SIMBAL')
GO
INSERT [PERSONA].[DIRECCION_DISTRITO] ([id_ciudad], [id_distrito], [nom_distrito]) VALUES (112, 1139, N'VICTOR LARCO HERRERA')
GO
INSERT [PERSONA].[DIRECCION_DISTRITO] ([id_ciudad], [id_distrito], [nom_distrito]) VALUES (113, 1140, N'ASCOPE')
GO
INSERT [PERSONA].[DIRECCION_DISTRITO] ([id_ciudad], [id_distrito], [nom_distrito]) VALUES (113, 1141, N'CHICAMA')
GO
INSERT [PERSONA].[DIRECCION_DISTRITO] ([id_ciudad], [id_distrito], [nom_distrito]) VALUES (113, 1142, N'CHOCOPE')
GO
INSERT [PERSONA].[DIRECCION_DISTRITO] ([id_ciudad], [id_distrito], [nom_distrito]) VALUES (113, 1143, N'MAGDALENA DE CAO')
GO
INSERT [PERSONA].[DIRECCION_DISTRITO] ([id_ciudad], [id_distrito], [nom_distrito]) VALUES (113, 1144, N'PAIJAN')
GO
INSERT [PERSONA].[DIRECCION_DISTRITO] ([id_ciudad], [id_distrito], [nom_distrito]) VALUES (113, 1145, N'RAZURI')
GO
INSERT [PERSONA].[DIRECCION_DISTRITO] ([id_ciudad], [id_distrito], [nom_distrito]) VALUES (113, 1146, N'SANTIAGO DE CAO')
GO
INSERT [PERSONA].[DIRECCION_DISTRITO] ([id_ciudad], [id_distrito], [nom_distrito]) VALUES (113, 1147, N'CASA GRANDE')
GO
INSERT [PERSONA].[DIRECCION_DISTRITO] ([id_ciudad], [id_distrito], [nom_distrito]) VALUES (114, 1148, N'BOLIVAR')
GO
INSERT [PERSONA].[DIRECCION_DISTRITO] ([id_ciudad], [id_distrito], [nom_distrito]) VALUES (114, 1149, N'BAMBAMARCA')
GO
INSERT [PERSONA].[DIRECCION_DISTRITO] ([id_ciudad], [id_distrito], [nom_distrito]) VALUES (114, 1150, N'CONDORMARCA')
GO
INSERT [PERSONA].[DIRECCION_DISTRITO] ([id_ciudad], [id_distrito], [nom_distrito]) VALUES (114, 1151, N'LONGOTEA')
GO
INSERT [PERSONA].[DIRECCION_DISTRITO] ([id_ciudad], [id_distrito], [nom_distrito]) VALUES (114, 1152, N'UCHUMARCA')
GO
INSERT [PERSONA].[DIRECCION_DISTRITO] ([id_ciudad], [id_distrito], [nom_distrito]) VALUES (114, 1153, N'UCUNCHA')
GO
INSERT [PERSONA].[DIRECCION_DISTRITO] ([id_ciudad], [id_distrito], [nom_distrito]) VALUES (115, 1154, N'CHEPEN')
GO
INSERT [PERSONA].[DIRECCION_DISTRITO] ([id_ciudad], [id_distrito], [nom_distrito]) VALUES (115, 1155, N'PACANGA')
GO
INSERT [PERSONA].[DIRECCION_DISTRITO] ([id_ciudad], [id_distrito], [nom_distrito]) VALUES (115, 1156, N'PUEBLO NUEVO')
GO
INSERT [PERSONA].[DIRECCION_DISTRITO] ([id_ciudad], [id_distrito], [nom_distrito]) VALUES (116, 1157, N'JULCAN')
GO
INSERT [PERSONA].[DIRECCION_DISTRITO] ([id_ciudad], [id_distrito], [nom_distrito]) VALUES (116, 1158, N'CALAMARCA')
GO
INSERT [PERSONA].[DIRECCION_DISTRITO] ([id_ciudad], [id_distrito], [nom_distrito]) VALUES (116, 1159, N'CARABAMBA')
GO
INSERT [PERSONA].[DIRECCION_DISTRITO] ([id_ciudad], [id_distrito], [nom_distrito]) VALUES (116, 1160, N'HUASO')
GO
INSERT [PERSONA].[DIRECCION_DISTRITO] ([id_ciudad], [id_distrito], [nom_distrito]) VALUES (117, 1161, N'OTUZCO')
GO
INSERT [PERSONA].[DIRECCION_DISTRITO] ([id_ciudad], [id_distrito], [nom_distrito]) VALUES (117, 1162, N'AGALLPAMPA')
GO
INSERT [PERSONA].[DIRECCION_DISTRITO] ([id_ciudad], [id_distrito], [nom_distrito]) VALUES (117, 1163, N'CHARAT')
GO
INSERT [PERSONA].[DIRECCION_DISTRITO] ([id_ciudad], [id_distrito], [nom_distrito]) VALUES (117, 1164, N'HUARANCHAL')
GO
INSERT [PERSONA].[DIRECCION_DISTRITO] ([id_ciudad], [id_distrito], [nom_distrito]) VALUES (117, 1165, N'LA CUESTA')
GO
INSERT [PERSONA].[DIRECCION_DISTRITO] ([id_ciudad], [id_distrito], [nom_distrito]) VALUES (117, 1166, N'MACHE')
GO
INSERT [PERSONA].[DIRECCION_DISTRITO] ([id_ciudad], [id_distrito], [nom_distrito]) VALUES (117, 1167, N'PARANDAY')
GO
INSERT [PERSONA].[DIRECCION_DISTRITO] ([id_ciudad], [id_distrito], [nom_distrito]) VALUES (117, 1168, N'SALPO')
GO
INSERT [PERSONA].[DIRECCION_DISTRITO] ([id_ciudad], [id_distrito], [nom_distrito]) VALUES (117, 1169, N'SINSICAP')
GO
INSERT [PERSONA].[DIRECCION_DISTRITO] ([id_ciudad], [id_distrito], [nom_distrito]) VALUES (117, 1170, N'USQUIL')
GO
INSERT [PERSONA].[DIRECCION_DISTRITO] ([id_ciudad], [id_distrito], [nom_distrito]) VALUES (118, 1171, N'SAN PEDRO DE LLOC')
GO
INSERT [PERSONA].[DIRECCION_DISTRITO] ([id_ciudad], [id_distrito], [nom_distrito]) VALUES (118, 1172, N'GUADALUPE')
GO
INSERT [PERSONA].[DIRECCION_DISTRITO] ([id_ciudad], [id_distrito], [nom_distrito]) VALUES (118, 1173, N'JEQUETEPEQUE')
GO
INSERT [PERSONA].[DIRECCION_DISTRITO] ([id_ciudad], [id_distrito], [nom_distrito]) VALUES (118, 1174, N'PACASMAYO')
GO
INSERT [PERSONA].[DIRECCION_DISTRITO] ([id_ciudad], [id_distrito], [nom_distrito]) VALUES (118, 1175, N'SAN JOSE')
GO
INSERT [PERSONA].[DIRECCION_DISTRITO] ([id_ciudad], [id_distrito], [nom_distrito]) VALUES (119, 1176, N'TAYABAMBA')
GO
INSERT [PERSONA].[DIRECCION_DISTRITO] ([id_ciudad], [id_distrito], [nom_distrito]) VALUES (119, 1177, N'BULDIBUYO')
GO
INSERT [PERSONA].[DIRECCION_DISTRITO] ([id_ciudad], [id_distrito], [nom_distrito]) VALUES (119, 1178, N'CHILLIA')
GO
INSERT [PERSONA].[DIRECCION_DISTRITO] ([id_ciudad], [id_distrito], [nom_distrito]) VALUES (119, 1179, N'HUANCASPATA')
GO
INSERT [PERSONA].[DIRECCION_DISTRITO] ([id_ciudad], [id_distrito], [nom_distrito]) VALUES (119, 1180, N'HUAYLILLAS')
GO
INSERT [PERSONA].[DIRECCION_DISTRITO] ([id_ciudad], [id_distrito], [nom_distrito]) VALUES (119, 1181, N'HUAYO')
GO
INSERT [PERSONA].[DIRECCION_DISTRITO] ([id_ciudad], [id_distrito], [nom_distrito]) VALUES (119, 1182, N'ONGON')
GO
INSERT [PERSONA].[DIRECCION_DISTRITO] ([id_ciudad], [id_distrito], [nom_distrito]) VALUES (119, 1183, N'PARCOY')
GO
INSERT [PERSONA].[DIRECCION_DISTRITO] ([id_ciudad], [id_distrito], [nom_distrito]) VALUES (119, 1184, N'PATAZ')
GO
INSERT [PERSONA].[DIRECCION_DISTRITO] ([id_ciudad], [id_distrito], [nom_distrito]) VALUES (119, 1185, N'PIAS')
GO
INSERT [PERSONA].[DIRECCION_DISTRITO] ([id_ciudad], [id_distrito], [nom_distrito]) VALUES (119, 1186, N'SANTIAGO DE CHALLAS')
GO
INSERT [PERSONA].[DIRECCION_DISTRITO] ([id_ciudad], [id_distrito], [nom_distrito]) VALUES (119, 1187, N'TAURIJA')
GO
INSERT [PERSONA].[DIRECCION_DISTRITO] ([id_ciudad], [id_distrito], [nom_distrito]) VALUES (119, 1188, N'URPAY')
GO
INSERT [PERSONA].[DIRECCION_DISTRITO] ([id_ciudad], [id_distrito], [nom_distrito]) VALUES (120, 1189, N'HUAMACHUCO')
GO
INSERT [PERSONA].[DIRECCION_DISTRITO] ([id_ciudad], [id_distrito], [nom_distrito]) VALUES (120, 1190, N'CHUGAY')
GO
INSERT [PERSONA].[DIRECCION_DISTRITO] ([id_ciudad], [id_distrito], [nom_distrito]) VALUES (120, 1191, N'COCHORCO')
GO
INSERT [PERSONA].[DIRECCION_DISTRITO] ([id_ciudad], [id_distrito], [nom_distrito]) VALUES (120, 1192, N'CURGOS')
GO
INSERT [PERSONA].[DIRECCION_DISTRITO] ([id_ciudad], [id_distrito], [nom_distrito]) VALUES (120, 1193, N'MARCABAL')
GO
INSERT [PERSONA].[DIRECCION_DISTRITO] ([id_ciudad], [id_distrito], [nom_distrito]) VALUES (120, 1194, N'SANAGORAN')
GO
INSERT [PERSONA].[DIRECCION_DISTRITO] ([id_ciudad], [id_distrito], [nom_distrito]) VALUES (120, 1195, N'SARIN')
GO
INSERT [PERSONA].[DIRECCION_DISTRITO] ([id_ciudad], [id_distrito], [nom_distrito]) VALUES (120, 1196, N'SARTIMBAMBA')
GO
INSERT [PERSONA].[DIRECCION_DISTRITO] ([id_ciudad], [id_distrito], [nom_distrito]) VALUES (121, 1197, N'SANTIAGO DE CHUCO')
GO
INSERT [PERSONA].[DIRECCION_DISTRITO] ([id_ciudad], [id_distrito], [nom_distrito]) VALUES (121, 1198, N'ANGASMARCA')
GO
INSERT [PERSONA].[DIRECCION_DISTRITO] ([id_ciudad], [id_distrito], [nom_distrito]) VALUES (121, 1199, N'CACHICADAN')
GO
INSERT [PERSONA].[DIRECCION_DISTRITO] ([id_ciudad], [id_distrito], [nom_distrito]) VALUES (121, 1200, N'MOLLEBAMBA')
GO
INSERT [PERSONA].[DIRECCION_DISTRITO] ([id_ciudad], [id_distrito], [nom_distrito]) VALUES (121, 1201, N'MOLLEPATA')
GO
INSERT [PERSONA].[DIRECCION_DISTRITO] ([id_ciudad], [id_distrito], [nom_distrito]) VALUES (121, 1202, N'QUIRUVILCA')
GO
INSERT [PERSONA].[DIRECCION_DISTRITO] ([id_ciudad], [id_distrito], [nom_distrito]) VALUES (121, 1203, N'SANTA CRUZ DE CHUCA')
GO
INSERT [PERSONA].[DIRECCION_DISTRITO] ([id_ciudad], [id_distrito], [nom_distrito]) VALUES (121, 1204, N'SITABAMBA')
GO
INSERT [PERSONA].[DIRECCION_DISTRITO] ([id_ciudad], [id_distrito], [nom_distrito]) VALUES (122, 1205, N'GRAN CHIMU')
GO
INSERT [PERSONA].[DIRECCION_DISTRITO] ([id_ciudad], [id_distrito], [nom_distrito]) VALUES (122, 1206, N'CASCAS')
GO
INSERT [PERSONA].[DIRECCION_DISTRITO] ([id_ciudad], [id_distrito], [nom_distrito]) VALUES (122, 1207, N'LUCMA')
GO
INSERT [PERSONA].[DIRECCION_DISTRITO] ([id_ciudad], [id_distrito], [nom_distrito]) VALUES (122, 1208, N'MARMOT')
GO
INSERT [PERSONA].[DIRECCION_DISTRITO] ([id_ciudad], [id_distrito], [nom_distrito]) VALUES (122, 1209, N'SAYAPULLO')
GO
INSERT [PERSONA].[DIRECCION_DISTRITO] ([id_ciudad], [id_distrito], [nom_distrito]) VALUES (123, 1210, N'VIRU')
GO
INSERT [PERSONA].[DIRECCION_DISTRITO] ([id_ciudad], [id_distrito], [nom_distrito]) VALUES (123, 1211, N'CHAO')
GO
INSERT [PERSONA].[DIRECCION_DISTRITO] ([id_ciudad], [id_distrito], [nom_distrito]) VALUES (123, 1212, N'GUADALUPITO')
GO
INSERT [PERSONA].[DIRECCION_DISTRITO] ([id_ciudad], [id_distrito], [nom_distrito]) VALUES (124, 1213, N'CHICLAYO')
GO
INSERT [PERSONA].[DIRECCION_DISTRITO] ([id_ciudad], [id_distrito], [nom_distrito]) VALUES (124, 1214, N'CHONGOYAPE')
GO
INSERT [PERSONA].[DIRECCION_DISTRITO] ([id_ciudad], [id_distrito], [nom_distrito]) VALUES (124, 1215, N'ETEN')
GO
INSERT [PERSONA].[DIRECCION_DISTRITO] ([id_ciudad], [id_distrito], [nom_distrito]) VALUES (124, 1216, N'ETEN PUERTO')
GO
INSERT [PERSONA].[DIRECCION_DISTRITO] ([id_ciudad], [id_distrito], [nom_distrito]) VALUES (124, 1217, N'JOSE LEONARDO ORTIZ')
GO
INSERT [PERSONA].[DIRECCION_DISTRITO] ([id_ciudad], [id_distrito], [nom_distrito]) VALUES (124, 1218, N'LA VICTORIA')
GO
INSERT [PERSONA].[DIRECCION_DISTRITO] ([id_ciudad], [id_distrito], [nom_distrito]) VALUES (124, 1219, N'LAGUNAS')
GO
INSERT [PERSONA].[DIRECCION_DISTRITO] ([id_ciudad], [id_distrito], [nom_distrito]) VALUES (124, 1220, N'MONSEFU')
GO
INSERT [PERSONA].[DIRECCION_DISTRITO] ([id_ciudad], [id_distrito], [nom_distrito]) VALUES (124, 1221, N'NUEVA ARICA')
GO
INSERT [PERSONA].[DIRECCION_DISTRITO] ([id_ciudad], [id_distrito], [nom_distrito]) VALUES (124, 1222, N'OYOTUN')
GO
INSERT [PERSONA].[DIRECCION_DISTRITO] ([id_ciudad], [id_distrito], [nom_distrito]) VALUES (124, 1223, N'PICSI')
GO
INSERT [PERSONA].[DIRECCION_DISTRITO] ([id_ciudad], [id_distrito], [nom_distrito]) VALUES (124, 1224, N'PIMENTEL')
GO
INSERT [PERSONA].[DIRECCION_DISTRITO] ([id_ciudad], [id_distrito], [nom_distrito]) VALUES (124, 1225, N'REQUE')
GO
INSERT [PERSONA].[DIRECCION_DISTRITO] ([id_ciudad], [id_distrito], [nom_distrito]) VALUES (124, 1226, N'SANTA ROSA')
GO
INSERT [PERSONA].[DIRECCION_DISTRITO] ([id_ciudad], [id_distrito], [nom_distrito]) VALUES (124, 1227, N'SA&Ntilde;A')
GO
INSERT [PERSONA].[DIRECCION_DISTRITO] ([id_ciudad], [id_distrito], [nom_distrito]) VALUES (124, 1228, N'CAYALTI')
GO
INSERT [PERSONA].[DIRECCION_DISTRITO] ([id_ciudad], [id_distrito], [nom_distrito]) VALUES (124, 1229, N'PATAPO')
GO
INSERT [PERSONA].[DIRECCION_DISTRITO] ([id_ciudad], [id_distrito], [nom_distrito]) VALUES (124, 1230, N'POMALCA')
GO
INSERT [PERSONA].[DIRECCION_DISTRITO] ([id_ciudad], [id_distrito], [nom_distrito]) VALUES (124, 1231, N'PUCALA')
GO
INSERT [PERSONA].[DIRECCION_DISTRITO] ([id_ciudad], [id_distrito], [nom_distrito]) VALUES (124, 1232, N'TUMAN')
GO
INSERT [PERSONA].[DIRECCION_DISTRITO] ([id_ciudad], [id_distrito], [nom_distrito]) VALUES (125, 1233, N'FERRE&Ntilde;AFE')
GO
INSERT [PERSONA].[DIRECCION_DISTRITO] ([id_ciudad], [id_distrito], [nom_distrito]) VALUES (125, 1234, N'CA&Ntilde;ARIS')
GO
INSERT [PERSONA].[DIRECCION_DISTRITO] ([id_ciudad], [id_distrito], [nom_distrito]) VALUES (125, 1235, N'INCAHUASI')
GO
INSERT [PERSONA].[DIRECCION_DISTRITO] ([id_ciudad], [id_distrito], [nom_distrito]) VALUES (125, 1236, N'MANUEL ANTONIO MESONES MURO')
GO
INSERT [PERSONA].[DIRECCION_DISTRITO] ([id_ciudad], [id_distrito], [nom_distrito]) VALUES (125, 1237, N'PITIPO')
GO
INSERT [PERSONA].[DIRECCION_DISTRITO] ([id_ciudad], [id_distrito], [nom_distrito]) VALUES (125, 1238, N'PUEBLO NUEVO')
GO
INSERT [PERSONA].[DIRECCION_DISTRITO] ([id_ciudad], [id_distrito], [nom_distrito]) VALUES (126, 1239, N'LAMBAYEQUE')
GO
INSERT [PERSONA].[DIRECCION_DISTRITO] ([id_ciudad], [id_distrito], [nom_distrito]) VALUES (126, 1240, N'CHOCHOPE')
GO
INSERT [PERSONA].[DIRECCION_DISTRITO] ([id_ciudad], [id_distrito], [nom_distrito]) VALUES (126, 1241, N'ILLIMO')
GO
INSERT [PERSONA].[DIRECCION_DISTRITO] ([id_ciudad], [id_distrito], [nom_distrito]) VALUES (126, 1242, N'JAYANCA')
GO
INSERT [PERSONA].[DIRECCION_DISTRITO] ([id_ciudad], [id_distrito], [nom_distrito]) VALUES (126, 1243, N'MOCHUMI')
GO
INSERT [PERSONA].[DIRECCION_DISTRITO] ([id_ciudad], [id_distrito], [nom_distrito]) VALUES (126, 1244, N'MORROPE')
GO
INSERT [PERSONA].[DIRECCION_DISTRITO] ([id_ciudad], [id_distrito], [nom_distrito]) VALUES (126, 1245, N'MOTUPE')
GO
INSERT [PERSONA].[DIRECCION_DISTRITO] ([id_ciudad], [id_distrito], [nom_distrito]) VALUES (126, 1246, N'OLMOS')
GO
INSERT [PERSONA].[DIRECCION_DISTRITO] ([id_ciudad], [id_distrito], [nom_distrito]) VALUES (126, 1247, N'PACORA')
GO
INSERT [PERSONA].[DIRECCION_DISTRITO] ([id_ciudad], [id_distrito], [nom_distrito]) VALUES (126, 1248, N'SALAS')
GO
INSERT [PERSONA].[DIRECCION_DISTRITO] ([id_ciudad], [id_distrito], [nom_distrito]) VALUES (126, 1249, N'SAN JOSE')
GO
INSERT [PERSONA].[DIRECCION_DISTRITO] ([id_ciudad], [id_distrito], [nom_distrito]) VALUES (126, 1250, N'TUCUME')
GO
INSERT [PERSONA].[DIRECCION_DISTRITO] ([id_ciudad], [id_distrito], [nom_distrito]) VALUES (127, 1251, N'LIMA')
GO
INSERT [PERSONA].[DIRECCION_DISTRITO] ([id_ciudad], [id_distrito], [nom_distrito]) VALUES (127, 1252, N'ANCON')
GO
INSERT [PERSONA].[DIRECCION_DISTRITO] ([id_ciudad], [id_distrito], [nom_distrito]) VALUES (127, 1253, N'ATE')
GO
INSERT [PERSONA].[DIRECCION_DISTRITO] ([id_ciudad], [id_distrito], [nom_distrito]) VALUES (127, 1254, N'BARRANCO')
GO
INSERT [PERSONA].[DIRECCION_DISTRITO] ([id_ciudad], [id_distrito], [nom_distrito]) VALUES (127, 1255, N'BRE&Ntilde;A')
GO
INSERT [PERSONA].[DIRECCION_DISTRITO] ([id_ciudad], [id_distrito], [nom_distrito]) VALUES (127, 1256, N'CARABAYLLO')
GO
INSERT [PERSONA].[DIRECCION_DISTRITO] ([id_ciudad], [id_distrito], [nom_distrito]) VALUES (127, 1257, N'CHACLACAYO')
GO
INSERT [PERSONA].[DIRECCION_DISTRITO] ([id_ciudad], [id_distrito], [nom_distrito]) VALUES (127, 1258, N'CHORRILLOS')
GO
INSERT [PERSONA].[DIRECCION_DISTRITO] ([id_ciudad], [id_distrito], [nom_distrito]) VALUES (127, 1259, N'CIENEGUILLA')
GO
INSERT [PERSONA].[DIRECCION_DISTRITO] ([id_ciudad], [id_distrito], [nom_distrito]) VALUES (127, 1260, N'COMAS')
GO
INSERT [PERSONA].[DIRECCION_DISTRITO] ([id_ciudad], [id_distrito], [nom_distrito]) VALUES (127, 1261, N'EL AGUSTINO')
GO
INSERT [PERSONA].[DIRECCION_DISTRITO] ([id_ciudad], [id_distrito], [nom_distrito]) VALUES (127, 1262, N'INDEPENDENCIA')
GO
INSERT [PERSONA].[DIRECCION_DISTRITO] ([id_ciudad], [id_distrito], [nom_distrito]) VALUES (127, 1263, N'JESUS MARIA')
GO
INSERT [PERSONA].[DIRECCION_DISTRITO] ([id_ciudad], [id_distrito], [nom_distrito]) VALUES (127, 1264, N'LA MOLINA')
GO
INSERT [PERSONA].[DIRECCION_DISTRITO] ([id_ciudad], [id_distrito], [nom_distrito]) VALUES (127, 1265, N'LA VICTORIA')
GO
INSERT [PERSONA].[DIRECCION_DISTRITO] ([id_ciudad], [id_distrito], [nom_distrito]) VALUES (127, 1266, N'LINCE')
GO
INSERT [PERSONA].[DIRECCION_DISTRITO] ([id_ciudad], [id_distrito], [nom_distrito]) VALUES (127, 1267, N'LOS OLIVOS')
GO
INSERT [PERSONA].[DIRECCION_DISTRITO] ([id_ciudad], [id_distrito], [nom_distrito]) VALUES (127, 1268, N'LURIGANCHO')
GO
INSERT [PERSONA].[DIRECCION_DISTRITO] ([id_ciudad], [id_distrito], [nom_distrito]) VALUES (127, 1269, N'LURIN')
GO
INSERT [PERSONA].[DIRECCION_DISTRITO] ([id_ciudad], [id_distrito], [nom_distrito]) VALUES (127, 1270, N'MAGDALENA DEL MAR')
GO
INSERT [PERSONA].[DIRECCION_DISTRITO] ([id_ciudad], [id_distrito], [nom_distrito]) VALUES (127, 1271, N'MAGDALENA VIEJA')
GO
INSERT [PERSONA].[DIRECCION_DISTRITO] ([id_ciudad], [id_distrito], [nom_distrito]) VALUES (127, 1272, N'MIRAFLORES')
GO
INSERT [PERSONA].[DIRECCION_DISTRITO] ([id_ciudad], [id_distrito], [nom_distrito]) VALUES (127, 1273, N'PACHACAMAC')
GO
INSERT [PERSONA].[DIRECCION_DISTRITO] ([id_ciudad], [id_distrito], [nom_distrito]) VALUES (127, 1274, N'PUCUSANA')
GO
INSERT [PERSONA].[DIRECCION_DISTRITO] ([id_ciudad], [id_distrito], [nom_distrito]) VALUES (127, 1275, N'PUENTE PIEDRA')
GO
INSERT [PERSONA].[DIRECCION_DISTRITO] ([id_ciudad], [id_distrito], [nom_distrito]) VALUES (127, 1276, N'PUNTA HERMOSA')
GO
INSERT [PERSONA].[DIRECCION_DISTRITO] ([id_ciudad], [id_distrito], [nom_distrito]) VALUES (127, 1277, N'PUNTA NEGRA')
GO
INSERT [PERSONA].[DIRECCION_DISTRITO] ([id_ciudad], [id_distrito], [nom_distrito]) VALUES (127, 1278, N'RIMAC')
GO
INSERT [PERSONA].[DIRECCION_DISTRITO] ([id_ciudad], [id_distrito], [nom_distrito]) VALUES (127, 1279, N'SAN BARTOLO')
GO
INSERT [PERSONA].[DIRECCION_DISTRITO] ([id_ciudad], [id_distrito], [nom_distrito]) VALUES (127, 1280, N'SAN BORJA')
GO
INSERT [PERSONA].[DIRECCION_DISTRITO] ([id_ciudad], [id_distrito], [nom_distrito]) VALUES (127, 1281, N'SAN ISIDRO')
GO
INSERT [PERSONA].[DIRECCION_DISTRITO] ([id_ciudad], [id_distrito], [nom_distrito]) VALUES (127, 1282, N'SAN JUAN DE LURIGANCHO')
GO
INSERT [PERSONA].[DIRECCION_DISTRITO] ([id_ciudad], [id_distrito], [nom_distrito]) VALUES (127, 1283, N'SAN JUAN DE MIRAFLORES')
GO
INSERT [PERSONA].[DIRECCION_DISTRITO] ([id_ciudad], [id_distrito], [nom_distrito]) VALUES (127, 1284, N'SAN LUIS')
GO
INSERT [PERSONA].[DIRECCION_DISTRITO] ([id_ciudad], [id_distrito], [nom_distrito]) VALUES (127, 1285, N'SAN MARTIN DE PORRES')
GO
INSERT [PERSONA].[DIRECCION_DISTRITO] ([id_ciudad], [id_distrito], [nom_distrito]) VALUES (127, 1286, N'SAN MIGUEL')
GO
INSERT [PERSONA].[DIRECCION_DISTRITO] ([id_ciudad], [id_distrito], [nom_distrito]) VALUES (127, 1287, N'SANTA ANITA')
GO
INSERT [PERSONA].[DIRECCION_DISTRITO] ([id_ciudad], [id_distrito], [nom_distrito]) VALUES (127, 1288, N'SANTA MARIA DEL MAR')
GO
INSERT [PERSONA].[DIRECCION_DISTRITO] ([id_ciudad], [id_distrito], [nom_distrito]) VALUES (127, 1289, N'SANTA ROSA')
GO
INSERT [PERSONA].[DIRECCION_DISTRITO] ([id_ciudad], [id_distrito], [nom_distrito]) VALUES (127, 1290, N'SANTIAGO DE SURCO')
GO
INSERT [PERSONA].[DIRECCION_DISTRITO] ([id_ciudad], [id_distrito], [nom_distrito]) VALUES (127, 1291, N'SURQUILLO')
GO
INSERT [PERSONA].[DIRECCION_DISTRITO] ([id_ciudad], [id_distrito], [nom_distrito]) VALUES (127, 1292, N'VILLA EL SALVADOR')
GO
INSERT [PERSONA].[DIRECCION_DISTRITO] ([id_ciudad], [id_distrito], [nom_distrito]) VALUES (127, 1293, N'VILLA MARIA DEL TRIUNFO')
GO
INSERT [PERSONA].[DIRECCION_DISTRITO] ([id_ciudad], [id_distrito], [nom_distrito]) VALUES (128, 1294, N'BARRANCA')
GO
INSERT [PERSONA].[DIRECCION_DISTRITO] ([id_ciudad], [id_distrito], [nom_distrito]) VALUES (128, 1295, N'PARAMONGA')
GO
INSERT [PERSONA].[DIRECCION_DISTRITO] ([id_ciudad], [id_distrito], [nom_distrito]) VALUES (128, 1296, N'PATIVILCA')
GO
INSERT [PERSONA].[DIRECCION_DISTRITO] ([id_ciudad], [id_distrito], [nom_distrito]) VALUES (128, 1297, N'SUPE')
GO
INSERT [PERSONA].[DIRECCION_DISTRITO] ([id_ciudad], [id_distrito], [nom_distrito]) VALUES (128, 1298, N'SUPE PUERTO')
GO
INSERT [PERSONA].[DIRECCION_DISTRITO] ([id_ciudad], [id_distrito], [nom_distrito]) VALUES (129, 1299, N'CAJATAMBO')
GO
INSERT [PERSONA].[DIRECCION_DISTRITO] ([id_ciudad], [id_distrito], [nom_distrito]) VALUES (129, 1300, N'COPA')
GO
INSERT [PERSONA].[DIRECCION_DISTRITO] ([id_ciudad], [id_distrito], [nom_distrito]) VALUES (129, 1301, N'GORGOR')
GO
INSERT [PERSONA].[DIRECCION_DISTRITO] ([id_ciudad], [id_distrito], [nom_distrito]) VALUES (129, 1302, N'HUANCAPON')
GO
INSERT [PERSONA].[DIRECCION_DISTRITO] ([id_ciudad], [id_distrito], [nom_distrito]) VALUES (129, 1303, N'MANAS')
GO
INSERT [PERSONA].[DIRECCION_DISTRITO] ([id_ciudad], [id_distrito], [nom_distrito]) VALUES (130, 1304, N'CANTA')
GO
INSERT [PERSONA].[DIRECCION_DISTRITO] ([id_ciudad], [id_distrito], [nom_distrito]) VALUES (130, 1305, N'ARAHUAY')
GO
INSERT [PERSONA].[DIRECCION_DISTRITO] ([id_ciudad], [id_distrito], [nom_distrito]) VALUES (130, 1306, N'HUAMANTANGA')
GO
INSERT [PERSONA].[DIRECCION_DISTRITO] ([id_ciudad], [id_distrito], [nom_distrito]) VALUES (130, 1307, N'HUAROS')
GO
INSERT [PERSONA].[DIRECCION_DISTRITO] ([id_ciudad], [id_distrito], [nom_distrito]) VALUES (130, 1308, N'LACHAQUI')
GO
INSERT [PERSONA].[DIRECCION_DISTRITO] ([id_ciudad], [id_distrito], [nom_distrito]) VALUES (130, 1309, N'SAN BUENAVENTURA')
GO
INSERT [PERSONA].[DIRECCION_DISTRITO] ([id_ciudad], [id_distrito], [nom_distrito]) VALUES (130, 1310, N'SANTA ROSA DE QUIVES')
GO
INSERT [PERSONA].[DIRECCION_DISTRITO] ([id_ciudad], [id_distrito], [nom_distrito]) VALUES (131, 1311, N'SAN VICENTE DE CA&Ntilde;ETE')
GO
INSERT [PERSONA].[DIRECCION_DISTRITO] ([id_ciudad], [id_distrito], [nom_distrito]) VALUES (131, 1312, N'ASIA')
GO
INSERT [PERSONA].[DIRECCION_DISTRITO] ([id_ciudad], [id_distrito], [nom_distrito]) VALUES (131, 1313, N'CALANGO')
GO
INSERT [PERSONA].[DIRECCION_DISTRITO] ([id_ciudad], [id_distrito], [nom_distrito]) VALUES (131, 1314, N'CERRO AZUL')
GO
INSERT [PERSONA].[DIRECCION_DISTRITO] ([id_ciudad], [id_distrito], [nom_distrito]) VALUES (131, 1315, N'CHILCA')
GO
INSERT [PERSONA].[DIRECCION_DISTRITO] ([id_ciudad], [id_distrito], [nom_distrito]) VALUES (131, 1316, N'COAYLLO')
GO
INSERT [PERSONA].[DIRECCION_DISTRITO] ([id_ciudad], [id_distrito], [nom_distrito]) VALUES (131, 1317, N'IMPERIAL')
GO
INSERT [PERSONA].[DIRECCION_DISTRITO] ([id_ciudad], [id_distrito], [nom_distrito]) VALUES (131, 1318, N'LUNAHUANA')
GO
INSERT [PERSONA].[DIRECCION_DISTRITO] ([id_ciudad], [id_distrito], [nom_distrito]) VALUES (131, 1319, N'MALA')
GO
INSERT [PERSONA].[DIRECCION_DISTRITO] ([id_ciudad], [id_distrito], [nom_distrito]) VALUES (131, 1320, N'NUEVO IMPERIAL')
GO
INSERT [PERSONA].[DIRECCION_DISTRITO] ([id_ciudad], [id_distrito], [nom_distrito]) VALUES (131, 1321, N'PACARAN')
GO
INSERT [PERSONA].[DIRECCION_DISTRITO] ([id_ciudad], [id_distrito], [nom_distrito]) VALUES (131, 1322, N'QUILMANA')
GO
INSERT [PERSONA].[DIRECCION_DISTRITO] ([id_ciudad], [id_distrito], [nom_distrito]) VALUES (131, 1323, N'SAN ANTONIO')
GO
INSERT [PERSONA].[DIRECCION_DISTRITO] ([id_ciudad], [id_distrito], [nom_distrito]) VALUES (131, 1324, N'SAN LUIS')
GO
INSERT [PERSONA].[DIRECCION_DISTRITO] ([id_ciudad], [id_distrito], [nom_distrito]) VALUES (131, 1325, N'SANTA CRUZ DE FLORES')
GO
INSERT [PERSONA].[DIRECCION_DISTRITO] ([id_ciudad], [id_distrito], [nom_distrito]) VALUES (131, 1326, N'ZU&Ntilde;IGA')
GO
INSERT [PERSONA].[DIRECCION_DISTRITO] ([id_ciudad], [id_distrito], [nom_distrito]) VALUES (132, 1327, N'HUARAL')
GO
INSERT [PERSONA].[DIRECCION_DISTRITO] ([id_ciudad], [id_distrito], [nom_distrito]) VALUES (132, 1328, N'ATAVILLOS ALTO')
GO
INSERT [PERSONA].[DIRECCION_DISTRITO] ([id_ciudad], [id_distrito], [nom_distrito]) VALUES (132, 1329, N'ATAVILLOS BAJO')
GO
INSERT [PERSONA].[DIRECCION_DISTRITO] ([id_ciudad], [id_distrito], [nom_distrito]) VALUES (132, 1330, N'AUCALLAMA')
GO
INSERT [PERSONA].[DIRECCION_DISTRITO] ([id_ciudad], [id_distrito], [nom_distrito]) VALUES (132, 1331, N'CHANCAY')
GO
INSERT [PERSONA].[DIRECCION_DISTRITO] ([id_ciudad], [id_distrito], [nom_distrito]) VALUES (132, 1332, N'IHUARI')
GO
INSERT [PERSONA].[DIRECCION_DISTRITO] ([id_ciudad], [id_distrito], [nom_distrito]) VALUES (132, 1333, N'LAMPIAN')
GO
INSERT [PERSONA].[DIRECCION_DISTRITO] ([id_ciudad], [id_distrito], [nom_distrito]) VALUES (132, 1334, N'PACARAOS')
GO
INSERT [PERSONA].[DIRECCION_DISTRITO] ([id_ciudad], [id_distrito], [nom_distrito]) VALUES (132, 1335, N'SAN MIGUEL DE ACOS')
GO
INSERT [PERSONA].[DIRECCION_DISTRITO] ([id_ciudad], [id_distrito], [nom_distrito]) VALUES (132, 1336, N'SANTA CRUZ DE ANDAMARCA')
GO
INSERT [PERSONA].[DIRECCION_DISTRITO] ([id_ciudad], [id_distrito], [nom_distrito]) VALUES (132, 1337, N'SUMBILCA')
GO
INSERT [PERSONA].[DIRECCION_DISTRITO] ([id_ciudad], [id_distrito], [nom_distrito]) VALUES (132, 1338, N'VEINTISIETE DE NOVIEMBRE')
GO
INSERT [PERSONA].[DIRECCION_DISTRITO] ([id_ciudad], [id_distrito], [nom_distrito]) VALUES (133, 1339, N'MATUCANA')
GO
INSERT [PERSONA].[DIRECCION_DISTRITO] ([id_ciudad], [id_distrito], [nom_distrito]) VALUES (133, 1340, N'ANTIOQUIA')
GO
INSERT [PERSONA].[DIRECCION_DISTRITO] ([id_ciudad], [id_distrito], [nom_distrito]) VALUES (133, 1341, N'CALLAHUANCA')
GO
INSERT [PERSONA].[DIRECCION_DISTRITO] ([id_ciudad], [id_distrito], [nom_distrito]) VALUES (133, 1342, N'CARAMPOMA')
GO
INSERT [PERSONA].[DIRECCION_DISTRITO] ([id_ciudad], [id_distrito], [nom_distrito]) VALUES (133, 1343, N'CHICLA')
GO
INSERT [PERSONA].[DIRECCION_DISTRITO] ([id_ciudad], [id_distrito], [nom_distrito]) VALUES (133, 1344, N'CUENCA')
GO
INSERT [PERSONA].[DIRECCION_DISTRITO] ([id_ciudad], [id_distrito], [nom_distrito]) VALUES (133, 1345, N'HUACHUPAMPA')
GO
INSERT [PERSONA].[DIRECCION_DISTRITO] ([id_ciudad], [id_distrito], [nom_distrito]) VALUES (133, 1346, N'HUANZA')
GO
INSERT [PERSONA].[DIRECCION_DISTRITO] ([id_ciudad], [id_distrito], [nom_distrito]) VALUES (133, 1347, N'HUAROCHIRI')
GO
INSERT [PERSONA].[DIRECCION_DISTRITO] ([id_ciudad], [id_distrito], [nom_distrito]) VALUES (133, 1348, N'LAHUAYTAMBO')
GO
INSERT [PERSONA].[DIRECCION_DISTRITO] ([id_ciudad], [id_distrito], [nom_distrito]) VALUES (133, 1349, N'LANGA')
GO
INSERT [PERSONA].[DIRECCION_DISTRITO] ([id_ciudad], [id_distrito], [nom_distrito]) VALUES (133, 1350, N'LARAOS')
GO
INSERT [PERSONA].[DIRECCION_DISTRITO] ([id_ciudad], [id_distrito], [nom_distrito]) VALUES (133, 1351, N'MARIATANA')
GO
INSERT [PERSONA].[DIRECCION_DISTRITO] ([id_ciudad], [id_distrito], [nom_distrito]) VALUES (133, 1352, N'RICARDO PALMA')
GO
INSERT [PERSONA].[DIRECCION_DISTRITO] ([id_ciudad], [id_distrito], [nom_distrito]) VALUES (133, 1353, N'SAN ANDRES DE TUPICOCHA')
GO
INSERT [PERSONA].[DIRECCION_DISTRITO] ([id_ciudad], [id_distrito], [nom_distrito]) VALUES (133, 1354, N'SAN ANTONIO')
GO
INSERT [PERSONA].[DIRECCION_DISTRITO] ([id_ciudad], [id_distrito], [nom_distrito]) VALUES (133, 1355, N'SAN BARTOLOME')
GO
INSERT [PERSONA].[DIRECCION_DISTRITO] ([id_ciudad], [id_distrito], [nom_distrito]) VALUES (133, 1356, N'SAN DAMIAN')
GO
INSERT [PERSONA].[DIRECCION_DISTRITO] ([id_ciudad], [id_distrito], [nom_distrito]) VALUES (133, 1357, N'SAN JUAN DE IRIS')
GO
INSERT [PERSONA].[DIRECCION_DISTRITO] ([id_ciudad], [id_distrito], [nom_distrito]) VALUES (133, 1358, N'SAN JUAN DE TANTARANCHE')
GO
INSERT [PERSONA].[DIRECCION_DISTRITO] ([id_ciudad], [id_distrito], [nom_distrito]) VALUES (133, 1359, N'SAN LORENZO DE QUINTI')
GO
INSERT [PERSONA].[DIRECCION_DISTRITO] ([id_ciudad], [id_distrito], [nom_distrito]) VALUES (133, 1360, N'SAN MATEO')
GO
INSERT [PERSONA].[DIRECCION_DISTRITO] ([id_ciudad], [id_distrito], [nom_distrito]) VALUES (133, 1361, N'SAN MATEO DE OTAO')
GO
INSERT [PERSONA].[DIRECCION_DISTRITO] ([id_ciudad], [id_distrito], [nom_distrito]) VALUES (133, 1362, N'SAN PEDRO DE CASTA')
GO
INSERT [PERSONA].[DIRECCION_DISTRITO] ([id_ciudad], [id_distrito], [nom_distrito]) VALUES (133, 1363, N'SAN PEDRO DE HUANCAYRE')
GO
INSERT [PERSONA].[DIRECCION_DISTRITO] ([id_ciudad], [id_distrito], [nom_distrito]) VALUES (133, 1364, N'SANGALLAYA')
GO
INSERT [PERSONA].[DIRECCION_DISTRITO] ([id_ciudad], [id_distrito], [nom_distrito]) VALUES (133, 1365, N'SANTA CRUZ DE COCACHACRA')
GO
INSERT [PERSONA].[DIRECCION_DISTRITO] ([id_ciudad], [id_distrito], [nom_distrito]) VALUES (133, 1366, N'SANTA EULALIA')
GO
INSERT [PERSONA].[DIRECCION_DISTRITO] ([id_ciudad], [id_distrito], [nom_distrito]) VALUES (133, 1367, N'SANTIAGO DE ANCHUCAYA')
GO
INSERT [PERSONA].[DIRECCION_DISTRITO] ([id_ciudad], [id_distrito], [nom_distrito]) VALUES (133, 1368, N'SANTIAGO DE TUNA')
GO
INSERT [PERSONA].[DIRECCION_DISTRITO] ([id_ciudad], [id_distrito], [nom_distrito]) VALUES (133, 1369, N'SANTO DOMINGO DE LOS OLLEROS')
GO
INSERT [PERSONA].[DIRECCION_DISTRITO] ([id_ciudad], [id_distrito], [nom_distrito]) VALUES (133, 1370, N'SURCO')
GO
INSERT [PERSONA].[DIRECCION_DISTRITO] ([id_ciudad], [id_distrito], [nom_distrito]) VALUES (134, 1371, N'HUACHO')
GO
INSERT [PERSONA].[DIRECCION_DISTRITO] ([id_ciudad], [id_distrito], [nom_distrito]) VALUES (134, 1372, N'AMBAR')
GO
INSERT [PERSONA].[DIRECCION_DISTRITO] ([id_ciudad], [id_distrito], [nom_distrito]) VALUES (134, 1373, N'CALETA DE CARQUIN')
GO
INSERT [PERSONA].[DIRECCION_DISTRITO] ([id_ciudad], [id_distrito], [nom_distrito]) VALUES (134, 1374, N'CHECRAS')
GO
INSERT [PERSONA].[DIRECCION_DISTRITO] ([id_ciudad], [id_distrito], [nom_distrito]) VALUES (134, 1375, N'HUALMAY')
GO
INSERT [PERSONA].[DIRECCION_DISTRITO] ([id_ciudad], [id_distrito], [nom_distrito]) VALUES (134, 1376, N'HUAURA')
GO
INSERT [PERSONA].[DIRECCION_DISTRITO] ([id_ciudad], [id_distrito], [nom_distrito]) VALUES (134, 1377, N'LEONCIO PRADO')
GO
INSERT [PERSONA].[DIRECCION_DISTRITO] ([id_ciudad], [id_distrito], [nom_distrito]) VALUES (134, 1378, N'PACCHO')
GO
INSERT [PERSONA].[DIRECCION_DISTRITO] ([id_ciudad], [id_distrito], [nom_distrito]) VALUES (134, 1379, N'SANTA LEONOR')
GO
INSERT [PERSONA].[DIRECCION_DISTRITO] ([id_ciudad], [id_distrito], [nom_distrito]) VALUES (134, 1380, N'SANTA MARIA')
GO
INSERT [PERSONA].[DIRECCION_DISTRITO] ([id_ciudad], [id_distrito], [nom_distrito]) VALUES (134, 1381, N'SAYAN')
GO
INSERT [PERSONA].[DIRECCION_DISTRITO] ([id_ciudad], [id_distrito], [nom_distrito]) VALUES (134, 1382, N'VEGUETA')
GO
INSERT [PERSONA].[DIRECCION_DISTRITO] ([id_ciudad], [id_distrito], [nom_distrito]) VALUES (135, 1383, N'OYON')
GO
INSERT [PERSONA].[DIRECCION_DISTRITO] ([id_ciudad], [id_distrito], [nom_distrito]) VALUES (135, 1384, N'ANDAJES')
GO
INSERT [PERSONA].[DIRECCION_DISTRITO] ([id_ciudad], [id_distrito], [nom_distrito]) VALUES (135, 1385, N'CAUJUL')
GO
INSERT [PERSONA].[DIRECCION_DISTRITO] ([id_ciudad], [id_distrito], [nom_distrito]) VALUES (135, 1386, N'COCHAMARCA')
GO
INSERT [PERSONA].[DIRECCION_DISTRITO] ([id_ciudad], [id_distrito], [nom_distrito]) VALUES (135, 1387, N'NAVAN')
GO
INSERT [PERSONA].[DIRECCION_DISTRITO] ([id_ciudad], [id_distrito], [nom_distrito]) VALUES (135, 1388, N'PACHANGARA')
GO
INSERT [PERSONA].[DIRECCION_DISTRITO] ([id_ciudad], [id_distrito], [nom_distrito]) VALUES (136, 1389, N'YAUYOS')
GO
INSERT [PERSONA].[DIRECCION_DISTRITO] ([id_ciudad], [id_distrito], [nom_distrito]) VALUES (136, 1390, N'ALIS')
GO
INSERT [PERSONA].[DIRECCION_DISTRITO] ([id_ciudad], [id_distrito], [nom_distrito]) VALUES (136, 1391, N'AYAUCA')
GO
INSERT [PERSONA].[DIRECCION_DISTRITO] ([id_ciudad], [id_distrito], [nom_distrito]) VALUES (136, 1392, N'AYAVIRI')
GO
INSERT [PERSONA].[DIRECCION_DISTRITO] ([id_ciudad], [id_distrito], [nom_distrito]) VALUES (136, 1393, N'AZANGARO')
GO
INSERT [PERSONA].[DIRECCION_DISTRITO] ([id_ciudad], [id_distrito], [nom_distrito]) VALUES (136, 1394, N'CACRA')
GO
INSERT [PERSONA].[DIRECCION_DISTRITO] ([id_ciudad], [id_distrito], [nom_distrito]) VALUES (136, 1395, N'CARANIA')
GO
INSERT [PERSONA].[DIRECCION_DISTRITO] ([id_ciudad], [id_distrito], [nom_distrito]) VALUES (136, 1396, N'CATAHUASI')
GO
INSERT [PERSONA].[DIRECCION_DISTRITO] ([id_ciudad], [id_distrito], [nom_distrito]) VALUES (136, 1397, N'CHOCOS')
GO
INSERT [PERSONA].[DIRECCION_DISTRITO] ([id_ciudad], [id_distrito], [nom_distrito]) VALUES (136, 1398, N'COCHAS')
GO
INSERT [PERSONA].[DIRECCION_DISTRITO] ([id_ciudad], [id_distrito], [nom_distrito]) VALUES (136, 1399, N'COLONIA')
GO
INSERT [PERSONA].[DIRECCION_DISTRITO] ([id_ciudad], [id_distrito], [nom_distrito]) VALUES (136, 1400, N'HONGOS')
GO
INSERT [PERSONA].[DIRECCION_DISTRITO] ([id_ciudad], [id_distrito], [nom_distrito]) VALUES (136, 1401, N'HUAMPARA')
GO
INSERT [PERSONA].[DIRECCION_DISTRITO] ([id_ciudad], [id_distrito], [nom_distrito]) VALUES (136, 1402, N'HUANCAYA')
GO
INSERT [PERSONA].[DIRECCION_DISTRITO] ([id_ciudad], [id_distrito], [nom_distrito]) VALUES (136, 1403, N'HUANGASCAR')
GO
INSERT [PERSONA].[DIRECCION_DISTRITO] ([id_ciudad], [id_distrito], [nom_distrito]) VALUES (136, 1404, N'HUANTAN')
GO
INSERT [PERSONA].[DIRECCION_DISTRITO] ([id_ciudad], [id_distrito], [nom_distrito]) VALUES (136, 1405, N'HUA&Ntilde;EC')
GO
INSERT [PERSONA].[DIRECCION_DISTRITO] ([id_ciudad], [id_distrito], [nom_distrito]) VALUES (136, 1406, N'LARAOS')
GO
INSERT [PERSONA].[DIRECCION_DISTRITO] ([id_ciudad], [id_distrito], [nom_distrito]) VALUES (136, 1407, N'LINCHA')
GO
INSERT [PERSONA].[DIRECCION_DISTRITO] ([id_ciudad], [id_distrito], [nom_distrito]) VALUES (136, 1408, N'MADEAN')
GO
INSERT [PERSONA].[DIRECCION_DISTRITO] ([id_ciudad], [id_distrito], [nom_distrito]) VALUES (136, 1409, N'MIRAFLORES')
GO
INSERT [PERSONA].[DIRECCION_DISTRITO] ([id_ciudad], [id_distrito], [nom_distrito]) VALUES (136, 1410, N'OMAS')
GO
INSERT [PERSONA].[DIRECCION_DISTRITO] ([id_ciudad], [id_distrito], [nom_distrito]) VALUES (136, 1411, N'PUTINZA')
GO
INSERT [PERSONA].[DIRECCION_DISTRITO] ([id_ciudad], [id_distrito], [nom_distrito]) VALUES (136, 1412, N'QUINCHES')
GO
INSERT [PERSONA].[DIRECCION_DISTRITO] ([id_ciudad], [id_distrito], [nom_distrito]) VALUES (136, 1413, N'QUINOCAY')
GO
INSERT [PERSONA].[DIRECCION_DISTRITO] ([id_ciudad], [id_distrito], [nom_distrito]) VALUES (136, 1414, N'SAN JOAQUIN')
GO
INSERT [PERSONA].[DIRECCION_DISTRITO] ([id_ciudad], [id_distrito], [nom_distrito]) VALUES (136, 1415, N'SAN PEDRO DE PILAS')
GO
INSERT [PERSONA].[DIRECCION_DISTRITO] ([id_ciudad], [id_distrito], [nom_distrito]) VALUES (136, 1416, N'TANTA')
GO
INSERT [PERSONA].[DIRECCION_DISTRITO] ([id_ciudad], [id_distrito], [nom_distrito]) VALUES (136, 1417, N'TAURIPAMPA')
GO
INSERT [PERSONA].[DIRECCION_DISTRITO] ([id_ciudad], [id_distrito], [nom_distrito]) VALUES (136, 1418, N'TOMAS')
GO
INSERT [PERSONA].[DIRECCION_DISTRITO] ([id_ciudad], [id_distrito], [nom_distrito]) VALUES (136, 1419, N'TUPE')
GO
INSERT [PERSONA].[DIRECCION_DISTRITO] ([id_ciudad], [id_distrito], [nom_distrito]) VALUES (136, 1420, N'VI&Ntilde;AC')
GO
INSERT [PERSONA].[DIRECCION_DISTRITO] ([id_ciudad], [id_distrito], [nom_distrito]) VALUES (136, 1421, N'VITIS')
GO
INSERT [PERSONA].[DIRECCION_DISTRITO] ([id_ciudad], [id_distrito], [nom_distrito]) VALUES (137, 1422, N'IQUITOS')
GO
INSERT [PERSONA].[DIRECCION_DISTRITO] ([id_ciudad], [id_distrito], [nom_distrito]) VALUES (137, 1423, N'ALTO NANAY')
GO
INSERT [PERSONA].[DIRECCION_DISTRITO] ([id_ciudad], [id_distrito], [nom_distrito]) VALUES (137, 1424, N'FERNANDO LORES')
GO
INSERT [PERSONA].[DIRECCION_DISTRITO] ([id_ciudad], [id_distrito], [nom_distrito]) VALUES (137, 1425, N'INDIANA')
GO
INSERT [PERSONA].[DIRECCION_DISTRITO] ([id_ciudad], [id_distrito], [nom_distrito]) VALUES (137, 1426, N'LAS AMAZONAS')
GO
INSERT [PERSONA].[DIRECCION_DISTRITO] ([id_ciudad], [id_distrito], [nom_distrito]) VALUES (137, 1427, N'MAZAN')
GO
INSERT [PERSONA].[DIRECCION_DISTRITO] ([id_ciudad], [id_distrito], [nom_distrito]) VALUES (137, 1428, N'NAPO')
GO
INSERT [PERSONA].[DIRECCION_DISTRITO] ([id_ciudad], [id_distrito], [nom_distrito]) VALUES (137, 1429, N'PUNCHANA')
GO
INSERT [PERSONA].[DIRECCION_DISTRITO] ([id_ciudad], [id_distrito], [nom_distrito]) VALUES (137, 1430, N'PUTUMAYO')
GO
INSERT [PERSONA].[DIRECCION_DISTRITO] ([id_ciudad], [id_distrito], [nom_distrito]) VALUES (137, 1431, N'TORRES CAUSANA')
GO
INSERT [PERSONA].[DIRECCION_DISTRITO] ([id_ciudad], [id_distrito], [nom_distrito]) VALUES (137, 1432, N'BELEN')
GO
INSERT [PERSONA].[DIRECCION_DISTRITO] ([id_ciudad], [id_distrito], [nom_distrito]) VALUES (137, 1433, N'SAN JUAN BAUTISTA')
GO
INSERT [PERSONA].[DIRECCION_DISTRITO] ([id_ciudad], [id_distrito], [nom_distrito]) VALUES (138, 1434, N'YURIMAGUAS')
GO
INSERT [PERSONA].[DIRECCION_DISTRITO] ([id_ciudad], [id_distrito], [nom_distrito]) VALUES (138, 1435, N'BALSAPUERTO')
GO
INSERT [PERSONA].[DIRECCION_DISTRITO] ([id_ciudad], [id_distrito], [nom_distrito]) VALUES (138, 1436, N'BARRANCA')
GO
INSERT [PERSONA].[DIRECCION_DISTRITO] ([id_ciudad], [id_distrito], [nom_distrito]) VALUES (138, 1437, N'CAHUAPANAS')
GO
INSERT [PERSONA].[DIRECCION_DISTRITO] ([id_ciudad], [id_distrito], [nom_distrito]) VALUES (138, 1438, N'JEBEROS')
GO
INSERT [PERSONA].[DIRECCION_DISTRITO] ([id_ciudad], [id_distrito], [nom_distrito]) VALUES (138, 1439, N'LAGUNAS')
GO
INSERT [PERSONA].[DIRECCION_DISTRITO] ([id_ciudad], [id_distrito], [nom_distrito]) VALUES (138, 1440, N'MANSERICHE')
GO
INSERT [PERSONA].[DIRECCION_DISTRITO] ([id_ciudad], [id_distrito], [nom_distrito]) VALUES (138, 1441, N'MORONA')
GO
INSERT [PERSONA].[DIRECCION_DISTRITO] ([id_ciudad], [id_distrito], [nom_distrito]) VALUES (138, 1442, N'PASTAZA')
GO
INSERT [PERSONA].[DIRECCION_DISTRITO] ([id_ciudad], [id_distrito], [nom_distrito]) VALUES (138, 1443, N'SANTA CRUZ')
GO
INSERT [PERSONA].[DIRECCION_DISTRITO] ([id_ciudad], [id_distrito], [nom_distrito]) VALUES (138, 1444, N'TENIENTE CESAR LOPEZ ROJAS')
GO
INSERT [PERSONA].[DIRECCION_DISTRITO] ([id_ciudad], [id_distrito], [nom_distrito]) VALUES (139, 1445, N'NAUTA')
GO
INSERT [PERSONA].[DIRECCION_DISTRITO] ([id_ciudad], [id_distrito], [nom_distrito]) VALUES (139, 1446, N'PARINARI')
GO
INSERT [PERSONA].[DIRECCION_DISTRITO] ([id_ciudad], [id_distrito], [nom_distrito]) VALUES (139, 1447, N'TIGRE')
GO
INSERT [PERSONA].[DIRECCION_DISTRITO] ([id_ciudad], [id_distrito], [nom_distrito]) VALUES (139, 1448, N'TROMPETEROS')
GO
INSERT [PERSONA].[DIRECCION_DISTRITO] ([id_ciudad], [id_distrito], [nom_distrito]) VALUES (139, 1449, N'URARINAS')
GO
INSERT [PERSONA].[DIRECCION_DISTRITO] ([id_ciudad], [id_distrito], [nom_distrito]) VALUES (140, 1450, N'RAMON CASTILLA')
GO
INSERT [PERSONA].[DIRECCION_DISTRITO] ([id_ciudad], [id_distrito], [nom_distrito]) VALUES (140, 1451, N'PEBAS')
GO
INSERT [PERSONA].[DIRECCION_DISTRITO] ([id_ciudad], [id_distrito], [nom_distrito]) VALUES (140, 1452, N'YAVARI')
GO
INSERT [PERSONA].[DIRECCION_DISTRITO] ([id_ciudad], [id_distrito], [nom_distrito]) VALUES (140, 1453, N'SAN PABLO')
GO
INSERT [PERSONA].[DIRECCION_DISTRITO] ([id_ciudad], [id_distrito], [nom_distrito]) VALUES (141, 1454, N'REQUENA')
GO
INSERT [PERSONA].[DIRECCION_DISTRITO] ([id_ciudad], [id_distrito], [nom_distrito]) VALUES (141, 1455, N'ALTO TAPICHE')
GO
INSERT [PERSONA].[DIRECCION_DISTRITO] ([id_ciudad], [id_distrito], [nom_distrito]) VALUES (141, 1456, N'CAPELO')
GO
INSERT [PERSONA].[DIRECCION_DISTRITO] ([id_ciudad], [id_distrito], [nom_distrito]) VALUES (141, 1457, N'EMILIO SAN MARTIN')
GO
INSERT [PERSONA].[DIRECCION_DISTRITO] ([id_ciudad], [id_distrito], [nom_distrito]) VALUES (141, 1458, N'MAQUIA')
GO
INSERT [PERSONA].[DIRECCION_DISTRITO] ([id_ciudad], [id_distrito], [nom_distrito]) VALUES (141, 1459, N'PUINAHUA')
GO
INSERT [PERSONA].[DIRECCION_DISTRITO] ([id_ciudad], [id_distrito], [nom_distrito]) VALUES (141, 1460, N'SAQUENA')
GO
INSERT [PERSONA].[DIRECCION_DISTRITO] ([id_ciudad], [id_distrito], [nom_distrito]) VALUES (141, 1461, N'SOPLIN')
GO
INSERT [PERSONA].[DIRECCION_DISTRITO] ([id_ciudad], [id_distrito], [nom_distrito]) VALUES (141, 1462, N'TAPICHE')
GO
INSERT [PERSONA].[DIRECCION_DISTRITO] ([id_ciudad], [id_distrito], [nom_distrito]) VALUES (141, 1463, N'JENARO HERRERA')
GO
INSERT [PERSONA].[DIRECCION_DISTRITO] ([id_ciudad], [id_distrito], [nom_distrito]) VALUES (141, 1464, N'YAQUERANA')
GO
INSERT [PERSONA].[DIRECCION_DISTRITO] ([id_ciudad], [id_distrito], [nom_distrito]) VALUES (142, 1465, N'CONTAMANA')
GO
INSERT [PERSONA].[DIRECCION_DISTRITO] ([id_ciudad], [id_distrito], [nom_distrito]) VALUES (142, 1466, N'INAHUAYA')
GO
INSERT [PERSONA].[DIRECCION_DISTRITO] ([id_ciudad], [id_distrito], [nom_distrito]) VALUES (142, 1467, N'PADRE MARQUEZ')
GO
INSERT [PERSONA].[DIRECCION_DISTRITO] ([id_ciudad], [id_distrito], [nom_distrito]) VALUES (142, 1468, N'PAMPA HERMOSA')
GO
INSERT [PERSONA].[DIRECCION_DISTRITO] ([id_ciudad], [id_distrito], [nom_distrito]) VALUES (142, 1469, N'SARAYACU')
GO
INSERT [PERSONA].[DIRECCION_DISTRITO] ([id_ciudad], [id_distrito], [nom_distrito]) VALUES (142, 1470, N'VARGAS GUERRA')
GO
INSERT [PERSONA].[DIRECCION_DISTRITO] ([id_ciudad], [id_distrito], [nom_distrito]) VALUES (143, 1471, N'TAMBOPATA')
GO
INSERT [PERSONA].[DIRECCION_DISTRITO] ([id_ciudad], [id_distrito], [nom_distrito]) VALUES (143, 1472, N'INAMBARI')
GO
INSERT [PERSONA].[DIRECCION_DISTRITO] ([id_ciudad], [id_distrito], [nom_distrito]) VALUES (143, 1473, N'LAS PIEDRAS')
GO
INSERT [PERSONA].[DIRECCION_DISTRITO] ([id_ciudad], [id_distrito], [nom_distrito]) VALUES (143, 1474, N'LABERINTO')
GO
INSERT [PERSONA].[DIRECCION_DISTRITO] ([id_ciudad], [id_distrito], [nom_distrito]) VALUES (144, 1475, N'MANU')
GO
INSERT [PERSONA].[DIRECCION_DISTRITO] ([id_ciudad], [id_distrito], [nom_distrito]) VALUES (144, 1476, N'FITZCARRALD')
GO
INSERT [PERSONA].[DIRECCION_DISTRITO] ([id_ciudad], [id_distrito], [nom_distrito]) VALUES (144, 1477, N'MADRE DE DIOS')
GO
INSERT [PERSONA].[DIRECCION_DISTRITO] ([id_ciudad], [id_distrito], [nom_distrito]) VALUES (144, 1478, N'HUEPETUHE')
GO
INSERT [PERSONA].[DIRECCION_DISTRITO] ([id_ciudad], [id_distrito], [nom_distrito]) VALUES (145, 1479, N'I&Ntilde;APARI')
GO
INSERT [PERSONA].[DIRECCION_DISTRITO] ([id_ciudad], [id_distrito], [nom_distrito]) VALUES (145, 1480, N'IBERIA')
GO
INSERT [PERSONA].[DIRECCION_DISTRITO] ([id_ciudad], [id_distrito], [nom_distrito]) VALUES (145, 1481, N'TAHUAMANU')
GO
INSERT [PERSONA].[DIRECCION_DISTRITO] ([id_ciudad], [id_distrito], [nom_distrito]) VALUES (146, 1482, N'MOQUEGUA')
GO
INSERT [PERSONA].[DIRECCION_DISTRITO] ([id_ciudad], [id_distrito], [nom_distrito]) VALUES (146, 1483, N'CARUMAS')
GO
INSERT [PERSONA].[DIRECCION_DISTRITO] ([id_ciudad], [id_distrito], [nom_distrito]) VALUES (146, 1484, N'CUCHUMBAYA')
GO
INSERT [PERSONA].[DIRECCION_DISTRITO] ([id_ciudad], [id_distrito], [nom_distrito]) VALUES (146, 1485, N'SAMEGUA')
GO
INSERT [PERSONA].[DIRECCION_DISTRITO] ([id_ciudad], [id_distrito], [nom_distrito]) VALUES (146, 1486, N'SAN CRISTOBAL')
GO
INSERT [PERSONA].[DIRECCION_DISTRITO] ([id_ciudad], [id_distrito], [nom_distrito]) VALUES (146, 1487, N'TORATA')
GO
INSERT [PERSONA].[DIRECCION_DISTRITO] ([id_ciudad], [id_distrito], [nom_distrito]) VALUES (147, 1488, N'OMATE')
GO
INSERT [PERSONA].[DIRECCION_DISTRITO] ([id_ciudad], [id_distrito], [nom_distrito]) VALUES (147, 1489, N'CHOJATA')
GO
INSERT [PERSONA].[DIRECCION_DISTRITO] ([id_ciudad], [id_distrito], [nom_distrito]) VALUES (147, 1490, N'COALAQUE')
GO
INSERT [PERSONA].[DIRECCION_DISTRITO] ([id_ciudad], [id_distrito], [nom_distrito]) VALUES (147, 1491, N'ICHU&Ntilde;A')
GO
INSERT [PERSONA].[DIRECCION_DISTRITO] ([id_ciudad], [id_distrito], [nom_distrito]) VALUES (147, 1492, N'LA CAPILLA')
GO
INSERT [PERSONA].[DIRECCION_DISTRITO] ([id_ciudad], [id_distrito], [nom_distrito]) VALUES (147, 1493, N'LLOQUE')
GO
INSERT [PERSONA].[DIRECCION_DISTRITO] ([id_ciudad], [id_distrito], [nom_distrito]) VALUES (147, 1494, N'MATALAQUE')
GO
INSERT [PERSONA].[DIRECCION_DISTRITO] ([id_ciudad], [id_distrito], [nom_distrito]) VALUES (147, 1495, N'PUQUINA')
GO
INSERT [PERSONA].[DIRECCION_DISTRITO] ([id_ciudad], [id_distrito], [nom_distrito]) VALUES (147, 1496, N'QUINISTAQUILLAS')
GO
INSERT [PERSONA].[DIRECCION_DISTRITO] ([id_ciudad], [id_distrito], [nom_distrito]) VALUES (147, 1497, N'UBINAS')
GO
INSERT [PERSONA].[DIRECCION_DISTRITO] ([id_ciudad], [id_distrito], [nom_distrito]) VALUES (147, 1498, N'YUNGA')
GO
INSERT [PERSONA].[DIRECCION_DISTRITO] ([id_ciudad], [id_distrito], [nom_distrito]) VALUES (148, 1499, N'ILO')
GO
INSERT [PERSONA].[DIRECCION_DISTRITO] ([id_ciudad], [id_distrito], [nom_distrito]) VALUES (148, 1500, N'EL ALGARROBAL')
GO
INSERT [PERSONA].[DIRECCION_DISTRITO] ([id_ciudad], [id_distrito], [nom_distrito]) VALUES (148, 1501, N'PACOCHA')
GO
INSERT [PERSONA].[DIRECCION_DISTRITO] ([id_ciudad], [id_distrito], [nom_distrito]) VALUES (149, 1502, N'CHAUPIMARCA')
GO
INSERT [PERSONA].[DIRECCION_DISTRITO] ([id_ciudad], [id_distrito], [nom_distrito]) VALUES (149, 1503, N'HUACHON')
GO
INSERT [PERSONA].[DIRECCION_DISTRITO] ([id_ciudad], [id_distrito], [nom_distrito]) VALUES (149, 1504, N'HUARIACA')
GO
INSERT [PERSONA].[DIRECCION_DISTRITO] ([id_ciudad], [id_distrito], [nom_distrito]) VALUES (149, 1505, N'HUAYLLAY')
GO
INSERT [PERSONA].[DIRECCION_DISTRITO] ([id_ciudad], [id_distrito], [nom_distrito]) VALUES (149, 1506, N'NINACACA')
GO
INSERT [PERSONA].[DIRECCION_DISTRITO] ([id_ciudad], [id_distrito], [nom_distrito]) VALUES (149, 1507, N'PALLANCHACRA')
GO
INSERT [PERSONA].[DIRECCION_DISTRITO] ([id_ciudad], [id_distrito], [nom_distrito]) VALUES (149, 1508, N'PAUCARTAMBO')
GO
INSERT [PERSONA].[DIRECCION_DISTRITO] ([id_ciudad], [id_distrito], [nom_distrito]) VALUES (149, 1509, N'SAN FCO.DE ASIS DE YARUSYACAN')
GO
INSERT [PERSONA].[DIRECCION_DISTRITO] ([id_ciudad], [id_distrito], [nom_distrito]) VALUES (149, 1510, N'SIMON BOLIVAR')
GO
INSERT [PERSONA].[DIRECCION_DISTRITO] ([id_ciudad], [id_distrito], [nom_distrito]) VALUES (149, 1511, N'TICLACAYAN')
GO
INSERT [PERSONA].[DIRECCION_DISTRITO] ([id_ciudad], [id_distrito], [nom_distrito]) VALUES (149, 1512, N'TINYAHUARCO')
GO
INSERT [PERSONA].[DIRECCION_DISTRITO] ([id_ciudad], [id_distrito], [nom_distrito]) VALUES (149, 1513, N'VICCO')
GO
INSERT [PERSONA].[DIRECCION_DISTRITO] ([id_ciudad], [id_distrito], [nom_distrito]) VALUES (149, 1514, N'YANACANCHA')
GO
INSERT [PERSONA].[DIRECCION_DISTRITO] ([id_ciudad], [id_distrito], [nom_distrito]) VALUES (150, 1515, N'YANAHUANCA')
GO
INSERT [PERSONA].[DIRECCION_DISTRITO] ([id_ciudad], [id_distrito], [nom_distrito]) VALUES (150, 1516, N'CHACAYAN')
GO
INSERT [PERSONA].[DIRECCION_DISTRITO] ([id_ciudad], [id_distrito], [nom_distrito]) VALUES (150, 1517, N'GOYLLARISQUIZGA')
GO
INSERT [PERSONA].[DIRECCION_DISTRITO] ([id_ciudad], [id_distrito], [nom_distrito]) VALUES (150, 1518, N'PAUCAR')
GO
INSERT [PERSONA].[DIRECCION_DISTRITO] ([id_ciudad], [id_distrito], [nom_distrito]) VALUES (150, 1519, N'SAN PEDRO DE PILLAO')
GO
INSERT [PERSONA].[DIRECCION_DISTRITO] ([id_ciudad], [id_distrito], [nom_distrito]) VALUES (150, 1520, N'SANTA ANA DE TUSI')
GO
INSERT [PERSONA].[DIRECCION_DISTRITO] ([id_ciudad], [id_distrito], [nom_distrito]) VALUES (150, 1521, N'TAPUC')
GO
INSERT [PERSONA].[DIRECCION_DISTRITO] ([id_ciudad], [id_distrito], [nom_distrito]) VALUES (150, 1522, N'VILCABAMBA')
GO
INSERT [PERSONA].[DIRECCION_DISTRITO] ([id_ciudad], [id_distrito], [nom_distrito]) VALUES (151, 1523, N'OXAPAMPA')
GO
INSERT [PERSONA].[DIRECCION_DISTRITO] ([id_ciudad], [id_distrito], [nom_distrito]) VALUES (151, 1524, N'CHONTABAMBA')
GO
INSERT [PERSONA].[DIRECCION_DISTRITO] ([id_ciudad], [id_distrito], [nom_distrito]) VALUES (151, 1525, N'HUANCABAMBA')
GO
INSERT [PERSONA].[DIRECCION_DISTRITO] ([id_ciudad], [id_distrito], [nom_distrito]) VALUES (151, 1526, N'PALCAZU')
GO
INSERT [PERSONA].[DIRECCION_DISTRITO] ([id_ciudad], [id_distrito], [nom_distrito]) VALUES (151, 1527, N'POZUZO')
GO
INSERT [PERSONA].[DIRECCION_DISTRITO] ([id_ciudad], [id_distrito], [nom_distrito]) VALUES (151, 1528, N'PUERTO BERMUDEZ')
GO
INSERT [PERSONA].[DIRECCION_DISTRITO] ([id_ciudad], [id_distrito], [nom_distrito]) VALUES (151, 1529, N'VILLA RICA')
GO
INSERT [PERSONA].[DIRECCION_DISTRITO] ([id_ciudad], [id_distrito], [nom_distrito]) VALUES (152, 1530, N'PIURA')
GO
INSERT [PERSONA].[DIRECCION_DISTRITO] ([id_ciudad], [id_distrito], [nom_distrito]) VALUES (152, 1531, N'CASTILLA')
GO
INSERT [PERSONA].[DIRECCION_DISTRITO] ([id_ciudad], [id_distrito], [nom_distrito]) VALUES (152, 1532, N'CATACAOS')
GO
INSERT [PERSONA].[DIRECCION_DISTRITO] ([id_ciudad], [id_distrito], [nom_distrito]) VALUES (152, 1533, N'CURA MORI')
GO
INSERT [PERSONA].[DIRECCION_DISTRITO] ([id_ciudad], [id_distrito], [nom_distrito]) VALUES (152, 1534, N'EL TALLAN')
GO
INSERT [PERSONA].[DIRECCION_DISTRITO] ([id_ciudad], [id_distrito], [nom_distrito]) VALUES (152, 1535, N'LA ARENA')
GO
INSERT [PERSONA].[DIRECCION_DISTRITO] ([id_ciudad], [id_distrito], [nom_distrito]) VALUES (152, 1536, N'LA UNION')
GO
INSERT [PERSONA].[DIRECCION_DISTRITO] ([id_ciudad], [id_distrito], [nom_distrito]) VALUES (152, 1537, N'LAS LOMAS')
GO
INSERT [PERSONA].[DIRECCION_DISTRITO] ([id_ciudad], [id_distrito], [nom_distrito]) VALUES (152, 1538, N'TAMBO GRANDE')
GO
INSERT [PERSONA].[DIRECCION_DISTRITO] ([id_ciudad], [id_distrito], [nom_distrito]) VALUES (153, 1539, N'AYABACA')
GO
INSERT [PERSONA].[DIRECCION_DISTRITO] ([id_ciudad], [id_distrito], [nom_distrito]) VALUES (153, 1540, N'FRIAS')
GO
INSERT [PERSONA].[DIRECCION_DISTRITO] ([id_ciudad], [id_distrito], [nom_distrito]) VALUES (153, 1541, N'JILILI')
GO
INSERT [PERSONA].[DIRECCION_DISTRITO] ([id_ciudad], [id_distrito], [nom_distrito]) VALUES (153, 1542, N'LAGUNAS')
GO
INSERT [PERSONA].[DIRECCION_DISTRITO] ([id_ciudad], [id_distrito], [nom_distrito]) VALUES (153, 1543, N'MONTERO')
GO
INSERT [PERSONA].[DIRECCION_DISTRITO] ([id_ciudad], [id_distrito], [nom_distrito]) VALUES (153, 1544, N'PACAIPAMPA')
GO
INSERT [PERSONA].[DIRECCION_DISTRITO] ([id_ciudad], [id_distrito], [nom_distrito]) VALUES (153, 1545, N'PAIMAS')
GO
INSERT [PERSONA].[DIRECCION_DISTRITO] ([id_ciudad], [id_distrito], [nom_distrito]) VALUES (153, 1546, N'SAPILLICA')
GO
INSERT [PERSONA].[DIRECCION_DISTRITO] ([id_ciudad], [id_distrito], [nom_distrito]) VALUES (153, 1547, N'SICCHEZ')
GO
INSERT [PERSONA].[DIRECCION_DISTRITO] ([id_ciudad], [id_distrito], [nom_distrito]) VALUES (153, 1548, N'SUYO')
GO
INSERT [PERSONA].[DIRECCION_DISTRITO] ([id_ciudad], [id_distrito], [nom_distrito]) VALUES (154, 1549, N'HUANCABAMBA')
GO
INSERT [PERSONA].[DIRECCION_DISTRITO] ([id_ciudad], [id_distrito], [nom_distrito]) VALUES (154, 1550, N'CANCHAQUE')
GO
INSERT [PERSONA].[DIRECCION_DISTRITO] ([id_ciudad], [id_distrito], [nom_distrito]) VALUES (154, 1551, N'EL CARMEN DE LA FRONTERA')
GO
INSERT [PERSONA].[DIRECCION_DISTRITO] ([id_ciudad], [id_distrito], [nom_distrito]) VALUES (154, 1552, N'HUARMACA')
GO
INSERT [PERSONA].[DIRECCION_DISTRITO] ([id_ciudad], [id_distrito], [nom_distrito]) VALUES (154, 1553, N'LALAQUIZ')
GO
INSERT [PERSONA].[DIRECCION_DISTRITO] ([id_ciudad], [id_distrito], [nom_distrito]) VALUES (154, 1554, N'SAN MIGUEL DE EL FAIQUE')
GO
INSERT [PERSONA].[DIRECCION_DISTRITO] ([id_ciudad], [id_distrito], [nom_distrito]) VALUES (154, 1555, N'SONDOR')
GO
INSERT [PERSONA].[DIRECCION_DISTRITO] ([id_ciudad], [id_distrito], [nom_distrito]) VALUES (154, 1556, N'SONDORILLO')
GO
INSERT [PERSONA].[DIRECCION_DISTRITO] ([id_ciudad], [id_distrito], [nom_distrito]) VALUES (155, 1557, N'CHULUCANAS')
GO
INSERT [PERSONA].[DIRECCION_DISTRITO] ([id_ciudad], [id_distrito], [nom_distrito]) VALUES (155, 1558, N'BUENOS AIRES')
GO
INSERT [PERSONA].[DIRECCION_DISTRITO] ([id_ciudad], [id_distrito], [nom_distrito]) VALUES (155, 1559, N'CHALACO')
GO
INSERT [PERSONA].[DIRECCION_DISTRITO] ([id_ciudad], [id_distrito], [nom_distrito]) VALUES (155, 1560, N'LA MATANZA')
GO
INSERT [PERSONA].[DIRECCION_DISTRITO] ([id_ciudad], [id_distrito], [nom_distrito]) VALUES (155, 1561, N'MORROPON')
GO
INSERT [PERSONA].[DIRECCION_DISTRITO] ([id_ciudad], [id_distrito], [nom_distrito]) VALUES (155, 1562, N'SALITRAL')
GO
INSERT [PERSONA].[DIRECCION_DISTRITO] ([id_ciudad], [id_distrito], [nom_distrito]) VALUES (155, 1563, N'SAN JUAN DE BIGOTE')
GO
INSERT [PERSONA].[DIRECCION_DISTRITO] ([id_ciudad], [id_distrito], [nom_distrito]) VALUES (155, 1564, N'SANTA CATALINA DE MOSSA')
GO
INSERT [PERSONA].[DIRECCION_DISTRITO] ([id_ciudad], [id_distrito], [nom_distrito]) VALUES (155, 1565, N'SANTO DOMINGO')
GO
INSERT [PERSONA].[DIRECCION_DISTRITO] ([id_ciudad], [id_distrito], [nom_distrito]) VALUES (155, 1566, N'YAMANGO')
GO
INSERT [PERSONA].[DIRECCION_DISTRITO] ([id_ciudad], [id_distrito], [nom_distrito]) VALUES (156, 1567, N'PAITA')
GO
INSERT [PERSONA].[DIRECCION_DISTRITO] ([id_ciudad], [id_distrito], [nom_distrito]) VALUES (156, 1568, N'AMOTAPE')
GO
INSERT [PERSONA].[DIRECCION_DISTRITO] ([id_ciudad], [id_distrito], [nom_distrito]) VALUES (156, 1569, N'ARENAL')
GO
INSERT [PERSONA].[DIRECCION_DISTRITO] ([id_ciudad], [id_distrito], [nom_distrito]) VALUES (156, 1570, N'COLAN')
GO
INSERT [PERSONA].[DIRECCION_DISTRITO] ([id_ciudad], [id_distrito], [nom_distrito]) VALUES (156, 1571, N'LA HUACA')
GO
INSERT [PERSONA].[DIRECCION_DISTRITO] ([id_ciudad], [id_distrito], [nom_distrito]) VALUES (156, 1572, N'TAMARINDO')
GO
INSERT [PERSONA].[DIRECCION_DISTRITO] ([id_ciudad], [id_distrito], [nom_distrito]) VALUES (156, 1573, N'VICHAYAL')
GO
INSERT [PERSONA].[DIRECCION_DISTRITO] ([id_ciudad], [id_distrito], [nom_distrito]) VALUES (157, 1574, N'SULLANA')
GO
INSERT [PERSONA].[DIRECCION_DISTRITO] ([id_ciudad], [id_distrito], [nom_distrito]) VALUES (157, 1575, N'BELLAVISTA')
GO
INSERT [PERSONA].[DIRECCION_DISTRITO] ([id_ciudad], [id_distrito], [nom_distrito]) VALUES (157, 1576, N'IGNACIO ESCUDERO')
GO
INSERT [PERSONA].[DIRECCION_DISTRITO] ([id_ciudad], [id_distrito], [nom_distrito]) VALUES (157, 1577, N'LANCONES')
GO
INSERT [PERSONA].[DIRECCION_DISTRITO] ([id_ciudad], [id_distrito], [nom_distrito]) VALUES (157, 1578, N'MARCAVELICA')
GO
INSERT [PERSONA].[DIRECCION_DISTRITO] ([id_ciudad], [id_distrito], [nom_distrito]) VALUES (157, 1579, N'MIGUEL CHECA')
GO
INSERT [PERSONA].[DIRECCION_DISTRITO] ([id_ciudad], [id_distrito], [nom_distrito]) VALUES (157, 1580, N'QUERECOTILLO')
GO
INSERT [PERSONA].[DIRECCION_DISTRITO] ([id_ciudad], [id_distrito], [nom_distrito]) VALUES (157, 1581, N'SALITRAL')
GO
INSERT [PERSONA].[DIRECCION_DISTRITO] ([id_ciudad], [id_distrito], [nom_distrito]) VALUES (158, 1582, N'PARI&Ntilde;AS')
GO
INSERT [PERSONA].[DIRECCION_DISTRITO] ([id_ciudad], [id_distrito], [nom_distrito]) VALUES (158, 1583, N'EL ALTO')
GO
INSERT [PERSONA].[DIRECCION_DISTRITO] ([id_ciudad], [id_distrito], [nom_distrito]) VALUES (158, 1584, N'LA BREA')
GO
INSERT [PERSONA].[DIRECCION_DISTRITO] ([id_ciudad], [id_distrito], [nom_distrito]) VALUES (158, 1585, N'LOBITOS')
GO
INSERT [PERSONA].[DIRECCION_DISTRITO] ([id_ciudad], [id_distrito], [nom_distrito]) VALUES (158, 1586, N'LOS ORGANOS')
GO
INSERT [PERSONA].[DIRECCION_DISTRITO] ([id_ciudad], [id_distrito], [nom_distrito]) VALUES (158, 1587, N'MANCORA')
GO
INSERT [PERSONA].[DIRECCION_DISTRITO] ([id_ciudad], [id_distrito], [nom_distrito]) VALUES (159, 1588, N'SECHURA')
GO
INSERT [PERSONA].[DIRECCION_DISTRITO] ([id_ciudad], [id_distrito], [nom_distrito]) VALUES (159, 1589, N'BELLAVISTA DE LA UNION')
GO
INSERT [PERSONA].[DIRECCION_DISTRITO] ([id_ciudad], [id_distrito], [nom_distrito]) VALUES (159, 1590, N'BERNAL')
GO
INSERT [PERSONA].[DIRECCION_DISTRITO] ([id_ciudad], [id_distrito], [nom_distrito]) VALUES (159, 1591, N'CRISTO NOS VALGA')
GO
INSERT [PERSONA].[DIRECCION_DISTRITO] ([id_ciudad], [id_distrito], [nom_distrito]) VALUES (159, 1592, N'VICE')
GO
INSERT [PERSONA].[DIRECCION_DISTRITO] ([id_ciudad], [id_distrito], [nom_distrito]) VALUES (159, 1593, N'RINCONADA LLICUAR')
GO
INSERT [PERSONA].[DIRECCION_DISTRITO] ([id_ciudad], [id_distrito], [nom_distrito]) VALUES (160, 1594, N'PUNO')
GO
INSERT [PERSONA].[DIRECCION_DISTRITO] ([id_ciudad], [id_distrito], [nom_distrito]) VALUES (160, 1595, N'ACORA')
GO
INSERT [PERSONA].[DIRECCION_DISTRITO] ([id_ciudad], [id_distrito], [nom_distrito]) VALUES (160, 1596, N'AMANTANI')
GO
INSERT [PERSONA].[DIRECCION_DISTRITO] ([id_ciudad], [id_distrito], [nom_distrito]) VALUES (160, 1597, N'ATUNCOLLA')
GO
INSERT [PERSONA].[DIRECCION_DISTRITO] ([id_ciudad], [id_distrito], [nom_distrito]) VALUES (160, 1598, N'CAPACHICA')
GO
INSERT [PERSONA].[DIRECCION_DISTRITO] ([id_ciudad], [id_distrito], [nom_distrito]) VALUES (160, 1599, N'CHUCUITO')
GO
INSERT [PERSONA].[DIRECCION_DISTRITO] ([id_ciudad], [id_distrito], [nom_distrito]) VALUES (160, 1600, N'COATA')
GO
INSERT [PERSONA].[DIRECCION_DISTRITO] ([id_ciudad], [id_distrito], [nom_distrito]) VALUES (160, 1601, N'HUATA')
GO
INSERT [PERSONA].[DIRECCION_DISTRITO] ([id_ciudad], [id_distrito], [nom_distrito]) VALUES (160, 1602, N'MA&Ntilde;AZO')
GO
INSERT [PERSONA].[DIRECCION_DISTRITO] ([id_ciudad], [id_distrito], [nom_distrito]) VALUES (160, 1603, N'PAUCARCOLLA')
GO
INSERT [PERSONA].[DIRECCION_DISTRITO] ([id_ciudad], [id_distrito], [nom_distrito]) VALUES (160, 1604, N'PICHACANI')
GO
INSERT [PERSONA].[DIRECCION_DISTRITO] ([id_ciudad], [id_distrito], [nom_distrito]) VALUES (160, 1605, N'PLATERIA')
GO
INSERT [PERSONA].[DIRECCION_DISTRITO] ([id_ciudad], [id_distrito], [nom_distrito]) VALUES (160, 1606, N'SAN ANTONIO')
GO
INSERT [PERSONA].[DIRECCION_DISTRITO] ([id_ciudad], [id_distrito], [nom_distrito]) VALUES (160, 1607, N'TIQUILLACA')
GO
INSERT [PERSONA].[DIRECCION_DISTRITO] ([id_ciudad], [id_distrito], [nom_distrito]) VALUES (160, 1608, N'VILQUE')
GO
INSERT [PERSONA].[DIRECCION_DISTRITO] ([id_ciudad], [id_distrito], [nom_distrito]) VALUES (161, 1609, N'AZANGARO')
GO
INSERT [PERSONA].[DIRECCION_DISTRITO] ([id_ciudad], [id_distrito], [nom_distrito]) VALUES (161, 1610, N'ACHAYA')
GO
INSERT [PERSONA].[DIRECCION_DISTRITO] ([id_ciudad], [id_distrito], [nom_distrito]) VALUES (161, 1611, N'ARAPA')
GO
INSERT [PERSONA].[DIRECCION_DISTRITO] ([id_ciudad], [id_distrito], [nom_distrito]) VALUES (161, 1612, N'ASILLO')
GO
INSERT [PERSONA].[DIRECCION_DISTRITO] ([id_ciudad], [id_distrito], [nom_distrito]) VALUES (161, 1613, N'CAMINACA')
GO
INSERT [PERSONA].[DIRECCION_DISTRITO] ([id_ciudad], [id_distrito], [nom_distrito]) VALUES (161, 1614, N'CHUPA')
GO
INSERT [PERSONA].[DIRECCION_DISTRITO] ([id_ciudad], [id_distrito], [nom_distrito]) VALUES (161, 1615, N'JOSE DOMINGO CHOQUEHUANCA')
GO
INSERT [PERSONA].[DIRECCION_DISTRITO] ([id_ciudad], [id_distrito], [nom_distrito]) VALUES (161, 1616, N'MU&Ntilde;ANI')
GO
INSERT [PERSONA].[DIRECCION_DISTRITO] ([id_ciudad], [id_distrito], [nom_distrito]) VALUES (161, 1617, N'POTONI')
GO
INSERT [PERSONA].[DIRECCION_DISTRITO] ([id_ciudad], [id_distrito], [nom_distrito]) VALUES (161, 1618, N'SAMAN')
GO
INSERT [PERSONA].[DIRECCION_DISTRITO] ([id_ciudad], [id_distrito], [nom_distrito]) VALUES (161, 1619, N'SAN ANTON')
GO
INSERT [PERSONA].[DIRECCION_DISTRITO] ([id_ciudad], [id_distrito], [nom_distrito]) VALUES (161, 1620, N'SAN JOSE')
GO
INSERT [PERSONA].[DIRECCION_DISTRITO] ([id_ciudad], [id_distrito], [nom_distrito]) VALUES (161, 1621, N'SAN JUAN DE SALINAS')
GO
INSERT [PERSONA].[DIRECCION_DISTRITO] ([id_ciudad], [id_distrito], [nom_distrito]) VALUES (161, 1622, N'SANTIAGO DE PUPUJA')
GO
INSERT [PERSONA].[DIRECCION_DISTRITO] ([id_ciudad], [id_distrito], [nom_distrito]) VALUES (161, 1623, N'TIRAPATA')
GO
INSERT [PERSONA].[DIRECCION_DISTRITO] ([id_ciudad], [id_distrito], [nom_distrito]) VALUES (162, 1624, N'MACUSANI')
GO
INSERT [PERSONA].[DIRECCION_DISTRITO] ([id_ciudad], [id_distrito], [nom_distrito]) VALUES (162, 1625, N'AJOYANI')
GO
INSERT [PERSONA].[DIRECCION_DISTRITO] ([id_ciudad], [id_distrito], [nom_distrito]) VALUES (162, 1626, N'AYAPATA')
GO
INSERT [PERSONA].[DIRECCION_DISTRITO] ([id_ciudad], [id_distrito], [nom_distrito]) VALUES (162, 1627, N'COASA')
GO
INSERT [PERSONA].[DIRECCION_DISTRITO] ([id_ciudad], [id_distrito], [nom_distrito]) VALUES (162, 1628, N'CORANI')
GO
INSERT [PERSONA].[DIRECCION_DISTRITO] ([id_ciudad], [id_distrito], [nom_distrito]) VALUES (162, 1629, N'CRUCERO')
GO
INSERT [PERSONA].[DIRECCION_DISTRITO] ([id_ciudad], [id_distrito], [nom_distrito]) VALUES (162, 1630, N'ITUATA')
GO
INSERT [PERSONA].[DIRECCION_DISTRITO] ([id_ciudad], [id_distrito], [nom_distrito]) VALUES (162, 1631, N'OLLACHEA')
GO
INSERT [PERSONA].[DIRECCION_DISTRITO] ([id_ciudad], [id_distrito], [nom_distrito]) VALUES (162, 1632, N'SAN GABAN')
GO
INSERT [PERSONA].[DIRECCION_DISTRITO] ([id_ciudad], [id_distrito], [nom_distrito]) VALUES (162, 1633, N'USICAYOS')
GO
INSERT [PERSONA].[DIRECCION_DISTRITO] ([id_ciudad], [id_distrito], [nom_distrito]) VALUES (163, 1634, N'JULI')
GO
INSERT [PERSONA].[DIRECCION_DISTRITO] ([id_ciudad], [id_distrito], [nom_distrito]) VALUES (163, 1635, N'DESAGUADERO')
GO
INSERT [PERSONA].[DIRECCION_DISTRITO] ([id_ciudad], [id_distrito], [nom_distrito]) VALUES (163, 1636, N'HUACULLANI')
GO
INSERT [PERSONA].[DIRECCION_DISTRITO] ([id_ciudad], [id_distrito], [nom_distrito]) VALUES (163, 1637, N'KELLUYO')
GO
INSERT [PERSONA].[DIRECCION_DISTRITO] ([id_ciudad], [id_distrito], [nom_distrito]) VALUES (163, 1638, N'PISACOMA')
GO
INSERT [PERSONA].[DIRECCION_DISTRITO] ([id_ciudad], [id_distrito], [nom_distrito]) VALUES (163, 1639, N'POMATA')
GO
INSERT [PERSONA].[DIRECCION_DISTRITO] ([id_ciudad], [id_distrito], [nom_distrito]) VALUES (163, 1640, N'ZEPITA')
GO
INSERT [PERSONA].[DIRECCION_DISTRITO] ([id_ciudad], [id_distrito], [nom_distrito]) VALUES (164, 1641, N'ILAVE')
GO
INSERT [PERSONA].[DIRECCION_DISTRITO] ([id_ciudad], [id_distrito], [nom_distrito]) VALUES (164, 1642, N'CAPAZO')
GO
INSERT [PERSONA].[DIRECCION_DISTRITO] ([id_ciudad], [id_distrito], [nom_distrito]) VALUES (164, 1643, N'PILCUYO')
GO
INSERT [PERSONA].[DIRECCION_DISTRITO] ([id_ciudad], [id_distrito], [nom_distrito]) VALUES (164, 1644, N'SANTA ROSA')
GO
INSERT [PERSONA].[DIRECCION_DISTRITO] ([id_ciudad], [id_distrito], [nom_distrito]) VALUES (164, 1645, N'CONDURIRI')
GO
INSERT [PERSONA].[DIRECCION_DISTRITO] ([id_ciudad], [id_distrito], [nom_distrito]) VALUES (165, 1646, N'HUANCANE')
GO
INSERT [PERSONA].[DIRECCION_DISTRITO] ([id_ciudad], [id_distrito], [nom_distrito]) VALUES (165, 1647, N'COJATA')
GO
INSERT [PERSONA].[DIRECCION_DISTRITO] ([id_ciudad], [id_distrito], [nom_distrito]) VALUES (165, 1648, N'HUATASANI')
GO
INSERT [PERSONA].[DIRECCION_DISTRITO] ([id_ciudad], [id_distrito], [nom_distrito]) VALUES (165, 1649, N'INCHUPALLA')
GO
INSERT [PERSONA].[DIRECCION_DISTRITO] ([id_ciudad], [id_distrito], [nom_distrito]) VALUES (165, 1650, N'PUSI')
GO
INSERT [PERSONA].[DIRECCION_DISTRITO] ([id_ciudad], [id_distrito], [nom_distrito]) VALUES (165, 1651, N'ROSASPATA')
GO
INSERT [PERSONA].[DIRECCION_DISTRITO] ([id_ciudad], [id_distrito], [nom_distrito]) VALUES (165, 1652, N'TARACO')
GO
INSERT [PERSONA].[DIRECCION_DISTRITO] ([id_ciudad], [id_distrito], [nom_distrito]) VALUES (165, 1653, N'VILQUE CHICO')
GO
INSERT [PERSONA].[DIRECCION_DISTRITO] ([id_ciudad], [id_distrito], [nom_distrito]) VALUES (166, 1654, N'LAMPA')
GO
INSERT [PERSONA].[DIRECCION_DISTRITO] ([id_ciudad], [id_distrito], [nom_distrito]) VALUES (166, 1655, N'CABANILLA')
GO
INSERT [PERSONA].[DIRECCION_DISTRITO] ([id_ciudad], [id_distrito], [nom_distrito]) VALUES (166, 1656, N'CALAPUJA')
GO
INSERT [PERSONA].[DIRECCION_DISTRITO] ([id_ciudad], [id_distrito], [nom_distrito]) VALUES (166, 1657, N'NICASIO')
GO
INSERT [PERSONA].[DIRECCION_DISTRITO] ([id_ciudad], [id_distrito], [nom_distrito]) VALUES (166, 1658, N'OCUVIRI')
GO
INSERT [PERSONA].[DIRECCION_DISTRITO] ([id_ciudad], [id_distrito], [nom_distrito]) VALUES (166, 1659, N'PALCA')
GO
INSERT [PERSONA].[DIRECCION_DISTRITO] ([id_ciudad], [id_distrito], [nom_distrito]) VALUES (166, 1660, N'PARATIA')
GO
INSERT [PERSONA].[DIRECCION_DISTRITO] ([id_ciudad], [id_distrito], [nom_distrito]) VALUES (166, 1661, N'PUCARA')
GO
INSERT [PERSONA].[DIRECCION_DISTRITO] ([id_ciudad], [id_distrito], [nom_distrito]) VALUES (166, 1662, N'SANTA LUCIA')
GO
INSERT [PERSONA].[DIRECCION_DISTRITO] ([id_ciudad], [id_distrito], [nom_distrito]) VALUES (166, 1663, N'VILAVILA')
GO
INSERT [PERSONA].[DIRECCION_DISTRITO] ([id_ciudad], [id_distrito], [nom_distrito]) VALUES (167, 1664, N'AYAVIRI')
GO
INSERT [PERSONA].[DIRECCION_DISTRITO] ([id_ciudad], [id_distrito], [nom_distrito]) VALUES (167, 1665, N'ANTAUTA')
GO
INSERT [PERSONA].[DIRECCION_DISTRITO] ([id_ciudad], [id_distrito], [nom_distrito]) VALUES (167, 1666, N'CUPI')
GO
INSERT [PERSONA].[DIRECCION_DISTRITO] ([id_ciudad], [id_distrito], [nom_distrito]) VALUES (167, 1667, N'LLALLI')
GO
INSERT [PERSONA].[DIRECCION_DISTRITO] ([id_ciudad], [id_distrito], [nom_distrito]) VALUES (167, 1668, N'MACARI')
GO
INSERT [PERSONA].[DIRECCION_DISTRITO] ([id_ciudad], [id_distrito], [nom_distrito]) VALUES (167, 1669, N'NU&Ntilde;OA')
GO
INSERT [PERSONA].[DIRECCION_DISTRITO] ([id_ciudad], [id_distrito], [nom_distrito]) VALUES (167, 1670, N'ORURILLO')
GO
INSERT [PERSONA].[DIRECCION_DISTRITO] ([id_ciudad], [id_distrito], [nom_distrito]) VALUES (167, 1671, N'SANTA ROSA')
GO
INSERT [PERSONA].[DIRECCION_DISTRITO] ([id_ciudad], [id_distrito], [nom_distrito]) VALUES (167, 1672, N'UMACHIRI')
GO
INSERT [PERSONA].[DIRECCION_DISTRITO] ([id_ciudad], [id_distrito], [nom_distrito]) VALUES (168, 1673, N'MOHO')
GO
INSERT [PERSONA].[DIRECCION_DISTRITO] ([id_ciudad], [id_distrito], [nom_distrito]) VALUES (168, 1674, N'CONIMA')
GO
INSERT [PERSONA].[DIRECCION_DISTRITO] ([id_ciudad], [id_distrito], [nom_distrito]) VALUES (168, 1675, N'HUAYRAPATA')
GO
INSERT [PERSONA].[DIRECCION_DISTRITO] ([id_ciudad], [id_distrito], [nom_distrito]) VALUES (168, 1676, N'TILALI')
GO
INSERT [PERSONA].[DIRECCION_DISTRITO] ([id_ciudad], [id_distrito], [nom_distrito]) VALUES (169, 1677, N'PUTINA')
GO
INSERT [PERSONA].[DIRECCION_DISTRITO] ([id_ciudad], [id_distrito], [nom_distrito]) VALUES (169, 1678, N'ANANEA')
GO
INSERT [PERSONA].[DIRECCION_DISTRITO] ([id_ciudad], [id_distrito], [nom_distrito]) VALUES (169, 1679, N'PEDRO VILCA APAZA')
GO
INSERT [PERSONA].[DIRECCION_DISTRITO] ([id_ciudad], [id_distrito], [nom_distrito]) VALUES (169, 1680, N'QUILCAPUNCU')
GO
INSERT [PERSONA].[DIRECCION_DISTRITO] ([id_ciudad], [id_distrito], [nom_distrito]) VALUES (169, 1681, N'SINA')
GO
INSERT [PERSONA].[DIRECCION_DISTRITO] ([id_ciudad], [id_distrito], [nom_distrito]) VALUES (170, 1682, N'JULIACA')
GO
INSERT [PERSONA].[DIRECCION_DISTRITO] ([id_ciudad], [id_distrito], [nom_distrito]) VALUES (170, 1683, N'CABANA')
GO
INSERT [PERSONA].[DIRECCION_DISTRITO] ([id_ciudad], [id_distrito], [nom_distrito]) VALUES (170, 1684, N'CABANILLAS')
GO
INSERT [PERSONA].[DIRECCION_DISTRITO] ([id_ciudad], [id_distrito], [nom_distrito]) VALUES (170, 1685, N'CARACOTO')
GO
INSERT [PERSONA].[DIRECCION_DISTRITO] ([id_ciudad], [id_distrito], [nom_distrito]) VALUES (171, 1686, N'SANDIA')
GO
INSERT [PERSONA].[DIRECCION_DISTRITO] ([id_ciudad], [id_distrito], [nom_distrito]) VALUES (171, 1687, N'CUYOCUYO')
GO
INSERT [PERSONA].[DIRECCION_DISTRITO] ([id_ciudad], [id_distrito], [nom_distrito]) VALUES (171, 1688, N'LIMBANI')
GO
INSERT [PERSONA].[DIRECCION_DISTRITO] ([id_ciudad], [id_distrito], [nom_distrito]) VALUES (171, 1689, N'PATAMBUCO')
GO
INSERT [PERSONA].[DIRECCION_DISTRITO] ([id_ciudad], [id_distrito], [nom_distrito]) VALUES (171, 1690, N'PHARA')
GO
INSERT [PERSONA].[DIRECCION_DISTRITO] ([id_ciudad], [id_distrito], [nom_distrito]) VALUES (171, 1691, N'QUIACA')
GO
INSERT [PERSONA].[DIRECCION_DISTRITO] ([id_ciudad], [id_distrito], [nom_distrito]) VALUES (171, 1692, N'SAN JUAN DEL ORO')
GO
INSERT [PERSONA].[DIRECCION_DISTRITO] ([id_ciudad], [id_distrito], [nom_distrito]) VALUES (171, 1693, N'YANAHUAYA')
GO
INSERT [PERSONA].[DIRECCION_DISTRITO] ([id_ciudad], [id_distrito], [nom_distrito]) VALUES (171, 1694, N'ALTO INAMBARI')
GO
INSERT [PERSONA].[DIRECCION_DISTRITO] ([id_ciudad], [id_distrito], [nom_distrito]) VALUES (172, 1695, N'YUNGUYO')
GO
INSERT [PERSONA].[DIRECCION_DISTRITO] ([id_ciudad], [id_distrito], [nom_distrito]) VALUES (172, 1696, N'ANAPIA')
GO
INSERT [PERSONA].[DIRECCION_DISTRITO] ([id_ciudad], [id_distrito], [nom_distrito]) VALUES (172, 1697, N'COPANI')
GO
INSERT [PERSONA].[DIRECCION_DISTRITO] ([id_ciudad], [id_distrito], [nom_distrito]) VALUES (172, 1698, N'CUTURAPI')
GO
INSERT [PERSONA].[DIRECCION_DISTRITO] ([id_ciudad], [id_distrito], [nom_distrito]) VALUES (172, 1699, N'OLLARAYA')
GO
INSERT [PERSONA].[DIRECCION_DISTRITO] ([id_ciudad], [id_distrito], [nom_distrito]) VALUES (172, 1700, N'TINICACHI')
GO
INSERT [PERSONA].[DIRECCION_DISTRITO] ([id_ciudad], [id_distrito], [nom_distrito]) VALUES (172, 1701, N'UNICACHI')
GO
INSERT [PERSONA].[DIRECCION_DISTRITO] ([id_ciudad], [id_distrito], [nom_distrito]) VALUES (173, 1702, N'MOYOBAMBA')
GO
INSERT [PERSONA].[DIRECCION_DISTRITO] ([id_ciudad], [id_distrito], [nom_distrito]) VALUES (173, 1703, N'CALZADA')
GO
INSERT [PERSONA].[DIRECCION_DISTRITO] ([id_ciudad], [id_distrito], [nom_distrito]) VALUES (173, 1704, N'HABANA')
GO
INSERT [PERSONA].[DIRECCION_DISTRITO] ([id_ciudad], [id_distrito], [nom_distrito]) VALUES (173, 1705, N'JEPELACIO')
GO
INSERT [PERSONA].[DIRECCION_DISTRITO] ([id_ciudad], [id_distrito], [nom_distrito]) VALUES (173, 1706, N'SORITOR')
GO
INSERT [PERSONA].[DIRECCION_DISTRITO] ([id_ciudad], [id_distrito], [nom_distrito]) VALUES (173, 1707, N'YANTALO')
GO
INSERT [PERSONA].[DIRECCION_DISTRITO] ([id_ciudad], [id_distrito], [nom_distrito]) VALUES (174, 1708, N'BELLAVISTA')
GO
INSERT [PERSONA].[DIRECCION_DISTRITO] ([id_ciudad], [id_distrito], [nom_distrito]) VALUES (174, 1709, N'ALTO BIAVO')
GO
INSERT [PERSONA].[DIRECCION_DISTRITO] ([id_ciudad], [id_distrito], [nom_distrito]) VALUES (174, 1710, N'BAJO BIAVO')
GO
INSERT [PERSONA].[DIRECCION_DISTRITO] ([id_ciudad], [id_distrito], [nom_distrito]) VALUES (174, 1711, N'HUALLAGA')
GO
INSERT [PERSONA].[DIRECCION_DISTRITO] ([id_ciudad], [id_distrito], [nom_distrito]) VALUES (174, 1712, N'SAN PABLO')
GO
INSERT [PERSONA].[DIRECCION_DISTRITO] ([id_ciudad], [id_distrito], [nom_distrito]) VALUES (174, 1713, N'SAN RAFAEL')
GO
INSERT [PERSONA].[DIRECCION_DISTRITO] ([id_ciudad], [id_distrito], [nom_distrito]) VALUES (175, 1714, N'SAN JOSE DE SISA')
GO
INSERT [PERSONA].[DIRECCION_DISTRITO] ([id_ciudad], [id_distrito], [nom_distrito]) VALUES (175, 1715, N'AGUA BLANCA')
GO
INSERT [PERSONA].[DIRECCION_DISTRITO] ([id_ciudad], [id_distrito], [nom_distrito]) VALUES (175, 1716, N'SAN MARTIN')
GO
INSERT [PERSONA].[DIRECCION_DISTRITO] ([id_ciudad], [id_distrito], [nom_distrito]) VALUES (175, 1717, N'SANTA ROSA')
GO
INSERT [PERSONA].[DIRECCION_DISTRITO] ([id_ciudad], [id_distrito], [nom_distrito]) VALUES (175, 1718, N'SHATOJA')
GO
INSERT [PERSONA].[DIRECCION_DISTRITO] ([id_ciudad], [id_distrito], [nom_distrito]) VALUES (176, 1719, N'SAPOSOA')
GO
INSERT [PERSONA].[DIRECCION_DISTRITO] ([id_ciudad], [id_distrito], [nom_distrito]) VALUES (176, 1720, N'ALTO SAPOSOA')
GO
INSERT [PERSONA].[DIRECCION_DISTRITO] ([id_ciudad], [id_distrito], [nom_distrito]) VALUES (176, 1721, N'EL ESLABON')
GO
INSERT [PERSONA].[DIRECCION_DISTRITO] ([id_ciudad], [id_distrito], [nom_distrito]) VALUES (176, 1722, N'PISCOYACU')
GO
INSERT [PERSONA].[DIRECCION_DISTRITO] ([id_ciudad], [id_distrito], [nom_distrito]) VALUES (176, 1723, N'SACANCHE')
GO
INSERT [PERSONA].[DIRECCION_DISTRITO] ([id_ciudad], [id_distrito], [nom_distrito]) VALUES (176, 1724, N'TINGO DE SAPOSOA')
GO
INSERT [PERSONA].[DIRECCION_DISTRITO] ([id_ciudad], [id_distrito], [nom_distrito]) VALUES (177, 1725, N'LAMAS')
GO
INSERT [PERSONA].[DIRECCION_DISTRITO] ([id_ciudad], [id_distrito], [nom_distrito]) VALUES (177, 1726, N'ALONSO DE ALVARADO')
GO
INSERT [PERSONA].[DIRECCION_DISTRITO] ([id_ciudad], [id_distrito], [nom_distrito]) VALUES (177, 1727, N'BARRANQUITA')
GO
INSERT [PERSONA].[DIRECCION_DISTRITO] ([id_ciudad], [id_distrito], [nom_distrito]) VALUES (177, 1728, N'CAYNARACHI')
GO
INSERT [PERSONA].[DIRECCION_DISTRITO] ([id_ciudad], [id_distrito], [nom_distrito]) VALUES (177, 1729, N'CU&Ntilde;UMBUQUI')
GO
INSERT [PERSONA].[DIRECCION_DISTRITO] ([id_ciudad], [id_distrito], [nom_distrito]) VALUES (177, 1730, N'PINTO RECODO')
GO
INSERT [PERSONA].[DIRECCION_DISTRITO] ([id_ciudad], [id_distrito], [nom_distrito]) VALUES (177, 1731, N'RUMISAPA')
GO
INSERT [PERSONA].[DIRECCION_DISTRITO] ([id_ciudad], [id_distrito], [nom_distrito]) VALUES (177, 1732, N'SAN ROQUE DE CUMBAZA')
GO
INSERT [PERSONA].[DIRECCION_DISTRITO] ([id_ciudad], [id_distrito], [nom_distrito]) VALUES (177, 1733, N'SHANAO')
GO
INSERT [PERSONA].[DIRECCION_DISTRITO] ([id_ciudad], [id_distrito], [nom_distrito]) VALUES (177, 1734, N'TABALOSOS')
GO
INSERT [PERSONA].[DIRECCION_DISTRITO] ([id_ciudad], [id_distrito], [nom_distrito]) VALUES (177, 1735, N'ZAPATERO')
GO
INSERT [PERSONA].[DIRECCION_DISTRITO] ([id_ciudad], [id_distrito], [nom_distrito]) VALUES (178, 1736, N'JUANJUI')
GO
INSERT [PERSONA].[DIRECCION_DISTRITO] ([id_ciudad], [id_distrito], [nom_distrito]) VALUES (178, 1737, N'CAMPANILLA')
GO
INSERT [PERSONA].[DIRECCION_DISTRITO] ([id_ciudad], [id_distrito], [nom_distrito]) VALUES (178, 1738, N'HUICUNGO')
GO
INSERT [PERSONA].[DIRECCION_DISTRITO] ([id_ciudad], [id_distrito], [nom_distrito]) VALUES (178, 1739, N'PACHIZA')
GO
INSERT [PERSONA].[DIRECCION_DISTRITO] ([id_ciudad], [id_distrito], [nom_distrito]) VALUES (178, 1740, N'PAJARILLO')
GO
INSERT [PERSONA].[DIRECCION_DISTRITO] ([id_ciudad], [id_distrito], [nom_distrito]) VALUES (179, 1741, N'PICOTA')
GO
INSERT [PERSONA].[DIRECCION_DISTRITO] ([id_ciudad], [id_distrito], [nom_distrito]) VALUES (179, 1742, N'BUENOS AIRES')
GO
INSERT [PERSONA].[DIRECCION_DISTRITO] ([id_ciudad], [id_distrito], [nom_distrito]) VALUES (179, 1743, N'CASPISAPA')
GO
INSERT [PERSONA].[DIRECCION_DISTRITO] ([id_ciudad], [id_distrito], [nom_distrito]) VALUES (179, 1744, N'PILLUANA')
GO
INSERT [PERSONA].[DIRECCION_DISTRITO] ([id_ciudad], [id_distrito], [nom_distrito]) VALUES (179, 1745, N'PUCACACA')
GO
INSERT [PERSONA].[DIRECCION_DISTRITO] ([id_ciudad], [id_distrito], [nom_distrito]) VALUES (179, 1746, N'SAN CRISTOBAL')
GO
INSERT [PERSONA].[DIRECCION_DISTRITO] ([id_ciudad], [id_distrito], [nom_distrito]) VALUES (179, 1747, N'SAN HILARION')
GO
INSERT [PERSONA].[DIRECCION_DISTRITO] ([id_ciudad], [id_distrito], [nom_distrito]) VALUES (179, 1748, N'SHAMBOYACU')
GO
INSERT [PERSONA].[DIRECCION_DISTRITO] ([id_ciudad], [id_distrito], [nom_distrito]) VALUES (179, 1749, N'TINGO DE PONASA')
GO
INSERT [PERSONA].[DIRECCION_DISTRITO] ([id_ciudad], [id_distrito], [nom_distrito]) VALUES (179, 1750, N'TRES UNIDOS')
GO
INSERT [PERSONA].[DIRECCION_DISTRITO] ([id_ciudad], [id_distrito], [nom_distrito]) VALUES (180, 1751, N'RIOJA')
GO
INSERT [PERSONA].[DIRECCION_DISTRITO] ([id_ciudad], [id_distrito], [nom_distrito]) VALUES (180, 1752, N'AWAJUN')
GO
INSERT [PERSONA].[DIRECCION_DISTRITO] ([id_ciudad], [id_distrito], [nom_distrito]) VALUES (180, 1753, N'ELIAS SOPLIN VARGAS')
GO
INSERT [PERSONA].[DIRECCION_DISTRITO] ([id_ciudad], [id_distrito], [nom_distrito]) VALUES (180, 1754, N'NUEVA CAJAMARCA')
GO
INSERT [PERSONA].[DIRECCION_DISTRITO] ([id_ciudad], [id_distrito], [nom_distrito]) VALUES (180, 1755, N'PARDO MIGUEL')
GO
INSERT [PERSONA].[DIRECCION_DISTRITO] ([id_ciudad], [id_distrito], [nom_distrito]) VALUES (180, 1756, N'POSIC')
GO
INSERT [PERSONA].[DIRECCION_DISTRITO] ([id_ciudad], [id_distrito], [nom_distrito]) VALUES (180, 1757, N'SAN FERNANDO')
GO
INSERT [PERSONA].[DIRECCION_DISTRITO] ([id_ciudad], [id_distrito], [nom_distrito]) VALUES (180, 1758, N'YORONGOS')
GO
INSERT [PERSONA].[DIRECCION_DISTRITO] ([id_ciudad], [id_distrito], [nom_distrito]) VALUES (180, 1759, N'YURACYACU')
GO
INSERT [PERSONA].[DIRECCION_DISTRITO] ([id_ciudad], [id_distrito], [nom_distrito]) VALUES (181, 1760, N'TARAPOTO')
GO
INSERT [PERSONA].[DIRECCION_DISTRITO] ([id_ciudad], [id_distrito], [nom_distrito]) VALUES (181, 1761, N'ALBERTO LEVEAU')
GO
INSERT [PERSONA].[DIRECCION_DISTRITO] ([id_ciudad], [id_distrito], [nom_distrito]) VALUES (181, 1762, N'CACATACHI')
GO
INSERT [PERSONA].[DIRECCION_DISTRITO] ([id_ciudad], [id_distrito], [nom_distrito]) VALUES (181, 1763, N'CHAZUTA')
GO
INSERT [PERSONA].[DIRECCION_DISTRITO] ([id_ciudad], [id_distrito], [nom_distrito]) VALUES (181, 1764, N'CHIPURANA')
GO
INSERT [PERSONA].[DIRECCION_DISTRITO] ([id_ciudad], [id_distrito], [nom_distrito]) VALUES (181, 1765, N'EL PORVENIR')
GO
INSERT [PERSONA].[DIRECCION_DISTRITO] ([id_ciudad], [id_distrito], [nom_distrito]) VALUES (181, 1766, N'HUIMBAYOC')
GO
INSERT [PERSONA].[DIRECCION_DISTRITO] ([id_ciudad], [id_distrito], [nom_distrito]) VALUES (181, 1767, N'JUAN GUERRA')
GO
INSERT [PERSONA].[DIRECCION_DISTRITO] ([id_ciudad], [id_distrito], [nom_distrito]) VALUES (181, 1768, N'LA BANDA DE SHILCAYO')
GO
INSERT [PERSONA].[DIRECCION_DISTRITO] ([id_ciudad], [id_distrito], [nom_distrito]) VALUES (181, 1769, N'MORALES')
GO
INSERT [PERSONA].[DIRECCION_DISTRITO] ([id_ciudad], [id_distrito], [nom_distrito]) VALUES (181, 1770, N'PAPAPLAYA')
GO
INSERT [PERSONA].[DIRECCION_DISTRITO] ([id_ciudad], [id_distrito], [nom_distrito]) VALUES (181, 1771, N'SAN ANTONIO')
GO
INSERT [PERSONA].[DIRECCION_DISTRITO] ([id_ciudad], [id_distrito], [nom_distrito]) VALUES (181, 1772, N'SAUCE')
GO
INSERT [PERSONA].[DIRECCION_DISTRITO] ([id_ciudad], [id_distrito], [nom_distrito]) VALUES (181, 1773, N'SHAPAJA')
GO
INSERT [PERSONA].[DIRECCION_DISTRITO] ([id_ciudad], [id_distrito], [nom_distrito]) VALUES (182, 1774, N'TOCACHE')
GO
INSERT [PERSONA].[DIRECCION_DISTRITO] ([id_ciudad], [id_distrito], [nom_distrito]) VALUES (182, 1775, N'NUEVO PROGRESO')
GO
INSERT [PERSONA].[DIRECCION_DISTRITO] ([id_ciudad], [id_distrito], [nom_distrito]) VALUES (182, 1776, N'POLVORA')
GO
INSERT [PERSONA].[DIRECCION_DISTRITO] ([id_ciudad], [id_distrito], [nom_distrito]) VALUES (182, 1777, N'SHUNTE')
GO
INSERT [PERSONA].[DIRECCION_DISTRITO] ([id_ciudad], [id_distrito], [nom_distrito]) VALUES (182, 1778, N'UCHIZA')
GO
INSERT [PERSONA].[DIRECCION_DISTRITO] ([id_ciudad], [id_distrito], [nom_distrito]) VALUES (183, 1779, N'TACNA')
GO
INSERT [PERSONA].[DIRECCION_DISTRITO] ([id_ciudad], [id_distrito], [nom_distrito]) VALUES (183, 1780, N'ALTO DE LA ALIANZA')
GO
INSERT [PERSONA].[DIRECCION_DISTRITO] ([id_ciudad], [id_distrito], [nom_distrito]) VALUES (183, 1781, N'CALANA')
GO
INSERT [PERSONA].[DIRECCION_DISTRITO] ([id_ciudad], [id_distrito], [nom_distrito]) VALUES (183, 1782, N'CIUDAD NUEVA')
GO
INSERT [PERSONA].[DIRECCION_DISTRITO] ([id_ciudad], [id_distrito], [nom_distrito]) VALUES (183, 1783, N'INCLAN')
GO
INSERT [PERSONA].[DIRECCION_DISTRITO] ([id_ciudad], [id_distrito], [nom_distrito]) VALUES (183, 1784, N'PACHIA')
GO
INSERT [PERSONA].[DIRECCION_DISTRITO] ([id_ciudad], [id_distrito], [nom_distrito]) VALUES (183, 1785, N'PALCA')
GO
INSERT [PERSONA].[DIRECCION_DISTRITO] ([id_ciudad], [id_distrito], [nom_distrito]) VALUES (183, 1786, N'POCOLLAY')
GO
INSERT [PERSONA].[DIRECCION_DISTRITO] ([id_ciudad], [id_distrito], [nom_distrito]) VALUES (183, 1787, N'SAMA')
GO
INSERT [PERSONA].[DIRECCION_DISTRITO] ([id_ciudad], [id_distrito], [nom_distrito]) VALUES (183, 1788, N'CORONEL GREGORIO ALBARRACIN LANCHIPA')
GO
INSERT [PERSONA].[DIRECCION_DISTRITO] ([id_ciudad], [id_distrito], [nom_distrito]) VALUES (184, 1789, N'CANDARAVE')
GO
INSERT [PERSONA].[DIRECCION_DISTRITO] ([id_ciudad], [id_distrito], [nom_distrito]) VALUES (184, 1790, N'CAIRANI')
GO
INSERT [PERSONA].[DIRECCION_DISTRITO] ([id_ciudad], [id_distrito], [nom_distrito]) VALUES (184, 1791, N'CAMILACA')
GO
INSERT [PERSONA].[DIRECCION_DISTRITO] ([id_ciudad], [id_distrito], [nom_distrito]) VALUES (184, 1792, N'CURIBAYA')
GO
INSERT [PERSONA].[DIRECCION_DISTRITO] ([id_ciudad], [id_distrito], [nom_distrito]) VALUES (184, 1793, N'HUANUARA')
GO
INSERT [PERSONA].[DIRECCION_DISTRITO] ([id_ciudad], [id_distrito], [nom_distrito]) VALUES (184, 1794, N'QUILAHUANI')
GO
INSERT [PERSONA].[DIRECCION_DISTRITO] ([id_ciudad], [id_distrito], [nom_distrito]) VALUES (185, 1795, N'LOCUMBA')
GO
INSERT [PERSONA].[DIRECCION_DISTRITO] ([id_ciudad], [id_distrito], [nom_distrito]) VALUES (185, 1796, N'ILABAYA')
GO
INSERT [PERSONA].[DIRECCION_DISTRITO] ([id_ciudad], [id_distrito], [nom_distrito]) VALUES (185, 1797, N'ITE')
GO
INSERT [PERSONA].[DIRECCION_DISTRITO] ([id_ciudad], [id_distrito], [nom_distrito]) VALUES (186, 1798, N'TARATA')
GO
INSERT [PERSONA].[DIRECCION_DISTRITO] ([id_ciudad], [id_distrito], [nom_distrito]) VALUES (186, 1799, N'CHUCATAMANI')
GO
INSERT [PERSONA].[DIRECCION_DISTRITO] ([id_ciudad], [id_distrito], [nom_distrito]) VALUES (186, 1800, N'ESTIQUE')
GO
INSERT [PERSONA].[DIRECCION_DISTRITO] ([id_ciudad], [id_distrito], [nom_distrito]) VALUES (186, 1801, N'ESTIQUE-PAMPA')
GO
INSERT [PERSONA].[DIRECCION_DISTRITO] ([id_ciudad], [id_distrito], [nom_distrito]) VALUES (186, 1802, N'SITAJARA')
GO
INSERT [PERSONA].[DIRECCION_DISTRITO] ([id_ciudad], [id_distrito], [nom_distrito]) VALUES (186, 1803, N'SUSAPAYA')
GO
INSERT [PERSONA].[DIRECCION_DISTRITO] ([id_ciudad], [id_distrito], [nom_distrito]) VALUES (186, 1804, N'TARUCACHI')
GO
INSERT [PERSONA].[DIRECCION_DISTRITO] ([id_ciudad], [id_distrito], [nom_distrito]) VALUES (186, 1805, N'TICACO')
GO
INSERT [PERSONA].[DIRECCION_DISTRITO] ([id_ciudad], [id_distrito], [nom_distrito]) VALUES (187, 1806, N'TUMBES')
GO
INSERT [PERSONA].[DIRECCION_DISTRITO] ([id_ciudad], [id_distrito], [nom_distrito]) VALUES (187, 1807, N'CORRALES')
GO
INSERT [PERSONA].[DIRECCION_DISTRITO] ([id_ciudad], [id_distrito], [nom_distrito]) VALUES (187, 1808, N'LA CRUZ')
GO
INSERT [PERSONA].[DIRECCION_DISTRITO] ([id_ciudad], [id_distrito], [nom_distrito]) VALUES (187, 1809, N'PAMPAS DE HOSPITAL')
GO
INSERT [PERSONA].[DIRECCION_DISTRITO] ([id_ciudad], [id_distrito], [nom_distrito]) VALUES (187, 1810, N'SAN JACINTO')
GO
INSERT [PERSONA].[DIRECCION_DISTRITO] ([id_ciudad], [id_distrito], [nom_distrito]) VALUES (187, 1811, N'SAN JUAN DE LA VIRGEN')
GO
INSERT [PERSONA].[DIRECCION_DISTRITO] ([id_ciudad], [id_distrito], [nom_distrito]) VALUES (188, 1812, N'ZORRITOS')
GO
INSERT [PERSONA].[DIRECCION_DISTRITO] ([id_ciudad], [id_distrito], [nom_distrito]) VALUES (188, 1813, N'CASITAS')
GO
INSERT [PERSONA].[DIRECCION_DISTRITO] ([id_ciudad], [id_distrito], [nom_distrito]) VALUES (189, 1814, N'ZARUMILLA')
GO
INSERT [PERSONA].[DIRECCION_DISTRITO] ([id_ciudad], [id_distrito], [nom_distrito]) VALUES (189, 1815, N'AGUAS VERDES')
GO
INSERT [PERSONA].[DIRECCION_DISTRITO] ([id_ciudad], [id_distrito], [nom_distrito]) VALUES (189, 1816, N'MATAPALO')
GO
INSERT [PERSONA].[DIRECCION_DISTRITO] ([id_ciudad], [id_distrito], [nom_distrito]) VALUES (189, 1817, N'PAPAYAL')
GO
INSERT [PERSONA].[DIRECCION_DISTRITO] ([id_ciudad], [id_distrito], [nom_distrito]) VALUES (190, 1818, N'CALLERIA')
GO
INSERT [PERSONA].[DIRECCION_DISTRITO] ([id_ciudad], [id_distrito], [nom_distrito]) VALUES (190, 1819, N'CAMPOVERDE')
GO
INSERT [PERSONA].[DIRECCION_DISTRITO] ([id_ciudad], [id_distrito], [nom_distrito]) VALUES (190, 1820, N'IPARIA')
GO
INSERT [PERSONA].[DIRECCION_DISTRITO] ([id_ciudad], [id_distrito], [nom_distrito]) VALUES (190, 1821, N'MASISEA')
GO
INSERT [PERSONA].[DIRECCION_DISTRITO] ([id_ciudad], [id_distrito], [nom_distrito]) VALUES (190, 1822, N'YARINACOCHA')
GO
INSERT [PERSONA].[DIRECCION_DISTRITO] ([id_ciudad], [id_distrito], [nom_distrito]) VALUES (190, 1823, N'NUEVA REQUENA')
GO
INSERT [PERSONA].[DIRECCION_DISTRITO] ([id_ciudad], [id_distrito], [nom_distrito]) VALUES (191, 1824, N'RAYMONDI')
GO
INSERT [PERSONA].[DIRECCION_DISTRITO] ([id_ciudad], [id_distrito], [nom_distrito]) VALUES (191, 1825, N'SEPAHUA')
GO
INSERT [PERSONA].[DIRECCION_DISTRITO] ([id_ciudad], [id_distrito], [nom_distrito]) VALUES (191, 1826, N'TAHUANIA')
GO
INSERT [PERSONA].[DIRECCION_DISTRITO] ([id_ciudad], [id_distrito], [nom_distrito]) VALUES (191, 1827, N'YURUA')
GO
INSERT [PERSONA].[DIRECCION_DISTRITO] ([id_ciudad], [id_distrito], [nom_distrito]) VALUES (192, 1828, N'PADRE ABAD')
GO
INSERT [PERSONA].[DIRECCION_DISTRITO] ([id_ciudad], [id_distrito], [nom_distrito]) VALUES (192, 1829, N'IRAZOLA')
GO
INSERT [PERSONA].[DIRECCION_DISTRITO] ([id_ciudad], [id_distrito], [nom_distrito]) VALUES (192, 1830, N'CURIMANA')
GO
INSERT [PERSONA].[DIRECCION_DISTRITO] ([id_ciudad], [id_distrito], [nom_distrito]) VALUES (193, 1831, N'PURUS')
GO
SET IDENTITY_INSERT [PERSONA].[DIRECCION_DISTRITO] OFF
GO
SET IDENTITY_INSERT [PERSONA].[DIRECCION_PAIS] ON 
GO
INSERT [PERSONA].[DIRECCION_PAIS] ([id_pais], [nom_pais], [abr_pais]) VALUES (1, N'Afghanistan', N'AF')
GO
INSERT [PERSONA].[DIRECCION_PAIS] ([id_pais], [nom_pais], [abr_pais]) VALUES (2, N'Albania', N'AL')
GO
INSERT [PERSONA].[DIRECCION_PAIS] ([id_pais], [nom_pais], [abr_pais]) VALUES (3, N'Algeria', N'DZ')
GO
INSERT [PERSONA].[DIRECCION_PAIS] ([id_pais], [nom_pais], [abr_pais]) VALUES (4, N'American Samoa', N'AS')
GO
INSERT [PERSONA].[DIRECCION_PAIS] ([id_pais], [nom_pais], [abr_pais]) VALUES (5, N'Andorra', N'AD')
GO
INSERT [PERSONA].[DIRECCION_PAIS] ([id_pais], [nom_pais], [abr_pais]) VALUES (6, N'Anla', N'AO')
GO
INSERT [PERSONA].[DIRECCION_PAIS] ([id_pais], [nom_pais], [abr_pais]) VALUES (7, N'Anguilla', N'AI')
GO
INSERT [PERSONA].[DIRECCION_PAIS] ([id_pais], [nom_pais], [abr_pais]) VALUES (8, N'Antarctica', N'AQ')
GO
INSERT [PERSONA].[DIRECCION_PAIS] ([id_pais], [nom_pais], [abr_pais]) VALUES (9, N'Antigua and Barbuda', N'AG')
GO
INSERT [PERSONA].[DIRECCION_PAIS] ([id_pais], [nom_pais], [abr_pais]) VALUES (10, N'Argentina', N'AR')
GO
INSERT [PERSONA].[DIRECCION_PAIS] ([id_pais], [nom_pais], [abr_pais]) VALUES (11, N'Armenia', N'AM')
GO
INSERT [PERSONA].[DIRECCION_PAIS] ([id_pais], [nom_pais], [abr_pais]) VALUES (12, N'Aruba', N'AW')
GO
INSERT [PERSONA].[DIRECCION_PAIS] ([id_pais], [nom_pais], [abr_pais]) VALUES (13, N'Australia', N'AU')
GO
INSERT [PERSONA].[DIRECCION_PAIS] ([id_pais], [nom_pais], [abr_pais]) VALUES (14, N'Austria', N'AT')
GO
INSERT [PERSONA].[DIRECCION_PAIS] ([id_pais], [nom_pais], [abr_pais]) VALUES (15, N'Azerbaijan', N'AZ')
GO
INSERT [PERSONA].[DIRECCION_PAIS] ([id_pais], [nom_pais], [abr_pais]) VALUES (16, N'Bahamas', N'BS')
GO
INSERT [PERSONA].[DIRECCION_PAIS] ([id_pais], [nom_pais], [abr_pais]) VALUES (17, N'Bahrain', N'BH')
GO
INSERT [PERSONA].[DIRECCION_PAIS] ([id_pais], [nom_pais], [abr_pais]) VALUES (18, N'Bangladesh', N'BD')
GO
INSERT [PERSONA].[DIRECCION_PAIS] ([id_pais], [nom_pais], [abr_pais]) VALUES (19, N'Barbados', N'BB')
GO
INSERT [PERSONA].[DIRECCION_PAIS] ([id_pais], [nom_pais], [abr_pais]) VALUES (20, N'Belarus', N'BY')
GO
INSERT [PERSONA].[DIRECCION_PAIS] ([id_pais], [nom_pais], [abr_pais]) VALUES (21, N'Belgium', N'BE')
GO
INSERT [PERSONA].[DIRECCION_PAIS] ([id_pais], [nom_pais], [abr_pais]) VALUES (22, N'Belize', N'BZ')
GO
INSERT [PERSONA].[DIRECCION_PAIS] ([id_pais], [nom_pais], [abr_pais]) VALUES (23, N'Benin', N'BJ')
GO
INSERT [PERSONA].[DIRECCION_PAIS] ([id_pais], [nom_pais], [abr_pais]) VALUES (24, N'Bermuda', N'BM')
GO
INSERT [PERSONA].[DIRECCION_PAIS] ([id_pais], [nom_pais], [abr_pais]) VALUES (25, N'Bhutan', N'BT')
GO
INSERT [PERSONA].[DIRECCION_PAIS] ([id_pais], [nom_pais], [abr_pais]) VALUES (26, N'Bolivia', N'BO')
GO
INSERT [PERSONA].[DIRECCION_PAIS] ([id_pais], [nom_pais], [abr_pais]) VALUES (27, N'Bosnia and Herzevina', N'BA')
GO
INSERT [PERSONA].[DIRECCION_PAIS] ([id_pais], [nom_pais], [abr_pais]) VALUES (28, N'Botswana', N'BW')
GO
INSERT [PERSONA].[DIRECCION_PAIS] ([id_pais], [nom_pais], [abr_pais]) VALUES (29, N'Bouvet Island', N'BV')
GO
INSERT [PERSONA].[DIRECCION_PAIS] ([id_pais], [nom_pais], [abr_pais]) VALUES (30, N'Brazil', N'BR')
GO
INSERT [PERSONA].[DIRECCION_PAIS] ([id_pais], [nom_pais], [abr_pais]) VALUES (31, N'British Indian Ocean Territory', N'IO')
GO
INSERT [PERSONA].[DIRECCION_PAIS] ([id_pais], [nom_pais], [abr_pais]) VALUES (32, N'Brunei Darussalam', N'BN')
GO
INSERT [PERSONA].[DIRECCION_PAIS] ([id_pais], [nom_pais], [abr_pais]) VALUES (33, N'Bulgaria', N'BG')
GO
INSERT [PERSONA].[DIRECCION_PAIS] ([id_pais], [nom_pais], [abr_pais]) VALUES (34, N'Burkina Faso', N'BF')
GO
INSERT [PERSONA].[DIRECCION_PAIS] ([id_pais], [nom_pais], [abr_pais]) VALUES (35, N'Burundi', N'BI')
GO
INSERT [PERSONA].[DIRECCION_PAIS] ([id_pais], [nom_pais], [abr_pais]) VALUES (36, N'Cambodia', N'KH')
GO
INSERT [PERSONA].[DIRECCION_PAIS] ([id_pais], [nom_pais], [abr_pais]) VALUES (37, N'Cameroon', N'CM')
GO
INSERT [PERSONA].[DIRECCION_PAIS] ([id_pais], [nom_pais], [abr_pais]) VALUES (38, N'Canada', N'CA')
GO
INSERT [PERSONA].[DIRECCION_PAIS] ([id_pais], [nom_pais], [abr_pais]) VALUES (39, N'Cape Verde', N'CV')
GO
INSERT [PERSONA].[DIRECCION_PAIS] ([id_pais], [nom_pais], [abr_pais]) VALUES (40, N'Cayman Islands', N'KY')
GO
INSERT [PERSONA].[DIRECCION_PAIS] ([id_pais], [nom_pais], [abr_pais]) VALUES (41, N'Central African Republic', N'CF')
GO
INSERT [PERSONA].[DIRECCION_PAIS] ([id_pais], [nom_pais], [abr_pais]) VALUES (42, N'Chad', N'TD')
GO
INSERT [PERSONA].[DIRECCION_PAIS] ([id_pais], [nom_pais], [abr_pais]) VALUES (43, N'Chile', N'CL')
GO
INSERT [PERSONA].[DIRECCION_PAIS] ([id_pais], [nom_pais], [abr_pais]) VALUES (44, N'China', N'CN')
GO
INSERT [PERSONA].[DIRECCION_PAIS] ([id_pais], [nom_pais], [abr_pais]) VALUES (45, N'Christmas Island', N'CX')
GO
INSERT [PERSONA].[DIRECCION_PAIS] ([id_pais], [nom_pais], [abr_pais]) VALUES (46, N'Cocos (Keeling), Islands', N'CC')
GO
INSERT [PERSONA].[DIRECCION_PAIS] ([id_pais], [nom_pais], [abr_pais]) VALUES (47, N'Colombia', N'CO')
GO
INSERT [PERSONA].[DIRECCION_PAIS] ([id_pais], [nom_pais], [abr_pais]) VALUES (48, N'Comoros', N'KM')
GO
INSERT [PERSONA].[DIRECCION_PAIS] ([id_pais], [nom_pais], [abr_pais]) VALUES (49, N'Con', N'CG')
GO
INSERT [PERSONA].[DIRECCION_PAIS] ([id_pais], [nom_pais], [abr_pais]) VALUES (50, N'Con, the Democratic Republic of the', N'CD')
GO
INSERT [PERSONA].[DIRECCION_PAIS] ([id_pais], [nom_pais], [abr_pais]) VALUES (51, N'Cook Islands', N'CK')
GO
INSERT [PERSONA].[DIRECCION_PAIS] ([id_pais], [nom_pais], [abr_pais]) VALUES (52, N'Costa Rica', N'CR')
GO
INSERT [PERSONA].[DIRECCION_PAIS] ([id_pais], [nom_pais], [abr_pais]) VALUES (53, N'Cote D''Ivoire', N'CI')
GO
INSERT [PERSONA].[DIRECCION_PAIS] ([id_pais], [nom_pais], [abr_pais]) VALUES (54, N'Croatia', N'HR')
GO
INSERT [PERSONA].[DIRECCION_PAIS] ([id_pais], [nom_pais], [abr_pais]) VALUES (55, N'Cuba', N'CU')
GO
INSERT [PERSONA].[DIRECCION_PAIS] ([id_pais], [nom_pais], [abr_pais]) VALUES (56, N'Cyprus', N'CY')
GO
INSERT [PERSONA].[DIRECCION_PAIS] ([id_pais], [nom_pais], [abr_pais]) VALUES (57, N'Czech Republic', N'CZ')
GO
INSERT [PERSONA].[DIRECCION_PAIS] ([id_pais], [nom_pais], [abr_pais]) VALUES (58, N'Denmark', N'DK')
GO
INSERT [PERSONA].[DIRECCION_PAIS] ([id_pais], [nom_pais], [abr_pais]) VALUES (59, N'Djibouti', N'DJ')
GO
INSERT [PERSONA].[DIRECCION_PAIS] ([id_pais], [nom_pais], [abr_pais]) VALUES (60, N'Dominica', N'DM')
GO
INSERT [PERSONA].[DIRECCION_PAIS] ([id_pais], [nom_pais], [abr_pais]) VALUES (61, N'Dominican Republic', N'DO')
GO
INSERT [PERSONA].[DIRECCION_PAIS] ([id_pais], [nom_pais], [abr_pais]) VALUES (62, N'Ecuador', N'EC')
GO
INSERT [PERSONA].[DIRECCION_PAIS] ([id_pais], [nom_pais], [abr_pais]) VALUES (63, N'Egypt', N'EG')
GO
INSERT [PERSONA].[DIRECCION_PAIS] ([id_pais], [nom_pais], [abr_pais]) VALUES (64, N'El Salvador', N'SV')
GO
INSERT [PERSONA].[DIRECCION_PAIS] ([id_pais], [nom_pais], [abr_pais]) VALUES (65, N'Equatorial Guinea', N'GQ')
GO
INSERT [PERSONA].[DIRECCION_PAIS] ([id_pais], [nom_pais], [abr_pais]) VALUES (66, N'Eritrea', N'ER')
GO
INSERT [PERSONA].[DIRECCION_PAIS] ([id_pais], [nom_pais], [abr_pais]) VALUES (67, N'Estonia', N'EE')
GO
INSERT [PERSONA].[DIRECCION_PAIS] ([id_pais], [nom_pais], [abr_pais]) VALUES (68, N'Ethiopia', N'ET')
GO
INSERT [PERSONA].[DIRECCION_PAIS] ([id_pais], [nom_pais], [abr_pais]) VALUES (69, N'Falkland Islands (Malvinas),', N'FK')
GO
INSERT [PERSONA].[DIRECCION_PAIS] ([id_pais], [nom_pais], [abr_pais]) VALUES (70, N'Faroe Islands', N'FO')
GO
INSERT [PERSONA].[DIRECCION_PAIS] ([id_pais], [nom_pais], [abr_pais]) VALUES (71, N'Fiji', N'FJ')
GO
INSERT [PERSONA].[DIRECCION_PAIS] ([id_pais], [nom_pais], [abr_pais]) VALUES (72, N'Finland', N'FI')
GO
INSERT [PERSONA].[DIRECCION_PAIS] ([id_pais], [nom_pais], [abr_pais]) VALUES (73, N'France', N'FR')
GO
INSERT [PERSONA].[DIRECCION_PAIS] ([id_pais], [nom_pais], [abr_pais]) VALUES (74, N'French Guiana', N'GF')
GO
INSERT [PERSONA].[DIRECCION_PAIS] ([id_pais], [nom_pais], [abr_pais]) VALUES (75, N'French Polynesia', N'PF')
GO
INSERT [PERSONA].[DIRECCION_PAIS] ([id_pais], [nom_pais], [abr_pais]) VALUES (76, N'French Southern Territories', N'TF')
GO
INSERT [PERSONA].[DIRECCION_PAIS] ([id_pais], [nom_pais], [abr_pais]) VALUES (77, N'Gabon', N'GA')
GO
INSERT [PERSONA].[DIRECCION_PAIS] ([id_pais], [nom_pais], [abr_pais]) VALUES (78, N'Gambia', N'GM')
GO
INSERT [PERSONA].[DIRECCION_PAIS] ([id_pais], [nom_pais], [abr_pais]) VALUES (79, N'Georgia', N'GE')
GO
INSERT [PERSONA].[DIRECCION_PAIS] ([id_pais], [nom_pais], [abr_pais]) VALUES (80, N'Germany', N'DE')
GO
INSERT [PERSONA].[DIRECCION_PAIS] ([id_pais], [nom_pais], [abr_pais]) VALUES (81, N'Ghana', N'GH')
GO
INSERT [PERSONA].[DIRECCION_PAIS] ([id_pais], [nom_pais], [abr_pais]) VALUES (82, N'Gibraltar', N'GI')
GO
INSERT [PERSONA].[DIRECCION_PAIS] ([id_pais], [nom_pais], [abr_pais]) VALUES (83, N'Greece', N'GR')
GO
INSERT [PERSONA].[DIRECCION_PAIS] ([id_pais], [nom_pais], [abr_pais]) VALUES (84, N'Greenland', N'GL')
GO
INSERT [PERSONA].[DIRECCION_PAIS] ([id_pais], [nom_pais], [abr_pais]) VALUES (85, N'Grenada', N'GD')
GO
INSERT [PERSONA].[DIRECCION_PAIS] ([id_pais], [nom_pais], [abr_pais]) VALUES (86, N'Guadeloupe', N'GP')
GO
INSERT [PERSONA].[DIRECCION_PAIS] ([id_pais], [nom_pais], [abr_pais]) VALUES (87, N'Guam', N'GU')
GO
INSERT [PERSONA].[DIRECCION_PAIS] ([id_pais], [nom_pais], [abr_pais]) VALUES (88, N'Guatemala', N'GT')
GO
INSERT [PERSONA].[DIRECCION_PAIS] ([id_pais], [nom_pais], [abr_pais]) VALUES (89, N'Guinea', N'GN')
GO
INSERT [PERSONA].[DIRECCION_PAIS] ([id_pais], [nom_pais], [abr_pais]) VALUES (90, N'Guinea-Bissau', N'GW')
GO
INSERT [PERSONA].[DIRECCION_PAIS] ([id_pais], [nom_pais], [abr_pais]) VALUES (91, N'Guyana', N'GY')
GO
INSERT [PERSONA].[DIRECCION_PAIS] ([id_pais], [nom_pais], [abr_pais]) VALUES (92, N'Haiti', N'HT')
GO
INSERT [PERSONA].[DIRECCION_PAIS] ([id_pais], [nom_pais], [abr_pais]) VALUES (93, N'Heard Island and Mcdonald Islands', N'HM')
GO
INSERT [PERSONA].[DIRECCION_PAIS] ([id_pais], [nom_pais], [abr_pais]) VALUES (94, N'Holy See (Vatican City State),', N'VA')
GO
INSERT [PERSONA].[DIRECCION_PAIS] ([id_pais], [nom_pais], [abr_pais]) VALUES (95, N'Honduras', N'HN')
GO
INSERT [PERSONA].[DIRECCION_PAIS] ([id_pais], [nom_pais], [abr_pais]) VALUES (96, N'Hong Kong', N'HK')
GO
INSERT [PERSONA].[DIRECCION_PAIS] ([id_pais], [nom_pais], [abr_pais]) VALUES (97, N'Hungary', N'HU')
GO
INSERT [PERSONA].[DIRECCION_PAIS] ([id_pais], [nom_pais], [abr_pais]) VALUES (98, N'Iceland', N'IS')
GO
INSERT [PERSONA].[DIRECCION_PAIS] ([id_pais], [nom_pais], [abr_pais]) VALUES (99, N'India', N'IN')
GO
INSERT [PERSONA].[DIRECCION_PAIS] ([id_pais], [nom_pais], [abr_pais]) VALUES (100, N'Indonesia', N'ID')
GO
INSERT [PERSONA].[DIRECCION_PAIS] ([id_pais], [nom_pais], [abr_pais]) VALUES (101, N'Iran, Islamic Republic of', N'IR')
GO
INSERT [PERSONA].[DIRECCION_PAIS] ([id_pais], [nom_pais], [abr_pais]) VALUES (102, N'Iraq', N'IQ')
GO
INSERT [PERSONA].[DIRECCION_PAIS] ([id_pais], [nom_pais], [abr_pais]) VALUES (103, N'Ireland', N'IE')
GO
INSERT [PERSONA].[DIRECCION_PAIS] ([id_pais], [nom_pais], [abr_pais]) VALUES (104, N'Israel', N'IL')
GO
INSERT [PERSONA].[DIRECCION_PAIS] ([id_pais], [nom_pais], [abr_pais]) VALUES (105, N'Italy', N'IT')
GO
INSERT [PERSONA].[DIRECCION_PAIS] ([id_pais], [nom_pais], [abr_pais]) VALUES (106, N'Jamaica', N'JM')
GO
INSERT [PERSONA].[DIRECCION_PAIS] ([id_pais], [nom_pais], [abr_pais]) VALUES (107, N'Japan', N'JP')
GO
INSERT [PERSONA].[DIRECCION_PAIS] ([id_pais], [nom_pais], [abr_pais]) VALUES (108, N'Jordan', N'JO')
GO
INSERT [PERSONA].[DIRECCION_PAIS] ([id_pais], [nom_pais], [abr_pais]) VALUES (109, N'Kazakhstan', N'KZ')
GO
INSERT [PERSONA].[DIRECCION_PAIS] ([id_pais], [nom_pais], [abr_pais]) VALUES (110, N'Kenya', N'KE')
GO
INSERT [PERSONA].[DIRECCION_PAIS] ([id_pais], [nom_pais], [abr_pais]) VALUES (111, N'Kiribati', N'KI')
GO
INSERT [PERSONA].[DIRECCION_PAIS] ([id_pais], [nom_pais], [abr_pais]) VALUES (112, N'Korea, Democratic People''s Republic of', N'KP')
GO
INSERT [PERSONA].[DIRECCION_PAIS] ([id_pais], [nom_pais], [abr_pais]) VALUES (113, N'Korea, Republic of', N'KR')
GO
INSERT [PERSONA].[DIRECCION_PAIS] ([id_pais], [nom_pais], [abr_pais]) VALUES (114, N'Kuwait', N'KW')
GO
INSERT [PERSONA].[DIRECCION_PAIS] ([id_pais], [nom_pais], [abr_pais]) VALUES (115, N'Kyrgyzstan', N'KG')
GO
INSERT [PERSONA].[DIRECCION_PAIS] ([id_pais], [nom_pais], [abr_pais]) VALUES (116, N'Lao People''s Democratic Republic', N'LA')
GO
INSERT [PERSONA].[DIRECCION_PAIS] ([id_pais], [nom_pais], [abr_pais]) VALUES (117, N'Latvia', N'LV')
GO
INSERT [PERSONA].[DIRECCION_PAIS] ([id_pais], [nom_pais], [abr_pais]) VALUES (118, N'Lebanon', N'LB')
GO
INSERT [PERSONA].[DIRECCION_PAIS] ([id_pais], [nom_pais], [abr_pais]) VALUES (119, N'Lesotho', N'LS')
GO
INSERT [PERSONA].[DIRECCION_PAIS] ([id_pais], [nom_pais], [abr_pais]) VALUES (120, N'Liberia', N'LR')
GO
INSERT [PERSONA].[DIRECCION_PAIS] ([id_pais], [nom_pais], [abr_pais]) VALUES (121, N'Libyan Arab Jamahiriya', N'LY')
GO
INSERT [PERSONA].[DIRECCION_PAIS] ([id_pais], [nom_pais], [abr_pais]) VALUES (122, N'Liechtenstein', N'LI')
GO
INSERT [PERSONA].[DIRECCION_PAIS] ([id_pais], [nom_pais], [abr_pais]) VALUES (123, N'Lithuania', N'LT')
GO
INSERT [PERSONA].[DIRECCION_PAIS] ([id_pais], [nom_pais], [abr_pais]) VALUES (124, N'Luxembourg', N'LU')
GO
INSERT [PERSONA].[DIRECCION_PAIS] ([id_pais], [nom_pais], [abr_pais]) VALUES (125, N'Macao', N'MO')
GO
INSERT [PERSONA].[DIRECCION_PAIS] ([id_pais], [nom_pais], [abr_pais]) VALUES (126, N'Macedonia, the Former Yuslav Republic of', N'MK')
GO
INSERT [PERSONA].[DIRECCION_PAIS] ([id_pais], [nom_pais], [abr_pais]) VALUES (127, N'Madagascar', N'MG')
GO
INSERT [PERSONA].[DIRECCION_PAIS] ([id_pais], [nom_pais], [abr_pais]) VALUES (128, N'Malawi', N'MW')
GO
INSERT [PERSONA].[DIRECCION_PAIS] ([id_pais], [nom_pais], [abr_pais]) VALUES (129, N'Malaysia', N'MY')
GO
INSERT [PERSONA].[DIRECCION_PAIS] ([id_pais], [nom_pais], [abr_pais]) VALUES (130, N'Maldives', N'MV')
GO
INSERT [PERSONA].[DIRECCION_PAIS] ([id_pais], [nom_pais], [abr_pais]) VALUES (131, N'Mali', N'ML')
GO
INSERT [PERSONA].[DIRECCION_PAIS] ([id_pais], [nom_pais], [abr_pais]) VALUES (132, N'Malta', N'MT')
GO
INSERT [PERSONA].[DIRECCION_PAIS] ([id_pais], [nom_pais], [abr_pais]) VALUES (133, N'Marshall Islands', N'MH')
GO
INSERT [PERSONA].[DIRECCION_PAIS] ([id_pais], [nom_pais], [abr_pais]) VALUES (134, N'Martinique', N'MQ')
GO
INSERT [PERSONA].[DIRECCION_PAIS] ([id_pais], [nom_pais], [abr_pais]) VALUES (135, N'Mauritania', N'MR')
GO
INSERT [PERSONA].[DIRECCION_PAIS] ([id_pais], [nom_pais], [abr_pais]) VALUES (136, N'Mauritius', N'MU')
GO
INSERT [PERSONA].[DIRECCION_PAIS] ([id_pais], [nom_pais], [abr_pais]) VALUES (137, N'Mayotte', N'YT')
GO
INSERT [PERSONA].[DIRECCION_PAIS] ([id_pais], [nom_pais], [abr_pais]) VALUES (138, N'Mexico', N'MX')
GO
INSERT [PERSONA].[DIRECCION_PAIS] ([id_pais], [nom_pais], [abr_pais]) VALUES (139, N'Micronesia, Federated States of', N'FM')
GO
INSERT [PERSONA].[DIRECCION_PAIS] ([id_pais], [nom_pais], [abr_pais]) VALUES (140, N'Moldova, Republic of', N'MD')
GO
INSERT [PERSONA].[DIRECCION_PAIS] ([id_pais], [nom_pais], [abr_pais]) VALUES (141, N'Monaco', N'MC')
GO
INSERT [PERSONA].[DIRECCION_PAIS] ([id_pais], [nom_pais], [abr_pais]) VALUES (142, N'Monlia', N'MN')
GO
INSERT [PERSONA].[DIRECCION_PAIS] ([id_pais], [nom_pais], [abr_pais]) VALUES (143, N'Montserrat', N'MS')
GO
INSERT [PERSONA].[DIRECCION_PAIS] ([id_pais], [nom_pais], [abr_pais]) VALUES (144, N'Morocco', N'MA')
GO
INSERT [PERSONA].[DIRECCION_PAIS] ([id_pais], [nom_pais], [abr_pais]) VALUES (145, N'Mozambique', N'MZ')
GO
INSERT [PERSONA].[DIRECCION_PAIS] ([id_pais], [nom_pais], [abr_pais]) VALUES (146, N'Myanmar', N'MM')
GO
INSERT [PERSONA].[DIRECCION_PAIS] ([id_pais], [nom_pais], [abr_pais]) VALUES (147, N'Namibia', N'NA')
GO
INSERT [PERSONA].[DIRECCION_PAIS] ([id_pais], [nom_pais], [abr_pais]) VALUES (148, N'Nauru', N'NR')
GO
INSERT [PERSONA].[DIRECCION_PAIS] ([id_pais], [nom_pais], [abr_pais]) VALUES (149, N'Nepal', N'NP')
GO
INSERT [PERSONA].[DIRECCION_PAIS] ([id_pais], [nom_pais], [abr_pais]) VALUES (150, N'Netherlands', N'NL')
GO
INSERT [PERSONA].[DIRECCION_PAIS] ([id_pais], [nom_pais], [abr_pais]) VALUES (151, N'Netherlands Antilles', N'AN')
GO
INSERT [PERSONA].[DIRECCION_PAIS] ([id_pais], [nom_pais], [abr_pais]) VALUES (152, N'New Caledonia', N'NC')
GO
INSERT [PERSONA].[DIRECCION_PAIS] ([id_pais], [nom_pais], [abr_pais]) VALUES (153, N'New Zealand', N'NZ')
GO
INSERT [PERSONA].[DIRECCION_PAIS] ([id_pais], [nom_pais], [abr_pais]) VALUES (154, N'Nicaragua', N'NI')
GO
INSERT [PERSONA].[DIRECCION_PAIS] ([id_pais], [nom_pais], [abr_pais]) VALUES (155, N'Niger', N'NE')
GO
INSERT [PERSONA].[DIRECCION_PAIS] ([id_pais], [nom_pais], [abr_pais]) VALUES (156, N'Nigeria', N'NG')
GO
INSERT [PERSONA].[DIRECCION_PAIS] ([id_pais], [nom_pais], [abr_pais]) VALUES (157, N'Niue', N'NU')
GO
INSERT [PERSONA].[DIRECCION_PAIS] ([id_pais], [nom_pais], [abr_pais]) VALUES (158, N'Norfolk Island', N'NF')
GO
INSERT [PERSONA].[DIRECCION_PAIS] ([id_pais], [nom_pais], [abr_pais]) VALUES (159, N'Northern Mariana Islands', N'MP')
GO
INSERT [PERSONA].[DIRECCION_PAIS] ([id_pais], [nom_pais], [abr_pais]) VALUES (160, N'Norway', N'NO')
GO
INSERT [PERSONA].[DIRECCION_PAIS] ([id_pais], [nom_pais], [abr_pais]) VALUES (161, N'Oman', N'OM')
GO
INSERT [PERSONA].[DIRECCION_PAIS] ([id_pais], [nom_pais], [abr_pais]) VALUES (162, N'Pakistan', N'PK')
GO
INSERT [PERSONA].[DIRECCION_PAIS] ([id_pais], [nom_pais], [abr_pais]) VALUES (163, N'Palau', N'PW')
GO
INSERT [PERSONA].[DIRECCION_PAIS] ([id_pais], [nom_pais], [abr_pais]) VALUES (164, N'Palestinian Territory, Occupied', N'PS')
GO
INSERT [PERSONA].[DIRECCION_PAIS] ([id_pais], [nom_pais], [abr_pais]) VALUES (165, N'Panama', N'PA')
GO
INSERT [PERSONA].[DIRECCION_PAIS] ([id_pais], [nom_pais], [abr_pais]) VALUES (166, N'Papua New Guinea', N'PG')
GO
INSERT [PERSONA].[DIRECCION_PAIS] ([id_pais], [nom_pais], [abr_pais]) VALUES (167, N'Paraguay', N'PY')
GO
INSERT [PERSONA].[DIRECCION_PAIS] ([id_pais], [nom_pais], [abr_pais]) VALUES (168, N'Peru', N'PE')
GO
INSERT [PERSONA].[DIRECCION_PAIS] ([id_pais], [nom_pais], [abr_pais]) VALUES (169, N'Philippines', N'PH')
GO
INSERT [PERSONA].[DIRECCION_PAIS] ([id_pais], [nom_pais], [abr_pais]) VALUES (170, N'Pitcairn', N'PN')
GO
INSERT [PERSONA].[DIRECCION_PAIS] ([id_pais], [nom_pais], [abr_pais]) VALUES (171, N'Poland', N'PL')
GO
INSERT [PERSONA].[DIRECCION_PAIS] ([id_pais], [nom_pais], [abr_pais]) VALUES (172, N'Portugal', N'PT')
GO
INSERT [PERSONA].[DIRECCION_PAIS] ([id_pais], [nom_pais], [abr_pais]) VALUES (173, N'Puerto Rico', N'PR')
GO
INSERT [PERSONA].[DIRECCION_PAIS] ([id_pais], [nom_pais], [abr_pais]) VALUES (174, N'Qatar', N'QA')
GO
INSERT [PERSONA].[DIRECCION_PAIS] ([id_pais], [nom_pais], [abr_pais]) VALUES (175, N'Reunion', N'RE')
GO
INSERT [PERSONA].[DIRECCION_PAIS] ([id_pais], [nom_pais], [abr_pais]) VALUES (176, N'Romania', N'RO')
GO
INSERT [PERSONA].[DIRECCION_PAIS] ([id_pais], [nom_pais], [abr_pais]) VALUES (177, N'Russian Federation', N'RU')
GO
INSERT [PERSONA].[DIRECCION_PAIS] ([id_pais], [nom_pais], [abr_pais]) VALUES (178, N'Rwanda', N'RW')
GO
INSERT [PERSONA].[DIRECCION_PAIS] ([id_pais], [nom_pais], [abr_pais]) VALUES (179, N'Saint Helena', N'SH')
GO
INSERT [PERSONA].[DIRECCION_PAIS] ([id_pais], [nom_pais], [abr_pais]) VALUES (180, N'Saint Kitts and Nevis', N'KN')
GO
INSERT [PERSONA].[DIRECCION_PAIS] ([id_pais], [nom_pais], [abr_pais]) VALUES (181, N'Saint Lucia', N'LC')
GO
INSERT [PERSONA].[DIRECCION_PAIS] ([id_pais], [nom_pais], [abr_pais]) VALUES (182, N'Saint Pierre and Miquelon', N'PM')
GO
INSERT [PERSONA].[DIRECCION_PAIS] ([id_pais], [nom_pais], [abr_pais]) VALUES (183, N'Saint Vincent and the Grenadines', N'VC')
GO
INSERT [PERSONA].[DIRECCION_PAIS] ([id_pais], [nom_pais], [abr_pais]) VALUES (184, N'Samoa', N'WS')
GO
INSERT [PERSONA].[DIRECCION_PAIS] ([id_pais], [nom_pais], [abr_pais]) VALUES (185, N'San Marino', N'SM')
GO
INSERT [PERSONA].[DIRECCION_PAIS] ([id_pais], [nom_pais], [abr_pais]) VALUES (186, N'Sao Tome and Principe', N'ST')
GO
INSERT [PERSONA].[DIRECCION_PAIS] ([id_pais], [nom_pais], [abr_pais]) VALUES (187, N'Saudi Arabia', N'SA')
GO
INSERT [PERSONA].[DIRECCION_PAIS] ([id_pais], [nom_pais], [abr_pais]) VALUES (188, N'Senegal', N'SN')
GO
INSERT [PERSONA].[DIRECCION_PAIS] ([id_pais], [nom_pais], [abr_pais]) VALUES (189, N'Serbia and Montenegro', N'CS')
GO
INSERT [PERSONA].[DIRECCION_PAIS] ([id_pais], [nom_pais], [abr_pais]) VALUES (190, N'Seychelles', N'SC')
GO
INSERT [PERSONA].[DIRECCION_PAIS] ([id_pais], [nom_pais], [abr_pais]) VALUES (191, N'Sierra Leone', N'SL')
GO
INSERT [PERSONA].[DIRECCION_PAIS] ([id_pais], [nom_pais], [abr_pais]) VALUES (192, N'Singapore', N'SG')
GO
INSERT [PERSONA].[DIRECCION_PAIS] ([id_pais], [nom_pais], [abr_pais]) VALUES (193, N'Slovakia', N'SK')
GO
INSERT [PERSONA].[DIRECCION_PAIS] ([id_pais], [nom_pais], [abr_pais]) VALUES (194, N'Slovenia', N'SI')
GO
INSERT [PERSONA].[DIRECCION_PAIS] ([id_pais], [nom_pais], [abr_pais]) VALUES (195, N'Solomon Islands', N'SB')
GO
INSERT [PERSONA].[DIRECCION_PAIS] ([id_pais], [nom_pais], [abr_pais]) VALUES (196, N'Somalia', N'SO')
GO
INSERT [PERSONA].[DIRECCION_PAIS] ([id_pais], [nom_pais], [abr_pais]) VALUES (197, N'South Africa', N'ZA')
GO
INSERT [PERSONA].[DIRECCION_PAIS] ([id_pais], [nom_pais], [abr_pais]) VALUES (198, N'South Georgia and the South Sandwich Islands', N'GS')
GO
INSERT [PERSONA].[DIRECCION_PAIS] ([id_pais], [nom_pais], [abr_pais]) VALUES (199, N'Spain', N'ES')
GO
INSERT [PERSONA].[DIRECCION_PAIS] ([id_pais], [nom_pais], [abr_pais]) VALUES (200, N'Sri Lanka', N'LK')
GO
INSERT [PERSONA].[DIRECCION_PAIS] ([id_pais], [nom_pais], [abr_pais]) VALUES (201, N'Sudan', N'SD')
GO
INSERT [PERSONA].[DIRECCION_PAIS] ([id_pais], [nom_pais], [abr_pais]) VALUES (202, N'Suriname', N'SR')
GO
INSERT [PERSONA].[DIRECCION_PAIS] ([id_pais], [nom_pais], [abr_pais]) VALUES (203, N'Svalbard and Jan Mayen', N'SJ')
GO
INSERT [PERSONA].[DIRECCION_PAIS] ([id_pais], [nom_pais], [abr_pais]) VALUES (204, N'Swaziland', N'SZ')
GO
INSERT [PERSONA].[DIRECCION_PAIS] ([id_pais], [nom_pais], [abr_pais]) VALUES (205, N'Sweden', N'SE')
GO
INSERT [PERSONA].[DIRECCION_PAIS] ([id_pais], [nom_pais], [abr_pais]) VALUES (206, N'Switzerland', N'CH')
GO
INSERT [PERSONA].[DIRECCION_PAIS] ([id_pais], [nom_pais], [abr_pais]) VALUES (207, N'Syrian Arab Republic', N'SY')
GO
INSERT [PERSONA].[DIRECCION_PAIS] ([id_pais], [nom_pais], [abr_pais]) VALUES (208, N'Taiwan, Province of China', N'TW')
GO
INSERT [PERSONA].[DIRECCION_PAIS] ([id_pais], [nom_pais], [abr_pais]) VALUES (209, N'Tajikistan', N'TJ')
GO
INSERT [PERSONA].[DIRECCION_PAIS] ([id_pais], [nom_pais], [abr_pais]) VALUES (210, N'Tanzania, United Republic of', N'TZ')
GO
INSERT [PERSONA].[DIRECCION_PAIS] ([id_pais], [nom_pais], [abr_pais]) VALUES (211, N'Thailand', N'TH')
GO
INSERT [PERSONA].[DIRECCION_PAIS] ([id_pais], [nom_pais], [abr_pais]) VALUES (212, N'Timor-Leste', N'TL')
GO
INSERT [PERSONA].[DIRECCION_PAIS] ([id_pais], [nom_pais], [abr_pais]) VALUES (213, N'To', N'TG')
GO
INSERT [PERSONA].[DIRECCION_PAIS] ([id_pais], [nom_pais], [abr_pais]) VALUES (214, N'Tokelau', N'TK')
GO
INSERT [PERSONA].[DIRECCION_PAIS] ([id_pais], [nom_pais], [abr_pais]) VALUES (215, N'Tonga', N'TO')
GO
INSERT [PERSONA].[DIRECCION_PAIS] ([id_pais], [nom_pais], [abr_pais]) VALUES (216, N'Trinidad and Toba', N'TT')
GO
INSERT [PERSONA].[DIRECCION_PAIS] ([id_pais], [nom_pais], [abr_pais]) VALUES (217, N'Tunisia', N'TN')
GO
INSERT [PERSONA].[DIRECCION_PAIS] ([id_pais], [nom_pais], [abr_pais]) VALUES (218, N'Turkey', N'TR')
GO
INSERT [PERSONA].[DIRECCION_PAIS] ([id_pais], [nom_pais], [abr_pais]) VALUES (219, N'Turkmenistan', N'TM')
GO
INSERT [PERSONA].[DIRECCION_PAIS] ([id_pais], [nom_pais], [abr_pais]) VALUES (220, N'Turks and Caicos Islands', N'TC')
GO
INSERT [PERSONA].[DIRECCION_PAIS] ([id_pais], [nom_pais], [abr_pais]) VALUES (221, N'Tuvalu', N'TV')
GO
INSERT [PERSONA].[DIRECCION_PAIS] ([id_pais], [nom_pais], [abr_pais]) VALUES (222, N'Uganda', N'UG')
GO
INSERT [PERSONA].[DIRECCION_PAIS] ([id_pais], [nom_pais], [abr_pais]) VALUES (223, N'Ukraine', N'UA')
GO
INSERT [PERSONA].[DIRECCION_PAIS] ([id_pais], [nom_pais], [abr_pais]) VALUES (224, N'United Arab Emirates', N'AE')
GO
INSERT [PERSONA].[DIRECCION_PAIS] ([id_pais], [nom_pais], [abr_pais]) VALUES (225, N'United Kingdom', N'GB')
GO
INSERT [PERSONA].[DIRECCION_PAIS] ([id_pais], [nom_pais], [abr_pais]) VALUES (226, N'United States', N'US')
GO
INSERT [PERSONA].[DIRECCION_PAIS] ([id_pais], [nom_pais], [abr_pais]) VALUES (227, N'United States Minor Outlying Islands', N'UM')
GO
INSERT [PERSONA].[DIRECCION_PAIS] ([id_pais], [nom_pais], [abr_pais]) VALUES (228, N'Uruguay', N'UY')
GO
INSERT [PERSONA].[DIRECCION_PAIS] ([id_pais], [nom_pais], [abr_pais]) VALUES (229, N'Uzbekistan', N'UZ')
GO
INSERT [PERSONA].[DIRECCION_PAIS] ([id_pais], [nom_pais], [abr_pais]) VALUES (230, N'Vanuatu', N'VU')
GO
INSERT [PERSONA].[DIRECCION_PAIS] ([id_pais], [nom_pais], [abr_pais]) VALUES (231, N'Venezuela', N'VE')
GO
INSERT [PERSONA].[DIRECCION_PAIS] ([id_pais], [nom_pais], [abr_pais]) VALUES (232, N'Viet Nam', N'VN')
GO
INSERT [PERSONA].[DIRECCION_PAIS] ([id_pais], [nom_pais], [abr_pais]) VALUES (233, N'Virgin Islands, British', N'VG')
GO
INSERT [PERSONA].[DIRECCION_PAIS] ([id_pais], [nom_pais], [abr_pais]) VALUES (234, N'Virgin Islands, U.s.', N'VI')
GO
INSERT [PERSONA].[DIRECCION_PAIS] ([id_pais], [nom_pais], [abr_pais]) VALUES (235, N'Wallis and Futuna', N'WF')
GO
INSERT [PERSONA].[DIRECCION_PAIS] ([id_pais], [nom_pais], [abr_pais]) VALUES (236, N'Western Sahara', N'EH')
GO
INSERT [PERSONA].[DIRECCION_PAIS] ([id_pais], [nom_pais], [abr_pais]) VALUES (237, N'Yemen', N'YE')
GO
INSERT [PERSONA].[DIRECCION_PAIS] ([id_pais], [nom_pais], [abr_pais]) VALUES (238, N'Zambia', N'ZM')
GO
INSERT [PERSONA].[DIRECCION_PAIS] ([id_pais], [nom_pais], [abr_pais]) VALUES (239, N'Zimbabwe', N'ZW')
GO
INSERT [PERSONA].[DIRECCION_PAIS] ([id_pais], [nom_pais], [abr_pais]) VALUES (240, N'Serbia', N'RS')
GO
INSERT [PERSONA].[DIRECCION_PAIS] ([id_pais], [nom_pais], [abr_pais]) VALUES (241, N'Asia / Pacific Region', N'AP')
GO
INSERT [PERSONA].[DIRECCION_PAIS] ([id_pais], [nom_pais], [abr_pais]) VALUES (242, N'Montenegro', N'ME')
GO
INSERT [PERSONA].[DIRECCION_PAIS] ([id_pais], [nom_pais], [abr_pais]) VALUES (243, N'Aland Islands', N'AX')
GO
INSERT [PERSONA].[DIRECCION_PAIS] ([id_pais], [nom_pais], [abr_pais]) VALUES (244, N'Bonaire, Sint Eustatius and Saba', N'BQ')
GO
INSERT [PERSONA].[DIRECCION_PAIS] ([id_pais], [nom_pais], [abr_pais]) VALUES (245, N'Curacao', N'CW')
GO
INSERT [PERSONA].[DIRECCION_PAIS] ([id_pais], [nom_pais], [abr_pais]) VALUES (246, N'Guernsey', N'GG')
GO
INSERT [PERSONA].[DIRECCION_PAIS] ([id_pais], [nom_pais], [abr_pais]) VALUES (247, N'Isle of Man', N'IM')
GO
INSERT [PERSONA].[DIRECCION_PAIS] ([id_pais], [nom_pais], [abr_pais]) VALUES (248, N'Jersey', N'JE')
GO
INSERT [PERSONA].[DIRECCION_PAIS] ([id_pais], [nom_pais], [abr_pais]) VALUES (249, N'Kosovo', N'XK')
GO
INSERT [PERSONA].[DIRECCION_PAIS] ([id_pais], [nom_pais], [abr_pais]) VALUES (250, N'Saint Barthelemy', N'BL')
GO
INSERT [PERSONA].[DIRECCION_PAIS] ([id_pais], [nom_pais], [abr_pais]) VALUES (251, N'Saint Martin', N'MF')
GO
INSERT [PERSONA].[DIRECCION_PAIS] ([id_pais], [nom_pais], [abr_pais]) VALUES (252, N'Sint Maarten', N'SX')
GO
INSERT [PERSONA].[DIRECCION_PAIS] ([id_pais], [nom_pais], [abr_pais]) VALUES (253, N'South Sudan', N'SS')
GO
SET IDENTITY_INSERT [PERSONA].[DIRECCION_PAIS] OFF
GO
SET IDENTITY_INSERT [PERSONA].[DIRECCION_REGION] ON 
GO
INSERT [PERSONA].[DIRECCION_REGION] ([id_pais], [id_region], [nom_region]) VALUES (168, 1, N'AMAZONAS')
GO
INSERT [PERSONA].[DIRECCION_REGION] ([id_pais], [id_region], [nom_region]) VALUES (168, 2, N'ANCASH')
GO
INSERT [PERSONA].[DIRECCION_REGION] ([id_pais], [id_region], [nom_region]) VALUES (168, 3, N'APURIMAC')
GO
INSERT [PERSONA].[DIRECCION_REGION] ([id_pais], [id_region], [nom_region]) VALUES (168, 4, N'AREQUIPA')
GO
INSERT [PERSONA].[DIRECCION_REGION] ([id_pais], [id_region], [nom_region]) VALUES (168, 5, N'AYACUCHO')
GO
INSERT [PERSONA].[DIRECCION_REGION] ([id_pais], [id_region], [nom_region]) VALUES (168, 6, N'CAJAMARCA')
GO
INSERT [PERSONA].[DIRECCION_REGION] ([id_pais], [id_region], [nom_region]) VALUES (168, 7, N'CALLAO')
GO
INSERT [PERSONA].[DIRECCION_REGION] ([id_pais], [id_region], [nom_region]) VALUES (168, 8, N'CUSCO')
GO
INSERT [PERSONA].[DIRECCION_REGION] ([id_pais], [id_region], [nom_region]) VALUES (168, 9, N'HUANCAVELICA')
GO
INSERT [PERSONA].[DIRECCION_REGION] ([id_pais], [id_region], [nom_region]) VALUES (168, 10, N'HUANUCO')
GO
INSERT [PERSONA].[DIRECCION_REGION] ([id_pais], [id_region], [nom_region]) VALUES (168, 11, N'ICA')
GO
INSERT [PERSONA].[DIRECCION_REGION] ([id_pais], [id_region], [nom_region]) VALUES (168, 12, N'JUNIN')
GO
INSERT [PERSONA].[DIRECCION_REGION] ([id_pais], [id_region], [nom_region]) VALUES (168, 13, N'LA LIBERTAD')
GO
INSERT [PERSONA].[DIRECCION_REGION] ([id_pais], [id_region], [nom_region]) VALUES (168, 14, N'LAMBAYEQUE')
GO
INSERT [PERSONA].[DIRECCION_REGION] ([id_pais], [id_region], [nom_region]) VALUES (168, 15, N'LIMA')
GO
INSERT [PERSONA].[DIRECCION_REGION] ([id_pais], [id_region], [nom_region]) VALUES (168, 16, N'LORETO')
GO
INSERT [PERSONA].[DIRECCION_REGION] ([id_pais], [id_region], [nom_region]) VALUES (168, 17, N'MADRE DE DIOS')
GO
INSERT [PERSONA].[DIRECCION_REGION] ([id_pais], [id_region], [nom_region]) VALUES (168, 18, N'MOQUEGUA')
GO
INSERT [PERSONA].[DIRECCION_REGION] ([id_pais], [id_region], [nom_region]) VALUES (168, 19, N'PASCO')
GO
INSERT [PERSONA].[DIRECCION_REGION] ([id_pais], [id_region], [nom_region]) VALUES (168, 20, N'PIURA')
GO
INSERT [PERSONA].[DIRECCION_REGION] ([id_pais], [id_region], [nom_region]) VALUES (168, 21, N'PUNO')
GO
INSERT [PERSONA].[DIRECCION_REGION] ([id_pais], [id_region], [nom_region]) VALUES (168, 22, N'SAN MARTIN')
GO
INSERT [PERSONA].[DIRECCION_REGION] ([id_pais], [id_region], [nom_region]) VALUES (168, 23, N'TACNA')
GO
INSERT [PERSONA].[DIRECCION_REGION] ([id_pais], [id_region], [nom_region]) VALUES (168, 24, N'TUMBES')
GO
INSERT [PERSONA].[DIRECCION_REGION] ([id_pais], [id_region], [nom_region]) VALUES (168, 25, N'UCAYALI')
GO
SET IDENTITY_INSERT [PERSONA].[DIRECCION_REGION] OFF
GO
SET IDENTITY_INSERT [PERSONA].[DIRECCION_TIPOS] ON 
GO
INSERT [PERSONA].[DIRECCION_TIPOS] ([tipo_direccion], [nombre_direccion]) VALUES (1, N'DOMICILIO')
GO
INSERT [PERSONA].[DIRECCION_TIPOS] ([tipo_direccion], [nombre_direccion]) VALUES (2, N'OFICINA')
GO
INSERT [PERSONA].[DIRECCION_TIPOS] ([tipo_direccion], [nombre_direccion]) VALUES (3, N'PROYECTO')
GO
INSERT [PERSONA].[DIRECCION_TIPOS] ([tipo_direccion], [nombre_direccion]) VALUES (4, N'ALMACEN')
GO
INSERT [PERSONA].[DIRECCION_TIPOS] ([tipo_direccion], [nombre_direccion]) VALUES (5, N'OTRO')
GO
SET IDENTITY_INSERT [PERSONA].[DIRECCION_TIPOS] OFF
GO
SET IDENTITY_INSERT [PERSONA].[EMAIL] ON 
GO
INSERT [PERSONA].[EMAIL] ([id_email], [tipo_email], [id_persona], [direccion_email]) VALUES (1, 2, 9, N'EMPRESAABC@GMAIL.COM')
GO
INSERT [PERSONA].[EMAIL] ([id_email], [tipo_email], [id_persona], [direccion_email]) VALUES (2, 5, 1, N'EMAILPERSONAL@BIZ.ORG')
GO
INSERT [PERSONA].[EMAIL] ([id_email], [tipo_email], [id_persona], [direccion_email]) VALUES (3, 1, 3, N'XYZ@OUTLOOK.COM')
GO
INSERT [PERSONA].[EMAIL] ([id_email], [tipo_email], [id_persona], [direccion_email]) VALUES (4, 1, 7, N'EMPRE345@LIVE.COM')
GO
INSERT [PERSONA].[EMAIL] ([id_email], [tipo_email], [id_persona], [direccion_email]) VALUES (5, 2, 4, N'ESTUDIOARCH@MAIL.RU')
GO
INSERT [PERSONA].[EMAIL] ([id_email], [tipo_email], [id_persona], [direccion_email]) VALUES (6, 4, 4, N'PLANOSYPLANOS@HOTMAIL.COM')
GO
INSERT [PERSONA].[EMAIL] ([id_email], [tipo_email], [id_persona], [direccion_email]) VALUES (13, 1, 45, N'dominique120@live.com')
GO
INSERT [PERSONA].[EMAIL] ([id_email], [tipo_email], [id_persona], [direccion_email]) VALUES (1014, 1, 23, N'emaildecesar@email.com')
GO
INSERT [PERSONA].[EMAIL] ([id_email], [tipo_email], [id_persona], [direccion_email]) VALUES (1015, 3, 23, N'sdfsdfs@#sdfs.com')
GO
SET IDENTITY_INSERT [PERSONA].[EMAIL] OFF
GO
SET IDENTITY_INSERT [PERSONA].[EMAIL_TIPOS] ON 
GO
INSERT [PERSONA].[EMAIL_TIPOS] ([tipo_email], [nombre_email]) VALUES (1, N'PERSONAL')
GO
INSERT [PERSONA].[EMAIL_TIPOS] ([tipo_email], [nombre_email]) VALUES (2, N'OFICINA')
GO
INSERT [PERSONA].[EMAIL_TIPOS] ([tipo_email], [nombre_email]) VALUES (3, N'TRABAJO')
GO
INSERT [PERSONA].[EMAIL_TIPOS] ([tipo_email], [nombre_email]) VALUES (4, N'SECUNDARIO')
GO
INSERT [PERSONA].[EMAIL_TIPOS] ([tipo_email], [nombre_email]) VALUES (5, N'EMPRESARIAL')
GO
SET IDENTITY_INSERT [PERSONA].[EMAIL_TIPOS] OFF
GO
INSERT [PERSONA].[EMPLEADO] ([id_persona], [puesto_empleado], [doc_oficial], [ruc_empleado], [fecha_nacimiento], [fecha_inicio], [primer_nom], [segundo_nom], [primer_ape], [segundo_ape], [estado]) VALUES (1, 1, N'15434235', N'10768348153', CAST(N'1962-03-02' AS Date), CAST(N'1999-10-02' AS Date), N'PETER', N'', N'SMITH', N'HAMMER', 1)
GO
INSERT [PERSONA].[EMPLEADO] ([id_persona], [puesto_empleado], [doc_oficial], [ruc_empleado], [fecha_nacimiento], [fecha_inicio], [primer_nom], [segundo_nom], [primer_ape], [segundo_ape], [estado]) VALUES (2, 2, N'41578654', N'10154453753', CAST(N'1974-08-07' AS Date), CAST(N'1999-10-01' AS Date), N'JUAN', N'', N'MARTINEZ', N'PEREZ', 1)
GO
INSERT [PERSONA].[EMPLEADO] ([id_persona], [puesto_empleado], [doc_oficial], [ruc_empleado], [fecha_nacimiento], [fecha_inicio], [primer_nom], [segundo_nom], [primer_ape], [segundo_ape], [estado]) VALUES (3, 3, N'64872491', N'10648724913', CAST(N'1958-08-02' AS Date), CAST(N'2001-02-15' AS Date), N'MATEO', N'', N'JIMENEZ', N'SLAVCO', 1)
GO
INSERT [PERSONA].[EMPLEADO] ([id_persona], [puesto_empleado], [doc_oficial], [ruc_empleado], [fecha_nacimiento], [fecha_inicio], [primer_nom], [segundo_nom], [primer_ape], [segundo_ape], [estado]) VALUES (4, 4, N'48214487', N'10482144873', CAST(N'1988-04-07' AS Date), CAST(N'2001-04-14' AS Date), N'FERNANDO', N'JUAN', N'BALBOA', N'NUñEZ', 0)
GO
INSERT [PERSONA].[EMPLEADO] ([id_persona], [puesto_empleado], [doc_oficial], [ruc_empleado], [fecha_nacimiento], [fecha_inicio], [primer_nom], [segundo_nom], [primer_ape], [segundo_ape], [estado]) VALUES (5, 5, N'32158842', N'10321588423', CAST(N'1990-12-04' AS Date), CAST(N'2018-12-24' AS Date), N'MARTIN', N'', N'CHAVEZ', N'MORALES', 1)
GO
INSERT [PERSONA].[EMPLEADO] ([id_persona], [puesto_empleado], [doc_oficial], [ruc_empleado], [fecha_nacimiento], [fecha_inicio], [primer_nom], [segundo_nom], [primer_ape], [segundo_ape], [estado]) VALUES (6, 6, N'78495974', N'10784959743', CAST(N'1989-02-07' AS Date), CAST(N'2015-04-08' AS Date), N'AUGUSTO', N'', N'FERNANDO', N'JIMENEZ', 1)
GO
INSERT [PERSONA].[EMPLEADO] ([id_persona], [puesto_empleado], [doc_oficial], [ruc_empleado], [fecha_nacimiento], [fecha_inicio], [primer_nom], [segundo_nom], [primer_ape], [segundo_ape], [estado]) VALUES (7, 4, N'21548726', N'10215487263', CAST(N'1995-07-25' AS Date), CAST(N'2016-06-15' AS Date), N'MARTA', N'ISABEL', N'LOPEZ', N'CASTRO', 1)
GO
INSERT [PERSONA].[EMPLEADO] ([id_persona], [puesto_empleado], [doc_oficial], [ruc_empleado], [fecha_nacimiento], [fecha_inicio], [primer_nom], [segundo_nom], [primer_ape], [segundo_ape], [estado]) VALUES (8, 8, N'88471649', N'10884716493', CAST(N'1971-11-24' AS Date), CAST(N'2005-04-07' AS Date), N'OCTAVIO', N'MATEO', N'PEREZ', N'JIMENEZ', 0)
GO
INSERT [PERSONA].[EMPLEADO] ([id_persona], [puesto_empleado], [doc_oficial], [ruc_empleado], [fecha_nacimiento], [fecha_inicio], [primer_nom], [segundo_nom], [primer_ape], [segundo_ape], [estado]) VALUES (9, 9, N'12446884', N'10124468843', CAST(N'1991-02-27' AS Date), CAST(N'2015-12-04' AS Date), N'ROBERTO', N'', N'FERNANDEZ', N'BALBOA', 0)
GO
INSERT [PERSONA].[EMPLEADO] ([id_persona], [puesto_empleado], [doc_oficial], [ruc_empleado], [fecha_nacimiento], [fecha_inicio], [primer_nom], [segundo_nom], [primer_ape], [segundo_ape], [estado]) VALUES (10, 5, N'65481659', N'10654816593', CAST(N'1984-10-12' AS Date), CAST(N'2018-12-20' AS Date), N'CARLOS', N'ROBERTO', N'MORALES', N'CORNEJO', 0)
GO
INSERT [PERSONA].[EMPLEADO] ([id_persona], [puesto_empleado], [doc_oficial], [ruc_empleado], [fecha_nacimiento], [fecha_inicio], [primer_nom], [segundo_nom], [primer_ape], [segundo_ape], [estado]) VALUES (11, 5, N'45197564', N'10451975643', CAST(N'1955-02-22' AS Date), CAST(N'2018-12-20' AS Date), N'JUAN', N'', N'PEREZ', N'SANCHEZ', 1)
GO
INSERT [PERSONA].[EMPLEADO] ([id_persona], [puesto_empleado], [doc_oficial], [ruc_empleado], [fecha_nacimiento], [fecha_inicio], [primer_nom], [segundo_nom], [primer_ape], [segundo_ape], [estado]) VALUES (12, 5, N'19777461', N'10312431643', CAST(N'1979-05-02' AS Date), CAST(N'2018-12-20' AS Date), N'EDILBERTO', N'JULIO', N'LOPEZ', N'MARTIN', 1)
GO
SET IDENTITY_INSERT [PERSONA].[ID_PERSONA] ON 
GO
INSERT [PERSONA].[ID_PERSONA] ([id_persona], [uid]) VALUES (1, N'495a2d39-5bd3-4e5f-b4c0-a54211363feb')
GO
INSERT [PERSONA].[ID_PERSONA] ([id_persona], [uid]) VALUES (2, N'85041fe7-030a-478f-917d-de24b0a0e821')
GO
INSERT [PERSONA].[ID_PERSONA] ([id_persona], [uid]) VALUES (3, N'e6b90848-ecde-4202-8f71-bc911e06b824')
GO
INSERT [PERSONA].[ID_PERSONA] ([id_persona], [uid]) VALUES (4, N'b51059ec-a74e-4be1-8a78-ecdec716a7a8')
GO
INSERT [PERSONA].[ID_PERSONA] ([id_persona], [uid]) VALUES (5, N'efc4263f-b1a5-4da0-80e5-3a422152e6c4')
GO
INSERT [PERSONA].[ID_PERSONA] ([id_persona], [uid]) VALUES (6, N'18f9af52-5461-4a7f-ae7c-401960ca53f6')
GO
INSERT [PERSONA].[ID_PERSONA] ([id_persona], [uid]) VALUES (7, N'1934c385-407f-403a-917d-776143145ed0')
GO
INSERT [PERSONA].[ID_PERSONA] ([id_persona], [uid]) VALUES (8, N'5dcc90aa-5e83-4565-9184-ef7101d07a8c')
GO
INSERT [PERSONA].[ID_PERSONA] ([id_persona], [uid]) VALUES (9, N'b9e5a273-5e9b-4eb4-b660-9a98e6b01076')
GO
INSERT [PERSONA].[ID_PERSONA] ([id_persona], [uid]) VALUES (10, N'6822fd6a-d53e-435d-a41c-98a518c36596')
GO
INSERT [PERSONA].[ID_PERSONA] ([id_persona], [uid]) VALUES (11, N'2e93d4e7-e434-453b-bbb0-e65e639ca1a0')
GO
INSERT [PERSONA].[ID_PERSONA] ([id_persona], [uid]) VALUES (12, N'd796d6fc-e1e4-414b-b9d6-ca6aff95c8e9')
GO
INSERT [PERSONA].[ID_PERSONA] ([id_persona], [uid]) VALUES (13, N'040477d1-0e31-4533-aee2-41853a49c72d')
GO
INSERT [PERSONA].[ID_PERSONA] ([id_persona], [uid]) VALUES (14, N'e7aa4931-a829-4e5a-94cf-db5f92e9bd88')
GO
INSERT [PERSONA].[ID_PERSONA] ([id_persona], [uid]) VALUES (15, N'40d5cde2-a345-4f35-bbf5-ccabb4bbaeec')
GO
INSERT [PERSONA].[ID_PERSONA] ([id_persona], [uid]) VALUES (16, N'c1e06ac3-e353-498d-93ca-1334627a285e')
GO
INSERT [PERSONA].[ID_PERSONA] ([id_persona], [uid]) VALUES (17, N'73652977-8353-4ef3-ac31-ec392443f71f')
GO
INSERT [PERSONA].[ID_PERSONA] ([id_persona], [uid]) VALUES (18, N'973ffac5-db13-40b5-bcd2-6461e16765c6')
GO
INSERT [PERSONA].[ID_PERSONA] ([id_persona], [uid]) VALUES (19, N'3ba12ae8-d3fe-4ea9-83cf-2e68d364750e')
GO
INSERT [PERSONA].[ID_PERSONA] ([id_persona], [uid]) VALUES (20, N'd93dd9a1-026e-4ee7-83a8-50d2e7ffb54d')
GO
INSERT [PERSONA].[ID_PERSONA] ([id_persona], [uid]) VALUES (21, N'22948539-347c-4048-af36-f9d1684747ac')
GO
INSERT [PERSONA].[ID_PERSONA] ([id_persona], [uid]) VALUES (22, N'76673e4f-c296-4f8d-8ba2-e15299983034')
GO
INSERT [PERSONA].[ID_PERSONA] ([id_persona], [uid]) VALUES (23, N'2c5336f0-ed1a-4c05-b955-deade3818d1d')
GO
INSERT [PERSONA].[ID_PERSONA] ([id_persona], [uid]) VALUES (24, N'78ea6dff-3058-4db6-b741-471ddb71e690')
GO
INSERT [PERSONA].[ID_PERSONA] ([id_persona], [uid]) VALUES (25, N'aa250e1f-8918-4b27-b8b5-9e272a32acc0')
GO
INSERT [PERSONA].[ID_PERSONA] ([id_persona], [uid]) VALUES (26, N'b47f2a05-4a08-4f67-8eea-0eb01b2bfccd')
GO
INSERT [PERSONA].[ID_PERSONA] ([id_persona], [uid]) VALUES (27, N'ca077235-f68d-4740-b2a0-0665bc0ae668')
GO
INSERT [PERSONA].[ID_PERSONA] ([id_persona], [uid]) VALUES (28, N'8e99d1a7-9aae-4ea9-8448-1356e30776a4')
GO
INSERT [PERSONA].[ID_PERSONA] ([id_persona], [uid]) VALUES (29, N'93d20cc4-00f0-420e-9b7e-d69cc1701a2c')
GO
INSERT [PERSONA].[ID_PERSONA] ([id_persona], [uid]) VALUES (30, N'12051e11-17ff-4c99-8ff4-e86cbe5a3e23')
GO
INSERT [PERSONA].[ID_PERSONA] ([id_persona], [uid]) VALUES (31, N'c4369059-7f2f-4854-ab7d-ce475d80c2f7')
GO
INSERT [PERSONA].[ID_PERSONA] ([id_persona], [uid]) VALUES (32, N'db6491f9-4677-44dd-b666-04fa827b221d')
GO
INSERT [PERSONA].[ID_PERSONA] ([id_persona], [uid]) VALUES (33, N'aa0257c7-9d41-4760-9c45-2594a4dd71bf')
GO
INSERT [PERSONA].[ID_PERSONA] ([id_persona], [uid]) VALUES (34, N'db406bac-ced1-485d-b063-115b276e1828')
GO
INSERT [PERSONA].[ID_PERSONA] ([id_persona], [uid]) VALUES (35, N'1573de90-a6a5-4683-a07c-9c28a59258e8')
GO
INSERT [PERSONA].[ID_PERSONA] ([id_persona], [uid]) VALUES (36, N'6cf54b9b-2e90-4afe-a458-60e3398c5fa2')
GO
INSERT [PERSONA].[ID_PERSONA] ([id_persona], [uid]) VALUES (37, N'e351be4d-333e-4f1a-828c-3939591158c6')
GO
INSERT [PERSONA].[ID_PERSONA] ([id_persona], [uid]) VALUES (38, N'af2035d4-c2a2-4cdc-a07f-37a137075845')
GO
INSERT [PERSONA].[ID_PERSONA] ([id_persona], [uid]) VALUES (39, N'7bf97535-a299-4628-bcf7-d12add614299')
GO
INSERT [PERSONA].[ID_PERSONA] ([id_persona], [uid]) VALUES (40, N'32234265-2b94-4e30-8bb3-1e012b5828b4')
GO
INSERT [PERSONA].[ID_PERSONA] ([id_persona], [uid]) VALUES (41, N'bed6209d-6f85-472e-990d-15271cfc0e31')
GO
INSERT [PERSONA].[ID_PERSONA] ([id_persona], [uid]) VALUES (42, N'9895f918-5da4-4d9c-804e-82ab417505aa')
GO
INSERT [PERSONA].[ID_PERSONA] ([id_persona], [uid]) VALUES (43, N'e0e5c48b-c5f8-44fb-a5ae-01490c7c1016')
GO
INSERT [PERSONA].[ID_PERSONA] ([id_persona], [uid]) VALUES (44, N'63efd768-b4bc-490b-9691-4472eb3f2ae9')
GO
INSERT [PERSONA].[ID_PERSONA] ([id_persona], [uid]) VALUES (45, N'857ff83c-e57f-4f0f-a247-a7b16a8591da')
GO
INSERT [PERSONA].[ID_PERSONA] ([id_persona], [uid]) VALUES (46, N'67013239-4fb1-4463-a042-21dcbc1b6336')
GO
INSERT [PERSONA].[ID_PERSONA] ([id_persona], [uid]) VALUES (47, N'eed0cbb0-a6b2-4d24-9bc6-0bc7329e5f21')
GO
INSERT [PERSONA].[ID_PERSONA] ([id_persona], [uid]) VALUES (48, N'34870ded-f106-4fbb-a36b-f33eea092bd0')
GO
INSERT [PERSONA].[ID_PERSONA] ([id_persona], [uid]) VALUES (49, N'0d5d3381-5e9b-460e-abe3-ba861f97f72e')
GO
INSERT [PERSONA].[ID_PERSONA] ([id_persona], [uid]) VALUES (1046, N'ede78600-3e20-43df-803b-e53497eef620')
GO
INSERT [PERSONA].[ID_PERSONA] ([id_persona], [uid]) VALUES (1047, N'885fa233-0a7f-40d5-bad8-be7c8beed38e')
GO
INSERT [PERSONA].[ID_PERSONA] ([id_persona], [uid]) VALUES (1048, N'8139b346-ba49-44cd-b987-654bbcf2a4e5')
GO
INSERT [PERSONA].[ID_PERSONA] ([id_persona], [uid]) VALUES (1049, N'82d33788-c625-46df-8fe1-461291d84372')
GO
INSERT [PERSONA].[ID_PERSONA] ([id_persona], [uid]) VALUES (1050, N'b9cc929a-7ebc-4926-8a37-08f278f8098b')
GO
INSERT [PERSONA].[ID_PERSONA] ([id_persona], [uid]) VALUES (1051, N'0745354d-28ed-48c4-95ea-03046634dea9')
GO
INSERT [PERSONA].[ID_PERSONA] ([id_persona], [uid]) VALUES (1052, N'c32a1f2a-f7a9-434a-bd46-99936d4eec33')
GO
INSERT [PERSONA].[ID_PERSONA] ([id_persona], [uid]) VALUES (1053, N'59659f07-c1b9-4877-80c8-c546e4c089b7')
GO
INSERT [PERSONA].[ID_PERSONA] ([id_persona], [uid]) VALUES (1054, N'b8a61674-7d08-4222-a13b-da60e55c5a62')
GO
INSERT [PERSONA].[ID_PERSONA] ([id_persona], [uid]) VALUES (1055, N'22dd6695-675f-494a-b0c4-86c43596541b')
GO
INSERT [PERSONA].[ID_PERSONA] ([id_persona], [uid]) VALUES (1056, N'1b265d8c-c510-4460-98e2-2c36e6a5f625')
GO
INSERT [PERSONA].[ID_PERSONA] ([id_persona], [uid]) VALUES (1057, N'e2c5c93b-0a39-4e38-89ea-36b5d3cadd45')
GO
SET IDENTITY_INSERT [PERSONA].[ID_PERSONA] OFF
GO
INSERT [PERSONA].[PERSONA_DE_INTERES] ([id_persona], [id_directorio], [id_proyecto], [puesto], [nom_persona]) VALUES (23, 1, 1, 5, N'CESAR PEREZ')
GO
INSERT [PERSONA].[PERSONA_DE_INTERES] ([id_persona], [id_directorio], [id_proyecto], [puesto], [nom_persona]) VALUES (24, 2, 2, 3, N'PEDRO AUGUSTO')
GO
INSERT [PERSONA].[PERSONA_DE_INTERES] ([id_persona], [id_directorio], [id_proyecto], [puesto], [nom_persona]) VALUES (25, 3, 3, 4, N'ENRIQUE HUAMAN')
GO
INSERT [PERSONA].[PERSONA_DE_INTERES] ([id_persona], [id_directorio], [id_proyecto], [puesto], [nom_persona]) VALUES (26, 1, 1, 2, N'ENRIQUE PRADO')
GO
INSERT [PERSONA].[PERSONA_DE_INTERES] ([id_persona], [id_directorio], [id_proyecto], [puesto], [nom_persona]) VALUES (27, 2, 2, 3, N'SANDRO ANGEL')
GO
INSERT [PERSONA].[PERSONA_DE_INTERES] ([id_persona], [id_directorio], [id_proyecto], [puesto], [nom_persona]) VALUES (28, 3, 3, 4, N'CARMEN ROMERO')
GO
INSERT [PERSONA].[PERSONA_DE_INTERES] ([id_persona], [id_directorio], [id_proyecto], [puesto], [nom_persona]) VALUES (29, 1, 1, 2, N'ALVARO PINTO')
GO
SET IDENTITY_INSERT [PERSONA].[PUESTO] ON 
GO
INSERT [PERSONA].[PUESTO] ([id_puesto], [desc_puesto]) VALUES (1, N'GERENTE GENERAL')
GO
INSERT [PERSONA].[PUESTO] ([id_puesto], [desc_puesto]) VALUES (2, N'GERENTE COMERCIAL')
GO
INSERT [PERSONA].[PUESTO] ([id_puesto], [desc_puesto]) VALUES (3, N'SUPERVISOR')
GO
INSERT [PERSONA].[PUESTO] ([id_puesto], [desc_puesto]) VALUES (4, N'INGENIERO')
GO
INSERT [PERSONA].[PUESTO] ([id_puesto], [desc_puesto]) VALUES (5, N'TECNICO')
GO
INSERT [PERSONA].[PUESTO] ([id_puesto], [desc_puesto]) VALUES (6, N'SECRETARIA')
GO
INSERT [PERSONA].[PUESTO] ([id_puesto], [desc_puesto]) VALUES (7, N'DIBUJANTE DE PLANOS')
GO
INSERT [PERSONA].[PUESTO] ([id_puesto], [desc_puesto]) VALUES (8, N'VENDEDOR')
GO
INSERT [PERSONA].[PUESTO] ([id_puesto], [desc_puesto]) VALUES (9, N'CONTADOR')
GO
INSERT [PERSONA].[PUESTO] ([id_puesto], [desc_puesto]) VALUES (10, N'TECNICO MAESTRO')
GO
INSERT [PERSONA].[PUESTO] ([id_puesto], [desc_puesto]) VALUES (11, N'REPRESENTANTE')
GO
INSERT [PERSONA].[PUESTO] ([id_puesto], [desc_puesto]) VALUES (12, N'ASISTENTE')
GO
SET IDENTITY_INSERT [PERSONA].[PUESTO] OFF
GO
SET IDENTITY_INSERT [PERSONA].[SALARIO] ON 
GO
INSERT [PERSONA].[SALARIO] ([id_persona], [id_salario], [monto], [frequencia_de_pago_dias], [fecha_modificada]) VALUES (1, 1, 6000.0000, 30, CAST(N'2018-05-05T00:00:00.000' AS DateTime))
GO
INSERT [PERSONA].[SALARIO] ([id_persona], [id_salario], [monto], [frequencia_de_pago_dias], [fecha_modificada]) VALUES (2, 2, 6000.0000, 30, CAST(N'2018-05-05T00:00:00.000' AS DateTime))
GO
INSERT [PERSONA].[SALARIO] ([id_persona], [id_salario], [monto], [frequencia_de_pago_dias], [fecha_modificada]) VALUES (3, 3, 4000.0000, 30, CAST(N'2018-12-05T00:00:00.000' AS DateTime))
GO
INSERT [PERSONA].[SALARIO] ([id_persona], [id_salario], [monto], [frequencia_de_pago_dias], [fecha_modificada]) VALUES (4, 4, 3800.0000, 30, CAST(N'2019-02-04T00:00:00.000' AS DateTime))
GO
SET IDENTITY_INSERT [PERSONA].[SALARIO] OFF
GO
SET IDENTITY_INSERT [PERSONA].[TELEFONO] ON 
GO
INSERT [PERSONA].[TELEFONO] ([id_telefono], [tipo_telefono], [id_persona], [codigo_pais], [campo_1], [campo_2], [campo_3], [ext]) VALUES (1, 1, 5, N'51', N'457', N'247', N'315', N'')
GO
INSERT [PERSONA].[TELEFONO] ([id_telefono], [tipo_telefono], [id_persona], [codigo_pais], [campo_1], [campo_2], [campo_3], [ext]) VALUES (2, 4, 1, N'32', N'789', N'43', N'78', N'15')
GO
INSERT [PERSONA].[TELEFONO] ([id_telefono], [tipo_telefono], [id_persona], [codigo_pais], [campo_1], [campo_2], [campo_3], [ext]) VALUES (3, 3, 9, N'51', N'999', N'673', N'751', N'')
GO
INSERT [PERSONA].[TELEFONO] ([id_telefono], [tipo_telefono], [id_persona], [codigo_pais], [campo_1], [campo_2], [campo_3], [ext]) VALUES (4, 4, 4, N'51', N'01', N'767', N'8974', N'125')
GO
INSERT [PERSONA].[TELEFONO] ([id_telefono], [tipo_telefono], [id_persona], [codigo_pais], [campo_1], [campo_2], [campo_3], [ext]) VALUES (5, 2, 7, N'53', N'179', N'731', N'788', N'2')
GO
INSERT [PERSONA].[TELEFONO] ([id_telefono], [tipo_telefono], [id_persona], [codigo_pais], [campo_1], [campo_2], [campo_3], [ext]) VALUES (15, 1, 49, N'345', N'534', N'45', N'345', N'4')
GO
INSERT [PERSONA].[TELEFONO] ([id_telefono], [tipo_telefono], [id_persona], [codigo_pais], [campo_1], [campo_2], [campo_3], [ext]) VALUES (1014, 1, 14, N'51', N'456', N'789', N'89', N'45')
GO
INSERT [PERSONA].[TELEFONO] ([id_telefono], [tipo_telefono], [id_persona], [codigo_pais], [campo_1], [campo_2], [campo_3], [ext]) VALUES (1016, 2, 45, N'51', N'997', N'050', N'988', N'')
GO
SET IDENTITY_INSERT [PERSONA].[TELEFONO] OFF
GO
SET IDENTITY_INSERT [PERSONA].[TELEFONOS_TIPOS] ON 
GO
INSERT [PERSONA].[TELEFONOS_TIPOS] ([tipo_telefono], [nombre_telefono]) VALUES (1, N'PERSONAL')
GO
INSERT [PERSONA].[TELEFONOS_TIPOS] ([tipo_telefono], [nombre_telefono]) VALUES (2, N'OFICINA')
GO
INSERT [PERSONA].[TELEFONOS_TIPOS] ([tipo_telefono], [nombre_telefono]) VALUES (3, N'CELULAR')
GO
INSERT [PERSONA].[TELEFONOS_TIPOS] ([tipo_telefono], [nombre_telefono]) VALUES (4, N'SECRETARIA')
GO
INSERT [PERSONA].[TELEFONOS_TIPOS] ([tipo_telefono], [nombre_telefono]) VALUES (5, N'ASISTENTE')
GO
INSERT [PERSONA].[TELEFONOS_TIPOS] ([tipo_telefono], [nombre_telefono]) VALUES (6, N'RECEPCION')
GO
INSERT [PERSONA].[TELEFONOS_TIPOS] ([tipo_telefono], [nombre_telefono]) VALUES (7, N'ENCARGADO')
GO
SET IDENTITY_INSERT [PERSONA].[TELEFONOS_TIPOS] OFF
GO
SET IDENTITY_INSERT [PROYECTO].[DIRECTORIO] ON 
GO
INSERT [PROYECTO].[DIRECTORIO] ([id_directorio], [id_proyecto]) VALUES (1, 1)
GO
INSERT [PROYECTO].[DIRECTORIO] ([id_directorio], [id_proyecto]) VALUES (2, 2)
GO
INSERT [PROYECTO].[DIRECTORIO] ([id_directorio], [id_proyecto]) VALUES (3, 3)
GO
INSERT [PROYECTO].[DIRECTORIO] ([id_directorio], [id_proyecto]) VALUES (4, 4)
GO
SET IDENTITY_INSERT [PROYECTO].[DIRECTORIO] OFF
GO
SET IDENTITY_INSERT [PROYECTO].[DIVISION] ON 
GO
INSERT [PROYECTO].[DIVISION] ([id_division], [nombre_division]) VALUES (1, N'SPAS')
GO
INSERT [PROYECTO].[DIVISION] ([id_division], [nombre_division]) VALUES (2, N'PISCINAS')
GO
INSERT [PROYECTO].[DIVISION] ([id_division], [nombre_division]) VALUES (3, N'LAGGUNAS')
GO
INSERT [PROYECTO].[DIVISION] ([id_division], [nombre_division]) VALUES (4, N'ACABADOS')
GO
SET IDENTITY_INSERT [PROYECTO].[DIVISION] OFF
GO
SET IDENTITY_INSERT [PROYECTO].[PROYECTO] ON 
GO
INSERT [PROYECTO].[PROYECTO] ([id_proyecto], [id_cliente], [id_division], [nom_proyecto], [dir_proyecto], [fecha_inicio], [fecha_fin]) VALUES (1, 14, 2, N'COLEGIO 95', N'Av. Los Angeles', CAST(N'2015-04-05' AS Date), CAST(N'2016-04-07' AS Date))
GO
INSERT [PROYECTO].[PROYECTO] ([id_proyecto], [id_cliente], [id_division], [nom_proyecto], [dir_proyecto], [fecha_inicio], [fecha_fin]) VALUES (2, 15, 2, N'PLAYA ASIA', N'Km. 101.2', CAST(N'2015-04-08' AS Date), CAST(N'2018-11-24' AS Date))
GO
INSERT [PROYECTO].[PROYECTO] ([id_proyecto], [id_cliente], [id_division], [nom_proyecto], [dir_proyecto], [fecha_inicio], [fecha_fin]) VALUES (3, 15, 3, N'LAGUNA GRANDE', N'Norte del pueblo ', CAST(N'2018-02-04' AS Date), CAST(N'2020-12-02' AS Date))
GO
INSERT [PROYECTO].[PROYECTO] ([id_proyecto], [id_cliente], [id_division], [nom_proyecto], [dir_proyecto], [fecha_inicio], [fecha_fin]) VALUES (4, 16, 3, N'LAGUNA Chica 2', N'Sur del pueblo', CAST(N'2018-01-15' AS Date), CAST(N'2019-12-18' AS Date))
GO
INSERT [PROYECTO].[PROYECTO] ([id_proyecto], [id_cliente], [id_division], [nom_proyecto], [dir_proyecto], [fecha_inicio], [fecha_fin]) VALUES (6, 15, 1, N'Casa de Playa', N'Asia km. 98', CAST(N'2019-04-02' AS Date), CAST(N'2020-04-02' AS Date))
GO
INSERT [PROYECTO].[PROYECTO] ([id_proyecto], [id_cliente], [id_division], [nom_proyecto], [dir_proyecto], [fecha_inicio], [fecha_fin]) VALUES (7, 14, 4, N'Departamento Grange', N'Chacarilla', CAST(N'2016-05-06' AS Date), CAST(N'2017-02-21' AS Date))
GO
INSERT [PROYECTO].[PROYECTO] ([id_proyecto], [id_cliente], [id_division], [nom_proyecto], [dir_proyecto], [fecha_inicio], [fecha_fin]) VALUES (8, 16, 1, N'Torre Barcelona', N'San Isidro', CAST(N'2016-09-12' AS Date), CAST(N'2016-12-24' AS Date))
GO
INSERT [PROYECTO].[PROYECTO] ([id_proyecto], [id_cliente], [id_division], [nom_proyecto], [dir_proyecto], [fecha_inicio], [fecha_fin]) VALUES (9, 15, 4, N'Casa de Campo', N'Pachacamac', CAST(N'2016-05-01' AS Date), CAST(N'2016-09-30' AS Date))
GO
SET IDENTITY_INSERT [PROYECTO].[PROYECTO] OFF
GO
SET IDENTITY_INSERT [VENTA].[DESPACHO] ON 
GO
INSERT [VENTA].[DESPACHO] ([id_despacho], [id_venta], [aprobado_por], [fecha_de_creacion], [fecha_de_salida], [id_encargado], [placa_cargador], [direccion_de_envio]) VALUES (1, 1, 1, CAST(N'2018-12-21T00:00:00.000' AS DateTime), CAST(N'2018-12-22T00:00:00.000' AS DateTime), 7, N'SFE214', 1)
GO
INSERT [VENTA].[DESPACHO] ([id_despacho], [id_venta], [aprobado_por], [fecha_de_creacion], [fecha_de_salida], [id_encargado], [placa_cargador], [direccion_de_envio]) VALUES (2, 2, 2, CAST(N'2019-01-07T00:00:00.000' AS DateTime), CAST(N'2019-01-09T00:00:00.000' AS DateTime), 7, N'SFE214', 2)
GO
INSERT [VENTA].[DESPACHO] ([id_despacho], [id_venta], [aprobado_por], [fecha_de_creacion], [fecha_de_salida], [id_encargado], [placa_cargador], [direccion_de_envio]) VALUES (3, 3, 2, CAST(N'2019-05-06T00:00:00.000' AS DateTime), CAST(N'2019-05-07T00:00:00.000' AS DateTime), 5, N'D4S145', 3)
GO
SET IDENTITY_INSERT [VENTA].[DESPACHO] OFF
GO
INSERT [VENTA].[DETALLE_DE_ORDEN] ([id_orden], [id_detalle_orden], [id_item], [cantidad], [precio_unitario], [descuento_unitario_prcnt], [precio_total_unidades]) VALUES (1, N'11b28ed7-2363-417f-ba75-4deeaa851805', 1, 2, 7866.0000, 0.0000, 7866.0000)
GO
INSERT [VENTA].[DETALLE_DE_ORDEN] ([id_orden], [id_detalle_orden], [id_item], [cantidad], [precio_unitario], [descuento_unitario_prcnt], [precio_total_unidades]) VALUES (1, N'28642494-7952-459c-a9a3-78fa54d1c290', 2, 1, 786.0000, 0.0000, 786.0000)
GO
INSERT [VENTA].[DETALLE_DE_ORDEN] ([id_orden], [id_detalle_orden], [id_item], [cantidad], [precio_unitario], [descuento_unitario_prcnt], [precio_total_unidades]) VALUES (1, N'd5d44f5a-7799-447f-9cbc-f108e9cfa1b7', 1, 2, 35.0000, 0.0000, 70.0000)
GO
INSERT [VENTA].[DETALLE_DE_ORDEN] ([id_orden], [id_detalle_orden], [id_item], [cantidad], [precio_unitario], [descuento_unitario_prcnt], [precio_total_unidades]) VALUES (1, N'08387d26-5c4a-4f54-8828-fe14bda7cead', 3, 1, 752.0000, 0.0000, 752.0000)
GO
INSERT [VENTA].[DETALLE_DE_ORDEN] ([id_orden], [id_detalle_orden], [id_item], [cantidad], [precio_unitario], [descuento_unitario_prcnt], [precio_total_unidades]) VALUES (2, N'cf378a9e-6880-45a3-aa99-26e5d07cf6bf', 2, 1, 786.0000, 0.0000, 786.0000)
GO
INSERT [VENTA].[DETALLE_DE_ORDEN] ([id_orden], [id_detalle_orden], [id_item], [cantidad], [precio_unitario], [descuento_unitario_prcnt], [precio_total_unidades]) VALUES (2, N'd0e855b6-5239-4be6-b116-75524a431eff', 1, 1, 786.0000, 0.0000, 786.0000)
GO
INSERT [VENTA].[DETALLE_DE_ORDEN] ([id_orden], [id_detalle_orden], [id_item], [cantidad], [precio_unitario], [descuento_unitario_prcnt], [precio_total_unidades]) VALUES (2, N'5e49c6c7-bc24-4134-861e-8b08be6facdc', 3, 1, 44567.0000, 0.0000, 44567.0000)
GO
INSERT [VENTA].[DETALLE_DE_ORDEN] ([id_orden], [id_detalle_orden], [id_item], [cantidad], [precio_unitario], [descuento_unitario_prcnt], [precio_total_unidades]) VALUES (3, N'2b46951a-3908-41ae-82c9-18bea4da5a04', 3, 1, 456.0000, 0.0000, 456.0000)
GO
INSERT [VENTA].[DETALLE_DE_ORDEN] ([id_orden], [id_detalle_orden], [id_item], [cantidad], [precio_unitario], [descuento_unitario_prcnt], [precio_total_unidades]) VALUES (3, N'817d7d87-6e6e-4d79-934e-7b3b4cd616ef', 2, 1, 786.0000, 0.0000, 786.0000)
GO
INSERT [VENTA].[DETALLE_DE_ORDEN] ([id_orden], [id_detalle_orden], [id_item], [cantidad], [precio_unitario], [descuento_unitario_prcnt], [precio_total_unidades]) VALUES (3, N'6ff6b844-26fe-4886-bcdc-ece368c0bcd0', 1, 1, 78.0000, 0.0000, 78.0000)
GO
SET IDENTITY_INSERT [VENTA].[ORDEN] ON 
GO
INSERT [VENTA].[ORDEN] ([id_orden], [id_proyecto], [id_cliente], [id_vendedor], [factura], [notas], [sub_total], [total_igv], [total_venta]) VALUES (1, 1, 15, 5, 1, N'', 100.0000, 18.0000, 118.0000)
GO
INSERT [VENTA].[ORDEN] ([id_orden], [id_proyecto], [id_cliente], [id_vendedor], [factura], [notas], [sub_total], [total_igv], [total_venta]) VALUES (2, 2, 14, 7, 0, N'SE APLICO UN DESCUENTO DEL 5%', 1000.0000, 118.0000, 1118.0000)
GO
INSERT [VENTA].[ORDEN] ([id_orden], [id_proyecto], [id_cliente], [id_vendedor], [factura], [notas], [sub_total], [total_igv], [total_venta]) VALUES (3, 4, 16, 7, 1, N'DESCUENTO ESPCIAL DEL 3%', 100000.0000, 18000.0000, 118000.0000)
GO
SET IDENTITY_INSERT [VENTA].[ORDEN] OFF
GO
ALTER TABLE [DOCUMENTO].[COTIZACION]  WITH CHECK ADD  CONSTRAINT [COTIZACION_di527283222989059352] FOREIGN KEY([id_encargado])
REFERENCES [PERSONA].[EMPLEADO] ([id_persona])
GO
ALTER TABLE [DOCUMENTO].[COTIZACION] CHECK CONSTRAINT [COTIZACION_di527283222989059352]
GO
ALTER TABLE [DOCUMENTO].[COTIZACION]  WITH CHECK ADD  CONSTRAINT [COTIZACION_di561580577516492498] FOREIGN KEY([enviar_a])
REFERENCES [PERSONA].[PERSONA_DE_INTERES] ([id_persona])
GO
ALTER TABLE [DOCUMENTO].[COTIZACION] CHECK CONSTRAINT [COTIZACION_di561580577516492498]
GO
ALTER TABLE [DOCUMENTO].[COTIZACION]  WITH CHECK ADD  CONSTRAINT [COTIZACION_di826089389863905915] FOREIGN KEY([id_aprobado_por])
REFERENCES [PERSONA].[EMPLEADO] ([id_persona])
GO
ALTER TABLE [DOCUMENTO].[COTIZACION] CHECK CONSTRAINT [COTIZACION_di826089389863905915]
GO
ALTER TABLE [DOCUMENTO].[COTIZACION]  WITH CHECK ADD  CONSTRAINT [COTIZACION_di925073086564487159] FOREIGN KEY([id_documento])
REFERENCES [DOCUMENTO].[ID_DOCUMENTO] ([id_documento])
GO
ALTER TABLE [DOCUMENTO].[COTIZACION] CHECK CONSTRAINT [COTIZACION_di925073086564487159]
GO
ALTER TABLE [DOCUMENTO].[COTIZACION]  WITH CHECK ADD  CONSTRAINT [COTIZACION_di932818648271472126] FOREIGN KEY([id_proyecto])
REFERENCES [PROYECTO].[PROYECTO] ([id_proyecto])
GO
ALTER TABLE [DOCUMENTO].[COTIZACION] CHECK CONSTRAINT [COTIZACION_di932818648271472126]
GO
ALTER TABLE [DOCUMENTO].[DETALLE_COTIZACION]  WITH CHECK ADD  CONSTRAINT [DETALLE_COTIZACION_di341715108719625729] FOREIGN KEY([id_item])
REFERENCES [INVENTARIO].[ARTICULO] ([id_item])
GO
ALTER TABLE [DOCUMENTO].[DETALLE_COTIZACION] CHECK CONSTRAINT [DETALLE_COTIZACION_di341715108719625729]
GO
ALTER TABLE [DOCUMENTO].[DETALLE_COTIZACION]  WITH CHECK ADD  CONSTRAINT [DETALLE_COTIZACION_di865224565163495643] FOREIGN KEY([id_cotizacion])
REFERENCES [DOCUMENTO].[COTIZACION] ([id_documento])
GO
ALTER TABLE [DOCUMENTO].[DETALLE_COTIZACION] CHECK CONSTRAINT [DETALLE_COTIZACION_di865224565163495643]
GO
ALTER TABLE [DOCUMENTO].[DETALLE_LISTA_DE_MATERIALES]  WITH CHECK ADD  CONSTRAINT [DETALLE_LISTA_DE_MATERIALES_di620480967326311137] FOREIGN KEY([id_item])
REFERENCES [INVENTARIO].[ARTICULO] ([id_item])
GO
ALTER TABLE [DOCUMENTO].[DETALLE_LISTA_DE_MATERIALES] CHECK CONSTRAINT [DETALLE_LISTA_DE_MATERIALES_di620480967326311137]
GO
ALTER TABLE [DOCUMENTO].[DETALLE_LISTA_DE_MATERIALES]  WITH CHECK ADD  CONSTRAINT [DETALLE_LISTA_DE_MATERIALES_di871262818813130867] FOREIGN KEY([id_lista])
REFERENCES [DOCUMENTO].[LISTA_DE_MATERIALES] ([id_documento])
GO
ALTER TABLE [DOCUMENTO].[DETALLE_LISTA_DE_MATERIALES] CHECK CONSTRAINT [DETALLE_LISTA_DE_MATERIALES_di871262818813130867]
GO
ALTER TABLE [DOCUMENTO].[ENTREGA_FINAL]  WITH CHECK ADD  CONSTRAINT [ENTREGA_FINAL_di232325976733134302] FOREIGN KEY([id_documento])
REFERENCES [DOCUMENTO].[ID_DOCUMENTO] ([id_documento])
GO
ALTER TABLE [DOCUMENTO].[ENTREGA_FINAL] CHECK CONSTRAINT [ENTREGA_FINAL_di232325976733134302]
GO
ALTER TABLE [DOCUMENTO].[ENTREGA_FINAL]  WITH CHECK ADD  CONSTRAINT [ENTREGA_FINAL_di912308838621409104] FOREIGN KEY([id_encargado])
REFERENCES [PERSONA].[EMPLEADO] ([id_persona])
GO
ALTER TABLE [DOCUMENTO].[ENTREGA_FINAL] CHECK CONSTRAINT [ENTREGA_FINAL_di912308838621409104]
GO
ALTER TABLE [DOCUMENTO].[ENTREGA_FINAL]  WITH CHECK ADD  CONSTRAINT [ENTREGA_FINAL_di989182102208165609] FOREIGN KEY([id_proyecto])
REFERENCES [PROYECTO].[PROYECTO] ([id_proyecto])
GO
ALTER TABLE [DOCUMENTO].[ENTREGA_FINAL] CHECK CONSTRAINT [ENTREGA_FINAL_di989182102208165609]
GO
ALTER TABLE [DOCUMENTO].[LISTA_DE_MATERIALES]  WITH CHECK ADD  CONSTRAINT [LISTA_DE_MATERIALES_di122266009530568783] FOREIGN KEY([aprobado_por])
REFERENCES [PERSONA].[EMPLEADO] ([id_persona])
GO
ALTER TABLE [DOCUMENTO].[LISTA_DE_MATERIALES] CHECK CONSTRAINT [LISTA_DE_MATERIALES_di122266009530568783]
GO
ALTER TABLE [DOCUMENTO].[LISTA_DE_MATERIALES]  WITH CHECK ADD  CONSTRAINT [LISTA_DE_MATERIALES_di356423893142742785] FOREIGN KEY([proyecto])
REFERENCES [PROYECTO].[PROYECTO] ([id_proyecto])
GO
ALTER TABLE [DOCUMENTO].[LISTA_DE_MATERIALES] CHECK CONSTRAINT [LISTA_DE_MATERIALES_di356423893142742785]
GO
ALTER TABLE [DOCUMENTO].[LISTA_DE_MATERIALES]  WITH CHECK ADD  CONSTRAINT [LISTA_DE_MATERIALES_di459108084830863290] FOREIGN KEY([id_documento])
REFERENCES [DOCUMENTO].[ID_DOCUMENTO] ([id_documento])
GO
ALTER TABLE [DOCUMENTO].[LISTA_DE_MATERIALES] CHECK CONSTRAINT [LISTA_DE_MATERIALES_di459108084830863290]
GO
ALTER TABLE [DOCUMENTO].[LISTA_DE_MATERIALES]  WITH CHECK ADD  CONSTRAINT [LISTA_DE_MATERIALES_di504009126374334919] FOREIGN KEY([pedido_por])
REFERENCES [PERSONA].[EMPLEADO] ([id_persona])
GO
ALTER TABLE [DOCUMENTO].[LISTA_DE_MATERIALES] CHECK CONSTRAINT [LISTA_DE_MATERIALES_di504009126374334919]
GO
ALTER TABLE [DOCUMENTO].[LISTA_DE_MATERIALES]  WITH CHECK ADD  CONSTRAINT [LISTA_DE_MATERIALES_di899256113539797941] FOREIGN KEY([ingresado_por])
REFERENCES [PERSONA].[EMPLEADO] ([id_persona])
GO
ALTER TABLE [DOCUMENTO].[LISTA_DE_MATERIALES] CHECK CONSTRAINT [LISTA_DE_MATERIALES_di899256113539797941]
GO
ALTER TABLE [DOCUMENTO].[PLANO]  WITH CHECK ADD  CONSTRAINT [PLANO_di150313997730711592] FOREIGN KEY([id_documento])
REFERENCES [DOCUMENTO].[ID_DOCUMENTO] ([id_documento])
GO
ALTER TABLE [DOCUMENTO].[PLANO] CHECK CONSTRAINT [PLANO_di150313997730711592]
GO
ALTER TABLE [DOCUMENTO].[PLANO]  WITH CHECK ADD  CONSTRAINT [PLANO_di160748587571084080] FOREIGN KEY([revisado_por])
REFERENCES [PERSONA].[EMPLEADO] ([id_persona])
GO
ALTER TABLE [DOCUMENTO].[PLANO] CHECK CONSTRAINT [PLANO_di160748587571084080]
GO
ALTER TABLE [DOCUMENTO].[PLANO]  WITH CHECK ADD  CONSTRAINT [PLANO_di283300470603920993] FOREIGN KEY([id_proyecto])
REFERENCES [PROYECTO].[PROYECTO] ([id_proyecto])
GO
ALTER TABLE [DOCUMENTO].[PLANO] CHECK CONSTRAINT [PLANO_di283300470603920993]
GO
ALTER TABLE [DOCUMENTO].[PLANO]  WITH CHECK ADD  CONSTRAINT [PLANO_di318664632775687620] FOREIGN KEY([tipo_plano])
REFERENCES [DOCUMENTO].[PLANO_TIPO] ([id_tipo_plano])
GO
ALTER TABLE [DOCUMENTO].[PLANO] CHECK CONSTRAINT [PLANO_di318664632775687620]
GO
ALTER TABLE [DOCUMENTO].[PLANO]  WITH CHECK ADD  CONSTRAINT [PLANO_di758866760134338666] FOREIGN KEY([dibujado_por])
REFERENCES [PERSONA].[EMPLEADO] ([id_persona])
GO
ALTER TABLE [DOCUMENTO].[PLANO] CHECK CONSTRAINT [PLANO_di758866760134338666]
GO
ALTER TABLE [DOCUMENTO].[REPORTE_SUPERVISION]  WITH CHECK ADD  CONSTRAINT [REPORTE_SUPERVISION_di229658545525039104] FOREIGN KEY([id_supervisor])
REFERENCES [PERSONA].[EMPLEADO] ([id_persona])
GO
ALTER TABLE [DOCUMENTO].[REPORTE_SUPERVISION] CHECK CONSTRAINT [REPORTE_SUPERVISION_di229658545525039104]
GO
ALTER TABLE [DOCUMENTO].[REPORTE_SUPERVISION]  WITH CHECK ADD  CONSTRAINT [REPORTE_SUPERVISION_di238825044680444810] FOREIGN KEY([id_documento])
REFERENCES [DOCUMENTO].[ID_DOCUMENTO] ([id_documento])
GO
ALTER TABLE [DOCUMENTO].[REPORTE_SUPERVISION] CHECK CONSTRAINT [REPORTE_SUPERVISION_di238825044680444810]
GO
ALTER TABLE [DOCUMENTO].[REPORTE_SUPERVISION]  WITH CHECK ADD  CONSTRAINT [REPORTE_SUPERVISION_di664973131199273109] FOREIGN KEY([id_proyecto])
REFERENCES [PROYECTO].[PROYECTO] ([id_proyecto])
GO
ALTER TABLE [DOCUMENTO].[REPORTE_SUPERVISION] CHECK CONSTRAINT [REPORTE_SUPERVISION_di664973131199273109]
GO
ALTER TABLE [DOCUMENTO].[REPORTE_TECNICO]  WITH CHECK ADD  CONSTRAINT [REPORTE_TECNICO_di134621380803137180] FOREIGN KEY([id_proyecto])
REFERENCES [PROYECTO].[PROYECTO] ([id_proyecto])
GO
ALTER TABLE [DOCUMENTO].[REPORTE_TECNICO] CHECK CONSTRAINT [REPORTE_TECNICO_di134621380803137180]
GO
ALTER TABLE [DOCUMENTO].[REPORTE_TECNICO]  WITH CHECK ADD  CONSTRAINT [REPORTE_TECNICO_di400980956978067312] FOREIGN KEY([id_tecnico])
REFERENCES [PERSONA].[EMPLEADO] ([id_persona])
GO
ALTER TABLE [DOCUMENTO].[REPORTE_TECNICO] CHECK CONSTRAINT [REPORTE_TECNICO_di400980956978067312]
GO
ALTER TABLE [DOCUMENTO].[REPORTE_TECNICO]  WITH CHECK ADD  CONSTRAINT [REPORTE_TECNICO_di799794221774272777] FOREIGN KEY([id_documento])
REFERENCES [DOCUMENTO].[ID_DOCUMENTO] ([id_documento])
GO
ALTER TABLE [DOCUMENTO].[REPORTE_TECNICO] CHECK CONSTRAINT [REPORTE_TECNICO_di799794221774272777]
GO
ALTER TABLE [INVENTARIO].[ARTICULO]  WITH CHECK ADD  CONSTRAINT [ARTICULO_di371848229937178812] FOREIGN KEY([id_proveedor])
REFERENCES [INVENTARIO].[PROVEEDOR] ([id_proveedor])
GO
ALTER TABLE [INVENTARIO].[ARTICULO] CHECK CONSTRAINT [ARTICULO_di371848229937178812]
GO
ALTER TABLE [INVENTARIO].[PROVEEDOR]  WITH CHECK ADD  CONSTRAINT [PROVEEDOR_di216337644696775146] FOREIGN KEY([especialidad_proveedor])
REFERENCES [INVENTARIO].[ESPECIALIDADES_PROV] ([id_especialidad])
GO
ALTER TABLE [INVENTARIO].[PROVEEDOR] CHECK CONSTRAINT [PROVEEDOR_di216337644696775146]
GO
ALTER TABLE [INVENTARIO].[PROVEEDOR]  WITH CHECK ADD  CONSTRAINT [PROVEEDOR_di792057185871974458] FOREIGN KEY([pais_proveedor])
REFERENCES [PERSONA].[DIRECCION_PAIS] ([id_pais])
GO
ALTER TABLE [INVENTARIO].[PROVEEDOR] CHECK CONSTRAINT [PROVEEDOR_di792057185871974458]
GO
ALTER TABLE [MARKETING].[ENVIO]  WITH CHECK ADD  CONSTRAINT [ENVIO_di151743796640637477] FOREIGN KEY([id_recividor])
REFERENCES [PERSONA].[CLIENTE] ([id_persona])
GO
ALTER TABLE [MARKETING].[ENVIO] CHECK CONSTRAINT [ENVIO_di151743796640637477]
GO
ALTER TABLE [MARKETING].[ENVIO]  WITH CHECK ADD  CONSTRAINT [ENVIO_di185213348618027480] FOREIGN KEY([id_ficha_marketing])
REFERENCES [MARKETING].[FICHA_MARKETING] ([id_ficha_marketing])
GO
ALTER TABLE [MARKETING].[ENVIO] CHECK CONSTRAINT [ENVIO_di185213348618027480]
GO
ALTER TABLE [MARKETING].[ENVIO]  WITH CHECK ADD  CONSTRAINT [ENVIO_di229384428341546681] FOREIGN KEY([presentacion_enviada])
REFERENCES [MARKETING].[ENVIABLE] ([id_presentacion])
GO
ALTER TABLE [MARKETING].[ENVIO] CHECK CONSTRAINT [ENVIO_di229384428341546681]
GO
ALTER TABLE [MARKETING].[ENVIO]  WITH CHECK ADD  CONSTRAINT [ENVIO_di305833549719105994] FOREIGN KEY([id_enviador])
REFERENCES [PERSONA].[EMPLEADO] ([id_persona])
GO
ALTER TABLE [MARKETING].[ENVIO] CHECK CONSTRAINT [ENVIO_di305833549719105994]
GO
ALTER TABLE [MARKETING].[FICHA_MARKETING]  WITH CHECK ADD  CONSTRAINT [FICHA_MARKETING_di558791770601873246] FOREIGN KEY([forma_contacto_inical])
REFERENCES [MARKETING].[CONTACTO_INICIAL] ([id_contacto])
GO
ALTER TABLE [MARKETING].[FICHA_MARKETING] CHECK CONSTRAINT [FICHA_MARKETING_di558791770601873246]
GO
ALTER TABLE [MARKETING].[FICHA_MARKETING]  WITH CHECK ADD  CONSTRAINT [FICHA_MARKETING_di703894815826762622] FOREIGN KEY([primer_interes])
REFERENCES [MARKETING].[PRIMER_INTERES] ([id_interes])
GO
ALTER TABLE [MARKETING].[FICHA_MARKETING] CHECK CONSTRAINT [FICHA_MARKETING_di703894815826762622]
GO
ALTER TABLE [MARKETING].[FICHA_MARKETING]  WITH CHECK ADD  CONSTRAINT [FICHA_MARKETING_di974271713885604592] FOREIGN KEY([id_persona_fuente])
REFERENCES [PERSONA].[EMPLEADO] ([id_persona])
GO
ALTER TABLE [MARKETING].[FICHA_MARKETING] CHECK CONSTRAINT [FICHA_MARKETING_di974271713885604592]
GO
ALTER TABLE [PERSONA].[CLIENTE]  WITH CHECK ADD  CONSTRAINT [CLIENTE_di580034509590523878] FOREIGN KEY([id_persona])
REFERENCES [PERSONA].[ID_PERSONA] ([id_persona])
GO
ALTER TABLE [PERSONA].[CLIENTE] CHECK CONSTRAINT [CLIENTE_di580034509590523878]
GO
ALTER TABLE [PERSONA].[CLIENTE]  WITH CHECK ADD  CONSTRAINT [CLIENTE_di897762240761601750] FOREIGN KEY([marketing])
REFERENCES [MARKETING].[FICHA_MARKETING] ([id_ficha_marketing])
GO
ALTER TABLE [PERSONA].[CLIENTE] CHECK CONSTRAINT [CLIENTE_di897762240761601750]
GO
ALTER TABLE [PERSONA].[CREDENTIAL]  WITH CHECK ADD  CONSTRAINT [CREDENTIAL_di812942026340741390] FOREIGN KEY([empleado])
REFERENCES [PERSONA].[EMPLEADO] ([id_persona])
GO
ALTER TABLE [PERSONA].[CREDENTIAL] CHECK CONSTRAINT [CREDENTIAL_di812942026340741390]
GO
ALTER TABLE [PERSONA].[DIRECCION]  WITH CHECK ADD  CONSTRAINT [DIRECCION_di322641349176215728] FOREIGN KEY([dir_distrito])
REFERENCES [PERSONA].[DIRECCION_DISTRITO] ([id_distrito])
GO
ALTER TABLE [PERSONA].[DIRECCION] CHECK CONSTRAINT [DIRECCION_di322641349176215728]
GO
ALTER TABLE [PERSONA].[DIRECCION]  WITH CHECK ADD  CONSTRAINT [DIRECCION_di533926506708651582] FOREIGN KEY([id_persona])
REFERENCES [PERSONA].[ID_PERSONA] ([id_persona])
GO
ALTER TABLE [PERSONA].[DIRECCION] CHECK CONSTRAINT [DIRECCION_di533926506708651582]
GO
ALTER TABLE [PERSONA].[DIRECCION]  WITH CHECK ADD  CONSTRAINT [DIRECCION_di575959424627584793] FOREIGN KEY([tipo_direccion])
REFERENCES [PERSONA].[DIRECCION_TIPOS] ([tipo_direccion])
GO
ALTER TABLE [PERSONA].[DIRECCION] CHECK CONSTRAINT [DIRECCION_di575959424627584793]
GO
ALTER TABLE [PERSONA].[DIRECCION]  WITH CHECK ADD  CONSTRAINT [DIRECCION_di692604909171146033] FOREIGN KEY([dir_ciudad])
REFERENCES [PERSONA].[DIRECCION_CIUDAD] ([id_ciudad])
GO
ALTER TABLE [PERSONA].[DIRECCION] CHECK CONSTRAINT [DIRECCION_di692604909171146033]
GO
ALTER TABLE [PERSONA].[DIRECCION]  WITH CHECK ADD  CONSTRAINT [DIRECCION_di718307637173077244] FOREIGN KEY([dir_provincia])
REFERENCES [PERSONA].[DIRECCION_REGION] ([id_region])
GO
ALTER TABLE [PERSONA].[DIRECCION] CHECK CONSTRAINT [DIRECCION_di718307637173077244]
GO
ALTER TABLE [PERSONA].[DIRECCION]  WITH CHECK ADD  CONSTRAINT [DIRECCION_di902807976822553035] FOREIGN KEY([dir_pais])
REFERENCES [PERSONA].[DIRECCION_PAIS] ([id_pais])
GO
ALTER TABLE [PERSONA].[DIRECCION] CHECK CONSTRAINT [DIRECCION_di902807976822553035]
GO
ALTER TABLE [PERSONA].[DIRECCION_CIUDAD]  WITH CHECK ADD  CONSTRAINT [DIRECCION_CIUDAD_di761482365400676984] FOREIGN KEY([id_region])
REFERENCES [PERSONA].[DIRECCION_REGION] ([id_region])
GO
ALTER TABLE [PERSONA].[DIRECCION_CIUDAD] CHECK CONSTRAINT [DIRECCION_CIUDAD_di761482365400676984]
GO
ALTER TABLE [PERSONA].[DIRECCION_DISTRITO]  WITH CHECK ADD  CONSTRAINT [DIRECCION_DISTRITO_di109025777838528819] FOREIGN KEY([id_ciudad])
REFERENCES [PERSONA].[DIRECCION_CIUDAD] ([id_ciudad])
GO
ALTER TABLE [PERSONA].[DIRECCION_DISTRITO] CHECK CONSTRAINT [DIRECCION_DISTRITO_di109025777838528819]
GO
ALTER TABLE [PERSONA].[DIRECCION_REGION]  WITH CHECK ADD  CONSTRAINT [DIRECCION_REGION_di970857966258859341] FOREIGN KEY([id_pais])
REFERENCES [PERSONA].[DIRECCION_PAIS] ([id_pais])
GO
ALTER TABLE [PERSONA].[DIRECCION_REGION] CHECK CONSTRAINT [DIRECCION_REGION_di970857966258859341]
GO
ALTER TABLE [PERSONA].[EMAIL]  WITH CHECK ADD  CONSTRAINT [EMAIL_di698457102724219721] FOREIGN KEY([tipo_email])
REFERENCES [PERSONA].[EMAIL_TIPOS] ([tipo_email])
GO
ALTER TABLE [PERSONA].[EMAIL] CHECK CONSTRAINT [EMAIL_di698457102724219721]
GO
ALTER TABLE [PERSONA].[EMAIL]  WITH CHECK ADD  CONSTRAINT [EMAIL_di964249562258136287] FOREIGN KEY([id_persona])
REFERENCES [PERSONA].[ID_PERSONA] ([id_persona])
GO
ALTER TABLE [PERSONA].[EMAIL] CHECK CONSTRAINT [EMAIL_di964249562258136287]
GO
ALTER TABLE [PERSONA].[EMPLEADO]  WITH CHECK ADD  CONSTRAINT [EMPLEADO_di791796687138877387] FOREIGN KEY([puesto_empleado])
REFERENCES [PERSONA].[PUESTO] ([id_puesto])
GO
ALTER TABLE [PERSONA].[EMPLEADO] CHECK CONSTRAINT [EMPLEADO_di791796687138877387]
GO
ALTER TABLE [PERSONA].[EMPLEADO]  WITH CHECK ADD  CONSTRAINT [EMPLEADO_di896042515299275493] FOREIGN KEY([id_persona])
REFERENCES [PERSONA].[ID_PERSONA] ([id_persona])
GO
ALTER TABLE [PERSONA].[EMPLEADO] CHECK CONSTRAINT [EMPLEADO_di896042515299275493]
GO
ALTER TABLE [PERSONA].[PERSONA_DE_INTERES]  WITH CHECK ADD  CONSTRAINT [PERSONA_DE_INTERES_di148671106597373809] FOREIGN KEY([id_directorio])
REFERENCES [PROYECTO].[DIRECTORIO] ([id_directorio])
GO
ALTER TABLE [PERSONA].[PERSONA_DE_INTERES] CHECK CONSTRAINT [PERSONA_DE_INTERES_di148671106597373809]
GO
ALTER TABLE [PERSONA].[PERSONA_DE_INTERES]  WITH CHECK ADD  CONSTRAINT [PERSONA_DE_INTERES_di170282498324153899] FOREIGN KEY([id_persona])
REFERENCES [PERSONA].[ID_PERSONA] ([id_persona])
GO
ALTER TABLE [PERSONA].[PERSONA_DE_INTERES] CHECK CONSTRAINT [PERSONA_DE_INTERES_di170282498324153899]
GO
ALTER TABLE [PERSONA].[PERSONA_DE_INTERES]  WITH CHECK ADD  CONSTRAINT [PERSONA_DE_INTERES_di246043275935061584] FOREIGN KEY([id_proyecto])
REFERENCES [PROYECTO].[PROYECTO] ([id_proyecto])
GO
ALTER TABLE [PERSONA].[PERSONA_DE_INTERES] CHECK CONSTRAINT [PERSONA_DE_INTERES_di246043275935061584]
GO
ALTER TABLE [PERSONA].[PERSONA_DE_INTERES]  WITH CHECK ADD  CONSTRAINT [PERSONA_DE_INTERES_di339265694402295726] FOREIGN KEY([puesto])
REFERENCES [PERSONA].[PUESTO] ([id_puesto])
GO
ALTER TABLE [PERSONA].[PERSONA_DE_INTERES] CHECK CONSTRAINT [PERSONA_DE_INTERES_di339265694402295726]
GO
ALTER TABLE [PERSONA].[SALARIO]  WITH CHECK ADD  CONSTRAINT [SALARIO_di849383795669487660] FOREIGN KEY([id_persona])
REFERENCES [PERSONA].[EMPLEADO] ([id_persona])
GO
ALTER TABLE [PERSONA].[SALARIO] CHECK CONSTRAINT [SALARIO_di849383795669487660]
GO
ALTER TABLE [PERSONA].[TELEFONO]  WITH CHECK ADD  CONSTRAINT [TELEFONO_di262330606658297437] FOREIGN KEY([id_persona])
REFERENCES [PERSONA].[ID_PERSONA] ([id_persona])
GO
ALTER TABLE [PERSONA].[TELEFONO] CHECK CONSTRAINT [TELEFONO_di262330606658297437]
GO
ALTER TABLE [PERSONA].[TELEFONO]  WITH CHECK ADD  CONSTRAINT [TELEFONO_di882707195823454925] FOREIGN KEY([tipo_telefono])
REFERENCES [PERSONA].[TELEFONOS_TIPOS] ([tipo_telefono])
GO
ALTER TABLE [PERSONA].[TELEFONO] CHECK CONSTRAINT [TELEFONO_di882707195823454925]
GO
ALTER TABLE [PROYECTO].[DIRECTORIO]  WITH CHECK ADD  CONSTRAINT [DIRECTORIO_di462804962183061365] FOREIGN KEY([id_proyecto])
REFERENCES [PROYECTO].[PROYECTO] ([id_proyecto])
GO
ALTER TABLE [PROYECTO].[DIRECTORIO] CHECK CONSTRAINT [DIRECTORIO_di462804962183061365]
GO
ALTER TABLE [PROYECTO].[PROYECTO]  WITH CHECK ADD  CONSTRAINT [PROYECTO_di735337664180052701] FOREIGN KEY([id_division])
REFERENCES [PROYECTO].[DIVISION] ([id_division])
GO
ALTER TABLE [PROYECTO].[PROYECTO] CHECK CONSTRAINT [PROYECTO_di735337664180052701]
GO
ALTER TABLE [PROYECTO].[PROYECTO]  WITH CHECK ADD  CONSTRAINT [PROYECTO_di848816132698684417] FOREIGN KEY([id_cliente])
REFERENCES [PERSONA].[CLIENTE] ([id_persona])
GO
ALTER TABLE [PROYECTO].[PROYECTO] CHECK CONSTRAINT [PROYECTO_di848816132698684417]
GO
ALTER TABLE [VENTA].[DESPACHO]  WITH CHECK ADD  CONSTRAINT [DESPACHO_di157285056340208552] FOREIGN KEY([id_encargado])
REFERENCES [PERSONA].[EMPLEADO] ([id_persona])
GO
ALTER TABLE [VENTA].[DESPACHO] CHECK CONSTRAINT [DESPACHO_di157285056340208552]
GO
ALTER TABLE [VENTA].[DESPACHO]  WITH CHECK ADD  CONSTRAINT [DESPACHO_di610469071181268578] FOREIGN KEY([direccion_de_envio])
REFERENCES [PERSONA].[DIRECCION] ([id_direccion])
GO
ALTER TABLE [VENTA].[DESPACHO] CHECK CONSTRAINT [DESPACHO_di610469071181268578]
GO
ALTER TABLE [VENTA].[DESPACHO]  WITH CHECK ADD  CONSTRAINT [DESPACHO_di629199499433237483] FOREIGN KEY([id_venta])
REFERENCES [VENTA].[ORDEN] ([id_orden])
GO
ALTER TABLE [VENTA].[DESPACHO] CHECK CONSTRAINT [DESPACHO_di629199499433237483]
GO
ALTER TABLE [VENTA].[DESPACHO]  WITH CHECK ADD  CONSTRAINT [DESPACHO_di928059870244286030] FOREIGN KEY([aprobado_por])
REFERENCES [PERSONA].[EMPLEADO] ([id_persona])
GO
ALTER TABLE [VENTA].[DESPACHO] CHECK CONSTRAINT [DESPACHO_di928059870244286030]
GO
ALTER TABLE [VENTA].[DETALLE_DE_ORDEN]  WITH CHECK ADD  CONSTRAINT [DETALLE_DE_ORDEN_di126842074331262795] FOREIGN KEY([id_orden])
REFERENCES [VENTA].[ORDEN] ([id_orden])
GO
ALTER TABLE [VENTA].[DETALLE_DE_ORDEN] CHECK CONSTRAINT [DETALLE_DE_ORDEN_di126842074331262795]
GO
ALTER TABLE [VENTA].[DETALLE_DE_ORDEN]  WITH CHECK ADD  CONSTRAINT [DETALLE_DE_ORDEN_di278699780666783552] FOREIGN KEY([id_item])
REFERENCES [INVENTARIO].[ARTICULO] ([id_item])
GO
ALTER TABLE [VENTA].[DETALLE_DE_ORDEN] CHECK CONSTRAINT [DETALLE_DE_ORDEN_di278699780666783552]
GO
ALTER TABLE [VENTA].[ORDEN]  WITH CHECK ADD  CONSTRAINT [ORDEN_di355072658339544472] FOREIGN KEY([id_vendedor])
REFERENCES [PERSONA].[EMPLEADO] ([id_persona])
GO
ALTER TABLE [VENTA].[ORDEN] CHECK CONSTRAINT [ORDEN_di355072658339544472]
GO
ALTER TABLE [VENTA].[ORDEN]  WITH CHECK ADD  CONSTRAINT [ORDEN_di515979697883047412] FOREIGN KEY([id_cliente])
REFERENCES [PERSONA].[CLIENTE] ([id_persona])
GO
ALTER TABLE [VENTA].[ORDEN] CHECK CONSTRAINT [ORDEN_di515979697883047412]
GO
ALTER TABLE [VENTA].[ORDEN]  WITH CHECK ADD  CONSTRAINT [ORDEN_di568623227228383235] FOREIGN KEY([id_proyecto])
REFERENCES [PROYECTO].[PROYECTO] ([id_proyecto])
GO
ALTER TABLE [VENTA].[ORDEN] CHECK CONSTRAINT [ORDEN_di568623227228383235]
GO
